component_id,lot_id,v_0h,i_0h,temp_0h,v_24h,i_24h,temp_24h,v_96h,i_96h,temp_96h,v_168h,i_168h,temp_168h,actual_failure_168h,delta_v_0_24,delta_i_0_24,delta_temp_0_24
CMP-0001,LOT_01,5.037522559790323,121.88112943278243,32.07344721701924,5.0345007647217,122.40669751341589,32.91532592084745,5.044248747359135,122.65078433514383,34.15502490827887,5.070056603430278,123.4397128621965,35.81711888642188,0,-0.003021795068622879,0.5255680806334624,0.8418787038282076
CMP-0002,LOT_08,4.957035376855838,120.737501568165,33.5616760987565,4.9758198798689115,121.22751638596775,34.46924491698387,4.975605936702852,122.09427878756996,35.19198017594947,4.98725332342565,122.05144961072364,36.89509226542655,0,0.018784503013073106,0.49001481780274503,0.907568818227368
CMP-0003,LOT_05,5.021541050150394,124.28329520174093,34.39037747542308,5.026418622859679,124.62054065609135,35.698367186710826,5.053353207250493,125.08635641879489,36.07828894822956,5.029928998545854,125.9458370500037,38.29297052367358,0,0.004877572709284905,0.3372454543504233,1.307989711287746
CMP-0004,LOT_01,4.941440241481873,121.08630853661039,34.001735439066955,4.95376185471254,121.60964569843854,35.11107973743146,4.976833286381763,122.17672436307095,36.25053651896741,4.975113436102318,122.75420539778354,37.616110318102294,0,0.012321613230667161,0.5233371618281524,1.1093442983645048
CMP-0005,LOT_05,4.97648136728536,118.72224430351332,34.587286623159976,5.001430780397704,119.04907808037467,36.071425800455714,4.986187733823467,119.44861257137893,36.952802333008215,5.033155227024889,120.4046913702711,38.706103588615655,0,0.024949413112343777,0.3268337768613492,1.484139177295738
CMP-0006,LOT_08,4.9768824103667715,121.71595176251431,34.71304351267758,4.763098094199876,127.44937733450735,39.333865083675164,4.5786829265932765,138.97250242770755,51.29111371621722,4.184582018029237,170.96632360769974,64.29856818858597,1,-0.21378431616689575,5.733425571993038,4.620821570997585
CMP-0007,LOT_05,4.966903702946667,119.27389230686985,34.427393159002506,4.964945306490777,119.87128680302698,35.192691988901146,4.975132718271692,120.51551080069875,36.21595757691612,4.998253008670233,120.82204406077227,36.854053339265825,0,-0.0019583964558904654,0.597394496157122,0.7652988298986401
CMP-0008,LOT_05,4.915633278302098,117.10577505515383,33.015950581468395,4.9156608100260835,117.68572990049852,33.563211053788365,4.919988371715492,118.57549838983434,34.18507906825765,4.950411121395425,118.21892106049357,35.39886100749426,0,2.753172398506365e-05,0.5799548453446874,0.5472604723199694
CMP-0009,LOT_01,5.04201540687287,116.54535915361531,35.65163546531878,5.054392762896192,116.92652916247594,35.928606538124555,5.0654747055119005,117.2676813497568,36.84494464380191,5.074829805806662,118.7274186081364,37.73712203614613,0,0.012377356023322683,0.3811700088606358,0.2769710728057717
CMP-0010,LOT_01,5.008963781747815,120.43999336794353,37.038781362860654,4.900719344043544,129.15373548624254,45.233735699689994,4.624425972390231,139.20085110868519,59.559816765081166,4.310188774193347,159.55982962228765,69.09746807191124,1,-0.10824443770427106,8.71374211829901,8.19495433682934
CMP-0011,LOT_03,4.949221045939623,120.62702769490039,36.257189851841574,4.979188354856541,121.70980018810185,37.46439456847957,4.9743452830560635,121.57018630388247,38.39825029965149,4.982929532950335,122.502121558012,38.97471712923172,0,0.0299673089169179,1.0827724932014604,1.207204716637996
CMP-0012,LOT_01,5.053299011539382,120.31409713489069,34.762047744441965,4.851516323898092,124.96473124548197,40.03258588083197,4.667146188746389,140.8778028617848,52.57553740941391,4.167192577939263,148.19695962415886,68.77276355789608,1,-0.20178268764129026,4.650634110591284,5.270538136390002
CMP-0013,LOT_10,4.963738696773213,124.25693946487033,33.76791998116342,4.85566315696003,130.45108510869628,41.16527950047479,4.668387805517994,144.63177065947684,49.46896531558321,4.087641371935548,155.3893196361568,56.83893879135972,1,-0.10807553981318296,6.194145643825948,7.397359519311365
CMP-0014,LOT_03,4.936103121284019,120.34517583544424,37.368636884615654,4.947703037419754,120.82144817022225,38.51154995441693,4.977293063545357,121.38726292063141,39.10608633900006,4.989828811620952,122.03582638945306,41.74015474801372,0,0.011599916135734745,0.47627233477801667,1.1429130698012742
CMP-0015,LOT_04,4.9315920400377165,123.3018558644625,37.585498581174946,4.939796847904891,123.72521840023529,39.31622072729605,4.933191162674238,123.95680029454854,40.43788412464057,4.951904745447699,124.72265746687526,41.18546640847644,0,0.008204807867174146,0.4233625357727959,1.7307221461211029
CMP-0016,LOT_03,5.070374093065686,120.18116981380349,35.96590818991529,4.817865488014135,128.08373300994324,40.70106278447598,4.5435305052478645,138.48104082986393,53.93818352011634,4.160161923206235,170.2532531274095,57.666929057835674,1,-0.2525086050515508,7.902563196139752,4.73515459456069
CMP-0017,LOT_05,4.975791528333321,119.34465381127607,36.504136737956905,4.99117268270336,120.11213343276462,37.42688389833196,4.990733543528299,120.54497578770047,38.348132293967566,5.0147041498724345,120.56993939664794,39.499275723634256,0,0.015381154370039063,0.7674796214885475,0.922747160375053
CMP-0018,LOT_02,5.125873701876696,123.75368922256334,33.72013497416177,5.132999868261204,123.96100082219594,34.42478146718003,5.1477339433150595,124.82275690846241,34.86023954830823,5.139916939459848,123.88735630732661,36.29464873074411,0,0.007126166384508359,0.20731159963260382,0.7046464930182594
CMP-0019,LOT_08,5.110552098029609,118.94112114526786,33.68470883274862,5.119609472487083,119.08957546699654,33.95118621005312,5.161548179167507,119.20334869261433,34.202793420825806,5.176347743053509,121.54210905161673,35.01393290699285,0,0.009057374457474232,0.14845432172867845,0.26647737730450416
CMP-0020,LOT_07,5.017077777547025,123.45739528881118,33.51971438235764,5.024624999087604,124.11286280402354,34.73709741959095,5.028982658019152,124.57271591466872,34.849649515405964,5.039861524208111,124.97966905901906,36.922833331291955,0,0.007547221540578519,0.6554675152123508,1.2173830372333114
CMP-0021,LOT_09,5.050635790890992,120.31085865533693,35.5276346125988,5.06116734436677,120.81087553395521,36.16685559582738,5.075914758291869,121.28168955443117,38.013439750292676,5.112634442416275,122.00379881023346,37.556409828071565,0,0.010531553475778388,0.5000168786182826,0.6392209832285758
CMP-0022,LOT_01,5.013057885845408,117.77517705603316,36.7867144296333,5.025685378096879,118.37120573671147,36.914421436146206,5.049596955320252,119.00753183817578,37.15920609393897,5.0362548819478805,119.50306433888973,38.956394874831204,0,0.01262749225147175,0.5960286806783159,0.12770700651290667
CMP-0023,LOT_07,4.987401131089656,120.30512502420494,37.20723795948974,4.971734546680342,120.757754971303,38.295494170175964,4.9861744565256485,121.14618059690662,38.21713327893667,4.998294456354625,122.62143007838509,39.06840504624305,0,-0.015666584409313344,0.45262994709806037,1.0882562106862252
CMP-0024,LOT_08,4.983573738843855,119.8773513083423,33.420652233944075,4.9902291771202965,120.63736022728209,34.71197985493793,5.026213851201446,121.49058379397539,35.73152319440272,5.045107867643653,121.85685680665124,37.374370396375575,0,0.006655438276441217,0.7600089189397892,1.2913276209938545
CMP-0025,LOT_06,4.9651288088349865,121.97916786918971,33.2325445653277,4.9829523122591635,122.44103765768868,34.81816811206136,5.004215347090132,123.48723150498272,35.98355545763068,4.971511507146099,123.40756107123958,35.880562357985504,0,0.017823503424176934,0.46186978849897287,1.5856235467336575
CMP-0026,LOT_06,5.075561421663836,121.27506762179539,33.95160435713188,5.075424247999432,121.78162404037064,34.343324282441316,5.075357143838483,122.37522688183601,35.720980300494666,5.10759947744392,121.63597928607159,36.58681766566552,0,-0.00013717366440424428,0.5065564185752578,0.3917199253094381
CMP-0027,LOT_08,5.08081048408256,115.87352344639052,34.11334486221334,5.096719547310494,116.05720456649973,35.85131938624009,5.112244896501004,116.81117976225275,36.36584755547919,5.132994821109818,117.59144034449426,38.037621802349825,0,0.01590906322793373,0.18368112010921323,1.737974524026754
CMP-0028,LOT_08,5.013517161964086,118.27330947052124,34.77870697963947,5.021991936639562,118.84998824339193,36.27861910309462,5.0161138954098865,119.31248553429606,37.81934687692411,5.027120172063311,119.43886323474678,38.44046405655958,0,0.008474774675476304,0.576678772870693,1.4999121234551467
CMP-0029,LOT_07,5.066448029521849,121.71358796513306,36.26273010033509,5.08198919453509,122.67911858520227,37.16014925590207,5.0619363601540925,123.66039489365741,37.731299540423656,5.104146803421951,124.33389392763254,37.87834162305493,0,0.015541165013241098,0.9655306200692166,0.897419155566979
CMP-0030,LOT_05,4.919936103144058,118.41172741994916,35.65945490902549,4.935177981572186,118.96698225581487,35.95307196707931,4.910526430022696,119.48328833143198,36.51718395026014,4.964365697006518,120.3179590689255,38.063665112726255,0,0.015241878428128075,0.5552548358657106,0.2936170580538189
CMP-0031,LOT_07,5.026503235280074,118.59065347426024,34.730582879252815,5.038470996246643,119.25475916934371,35.53371229314053,5.056288505082624,119.6750075317691,36.27494120947647,5.075061377087124,119.25822898381664,36.496534430680725,0,0.011967760966569152,0.664105695083478,0.8031294138877172
CMP-0032,LOT_01,4.883319194007584,118.64347111968965,36.12415084959161,4.890470353343758,119.18302913607802,37.668759597947,4.920385645327774,119.66228775566017,39.1455525427317,4.91231288651244,119.7643300241643,39.19323931618801,0,0.00715115933617394,0.5395580163883693,1.5446087483553939
CMP-0033,LOT_09,4.982099165596279,121.6071700387572,37.58115474674898,4.978277350442508,122.18573553240918,38.060882777170214,4.995397806769456,122.64640953720287,37.94542986424645,5.0168432902738775,122.88323517600482,39.63376258647137,0,-0.003821815153770558,0.5785654936519791,0.479728030421235
CMP-0034,LOT_08,4.9672858361656225,120.85578088138983,34.71613348859539,4.9805724561884475,121.4281652521756,36.376464316359474,4.985430663925482,121.48510790712189,37.71007552464547,4.9939426927465025,122.98546147446429,38.68316600690545,0,0.013286620022824991,0.5723843707857696,1.660330827764085
CMP-0035,LOT_05,5.097550628006315,124.15396105810751,35.104071702699166,5.109152533939486,124.86920908960079,35.68124118631549,5.12414858952876,125.36145023521463,36.638195292044266,5.112485157820498,125.0744253429463,36.022854437522454,0,0.011601905933170897,0.7152480314932745,0.5771694836163235
CMP-0036,LOT_06,4.977066235753034,119.41361682670248,37.905846743644275,4.998126169452107,119.72119860343416,39.079700969869755,5.002019995906852,120.13588945202213,39.97236379457745,5.030509591791614,120.55156936149216,41.930782196057244,0,0.021059933699072886,0.30758177673168063,1.1738542262254796
CMP-0037,LOT_02,5.129883686329792,120.44615948525055,37.14982175990926,5.140798888111524,121.06231490431651,38.12143016271291,5.148242774394061,121.32847018529888,39.13658084219169,5.143768144327809,122.39510752247323,40.98965976626964,0,0.010915201781732442,0.6161554190659615,0.9716084028036533
CMP-0038,LOT_05,4.985687563322215,120.90793115861739,34.53699041668038,4.882464919595472,125.24511899018714,40.033579364502415,4.534312892239266,143.52369527308184,49.38393352322635,4.505658470065155,163.27033122853956,56.828667702475826,1,-0.10322264372674272,4.33718783156975,5.496588947822033
CMP-0039,LOT_06,5.12102075061237,120.86976854292729,34.16064157092577,5.1356715527073735,121.0575768723284,35.01197988957695,5.14716371480261,121.53174667678208,36.20738295042199,5.162564457232095,122.39173988138239,36.46128206379234,0,0.014650802095003357,0.1878083294011077,0.8513383186511803
CMP-0040,LOT_04,5.0814468473812,118.05970096069717,33.66845651642816,5.104804690744402,118.52143216335816,35.37036721246144,5.108166655066019,119.45794583623938,36.23611012086416,5.129969267210856,120.30379117419311,37.080950830506104,0,0.023357843363202235,0.4617312026609852,1.7019106960332806
CMP-0041,LOT_04,5.022616697532157,116.86848185563898,35.95620635397668,5.027228984355979,117.59804438778569,35.75907620152645,5.025430497729417,117.59210394241546,36.145961468344474,5.052182302378158,118.50843107506081,37.556374146368036,0,0.004612286823822309,0.7295625321467156,-0.19713015245023513
CMP-0042,LOT_02,5.010169412030997,117.98292791611378,36.06027446134858,5.026796071734852,118.559935503645,37.33854118272421,5.041242341746981,119.67045749446432,38.094994097197954,5.0406544073681605,119.18317171346631,38.51273104626193,0,0.016626659703854685,0.5770075875312131,1.2782667213756298
CMP-0043,LOT_04,4.97431144801149,118.22240537353817,34.89397942752189,4.987654399296467,118.7326337852486,35.51121178880703,5.011157167756767,119.45445758693887,36.23138763509602,4.994596076403173,120.00684774566349,37.661590658795916,0,0.013342951284976756,0.510228411710429,0.61723236128514
CMP-0044,LOT_04,4.99660098720078,120.52407162414876,33.65045782026837,5.008499421129154,120.7331071270972,35.31855087027446,5.0372186709050455,121.15735192680631,36.30027803919399,4.980300981813157,121.15493329696453,37.08352773415275,0,0.01189843392837453,0.20903550294843853,1.6680930500060853
CMP-0045,LOT_05,5.0998648265374,117.6467705611414,33.74380489387221,5.112219310220499,118.46899379084132,34.13261773760226,5.125954852055103,119.51538344608525,34.106738163512624,5.106597926083582,119.2571904876109,35.71614700731793,0,0.012354483683099104,0.8222232296999294,0.38881284373005087
CMP-0046,LOT_09,5.012082985991042,116.45007588071574,35.77311560435122,5.0163075971174855,117.204965324104,36.45932183613276,5.016758367870952,117.86730480734535,37.640785077301224,5.04526958439621,117.36216666541159,38.88974938807536,0,0.004224611126443456,0.7548894433882509,0.68620623178154
CMP-0047,LOT_04,4.928813278230047,120.89264429508613,33.79010164353894,4.925986931727442,121.53540832238261,34.91092390437731,4.926777279706548,122.47076197708893,35.49059769359244,4.946629085206861,122.66986504622191,36.415191157074425,0,-0.0028263465026050483,0.6427640272964794,1.1208222608383736
CMP-0048,LOT_02,4.973327382641764,119.17672335556759,37.04396395970501,4.771298080016142,122.3511626937086,45.46036945222285,4.415294678672924,133.93848650713548,56.773251710171195,4.272828046142225,150.5959142163606,73.75873288480088,1,-0.2020293026256219,3.1744393381410134,8.416405492517839
CMP-0049,LOT_09,5.026225368764305,117.01118876036139,36.04879509754233,4.978859617861599,125.35510942523551,41.542807354439574,4.837813234452711,140.2535725807119,56.52102768980583,4.32841911280127,163.21149463763666,62.428343748266485,1,-0.04736575090270545,8.343920664874119,5.494012256897243
CMP-0050,LOT_02,5.092391250647802,119.65165453239008,37.50183141667928,5.091353843669982,120.26910636575064,38.66153154857489,5.08831813495201,120.82232520014173,40.06779096699069,5.10487800958425,120.42312504116576,40.647481287392935,0,-0.0010374069778205097,0.6174518333605619,1.1597001318956117
CMP-0051,LOT_06,4.995920611515744,116.58869556796897,32.57651249101898,5.010741279870999,116.98415182873504,32.294140320108696,5.032513940420121,117.56586275531731,32.73720290809045,5.004404675649834,118.40205577689221,34.57362081815704,0,0.014820668355254973,0.39545626076606766,-0.28237217091028555
CMP-0052,LOT_06,5.019255155969887,120.84037719744987,35.58155471189302,5.027585876668802,121.50373237089002,36.8940973125171,5.056361751797279,121.84733549529884,37.47639357604512,5.038003813250562,122.89913323147951,40.09279686475448,0,0.008330720698914718,0.6633551734401522,1.3125426006240772
CMP-0053,LOT_05,5.01570386119349,119.50847699997419,36.428080479709834,5.0031860882873,119.84313599059081,37.03687231272911,4.978380748101507,120.05404445728017,37.37929425480615,5.019163995196923,121.39961893642094,38.84082379177655,0,-0.012517772906190494,0.3346589906166173,0.608791833019275
CMP-0054,LOT_07,4.997152272939323,122.0983472428827,33.53606177582764,4.998046524100109,122.71005703473755,34.42529371796224,5.017758794460751,123.20596299719895,35.57612554200703,4.997344961819296,123.70401470934341,36.256741706471715,0,0.000894251160785231,0.6117097918548495,0.8892319421346002
CMP-0055,LOT_03,5.034287451763733,119.29809523556405,33.466579577529004,5.0433256623944995,120.02369900703391,33.326210654843045,5.03087608204595,120.24683307446533,34.85680008820321,5.0689774020528855,121.40735762726453,34.41408191954206,0,0.009038210630766486,0.7256037714698635,-0.14036892268595835
CMP-0056,LOT_05,5.022390685836135,120.1165486618709,35.82310822829619,5.0305139759268505,120.67217740716183,36.90216777074875,5.052180486763124,121.41427989174517,36.892231773552865,5.005568604820033,122.17305010598758,39.852347845358295,0,0.00812329009071533,0.5556287452909316,1.0790595424525549
CMP-0057,LOT_03,5.00495174105036,121.86167645270106,37.69639178365147,5.020114716771374,122.28733311338392,38.24982647285904,5.0302864861464345,122.69755370221834,38.54229251999463,5.08108982978864,124.17991731441998,41.15866541970338,0,0.015162975721014327,0.42565666068286134,0.5534346892075703
CMP-0058,LOT_06,5.0427509662148635,121.2792528189958,35.66381843630608,5.0652476188853015,121.90632704756806,37.03382555445825,5.084801213135885,122.50856446996869,36.94201998960116,5.086920040433513,122.62823106814349,38.00995278834623,0,0.02249665267043799,0.6270742285722548,1.3700071181521665
CMP-0059,LOT_09,5.06796103001478,120.51042683371175,37.025937681428985,5.078081561820799,121.0509862890913,37.47920199619799,5.0940364313882815,121.56910206761863,37.62787593778076,5.097057619584467,122.0111215071629,40.917250929513706,0,0.010120531806018462,0.540559455379551,0.4532643147690081
CMP-0060,LOT_08,5.0005722719545735,120.49757461960216,35.066318567156294,5.0085431321066185,120.78108918012451,35.99079262835283,5.007351658256831,120.90599451844757,37.046403535626595,5.036368425305283,120.88773542444048,37.89264491835672,0,0.007970860152044956,0.2835145605223488,0.9244740611965341
CMP-0061,LOT_01,5.051291842144262,120.07782641380292,33.732432008046274,5.050454853870681,120.64674739475299,34.92207202522886,5.079764820544757,121.47674128985562,35.65595769696327,5.045570736293464,121.48719409624755,37.095856981077276,0,-0.0008369882735808076,0.5689209809500682,1.1896400171825832
CMP-0062,LOT_06,4.971105294596117,120.50576962993979,34.24406338788408,4.789701990409848,129.12867529854668,39.64107451769028,4.484927510947082,138.9211651749645,54.29502118355957,4.400481109498933,155.11493508553139,67.525817426056,1,-0.1814033041862686,8.62290566860689,5.397011129806195
CMP-0063,LOT_10,4.894167277551474,116.27630969351497,35.043664919865,4.904476450331801,116.75278752242995,36.65075983432925,4.874383933835257,117.3715676847592,38.23147893523104,4.901920835033967,117.56288426653501,38.04844630054635,0,0.01030917278032728,0.47647782891498025,1.6070949144642483
CMP-0064,LOT_10,4.983686899748848,122.85497056736901,37.75608001323128,4.990327507498447,123.7359826101819,38.7738682517236,5.026632872898963,124.20799301528587,39.63939716474667,5.017636996951303,126.32540944986567,41.45489671159943,0,0.006640607749598182,0.8810120428128982,1.0177882384923151
CMP-0065,LOT_04,4.9819083731457825,119.02049963419758,36.36290203983817,4.992219229023494,119.57621481709994,37.36989465077082,5.007267975922575,120.20370458633079,37.20141118441811,5.025550682395685,120.08520510718479,38.21605534232329,0,0.010310855877711411,0.555715182902361,1.0069926109326488
CMP-0066,LOT_05,5.004199050165723,118.61298767085543,36.246547786501964,5.000777298502014,119.03159892110092,36.95411071903546,5.010078489446924,119.6152582064951,37.25016424422369,5.035262952051138,120.06310010526828,37.440553716385935,0,-0.0034217516637093937,0.4186112502454904,0.7075629325334987
CMP-0067,LOT_09,4.988951634110682,119.79315977285073,34.95802631520467,5.001207232505784,120.4826896948204,35.40247386474589,4.993627658612272,120.65469253745418,36.346932198330244,5.046106180078714,121.26701997570063,35.40111398941817,0,0.01225559839510204,0.6895299219696653,0.44444754954122345
CMP-0068,LOT_02,4.958348163860199,118.88454222500957,34.38741705911791,4.968733975090008,119.32219295884508,35.912086864389615,4.968593715504787,119.56349757100242,36.951524633649846,4.958021133691486,120.51703881150507,37.99412941137063,0,0.010385811229808972,0.4376507338355111,1.5246698052717065
CMP-0069,LOT_01,4.968889627735264,124.12059634104816,34.66185282615785,4.966119463285561,124.63458025724712,35.123730225998465,4.9648431255683585,125.25369024725177,36.201521270323525,4.9736761092804755,126.12828282977033,38.04973643241537,0,-0.0027701644497026834,0.513983916198967,0.46187739984061693
CMP-0070,LOT_08,4.951854081811666,121.05882681425145,37.045143068128546,4.9430460975319255,121.49524550452576,37.611640439966834,4.954834485448837,121.82381073876674,38.32856151899197,5.000689595136007,122.41038560631557,39.94267429371901,0,-0.008807984279740388,0.4364186902743086,0.5664973718382882
CMP-0071,LOT_09,5.000300834021804,120.89664813194632,36.747961303320764,5.026774773997837,121.45857214832816,38.04273474633857,5.019511806360054,121.93220912560348,39.31287947878036,5.06409414676618,122.56437701472568,40.75184991399293,0,0.0264739399760332,0.5619240163818375,1.294773443017803
CMP-0072,LOT_05,5.060015312912966,120.57871831391422,34.46645252664345,5.073373725482296,120.49259943874367,35.657895394835975,5.028647533104074,120.47556041652204,36.68377969530647,5.102924312227632,120.91138504867371,37.088213761332824,0,0.013358412569330014,-0.0861188751705555,1.1914428681925244
CMP-0073,LOT_10,5.11214601562015,119.9961602936473,35.6120542653219,5.1383147596051355,120.52236571688599,36.110882274976504,5.146668847829721,121.01168249602895,36.22851144887572,5.153198118178319,121.15126966988727,38.85036848072645,0,0.02616874398498581,0.5262054232386788,0.49882800965460206
CMP-0074,LOT_04,4.9858602125426215,119.78763613875485,35.33468302760925,5.00202835453952,120.08769369302097,35.813889211298616,5.028598542770558,120.46399263135955,35.90546816500018,5.030904608727182,121.31937859603731,36.58931700549325,0,0.0161681419968982,0.30005755426611813,0.47920618368936374
CMP-0075,LOT_06,5.018719322585313,121.26396296752279,32.893596352863874,5.032029724135275,121.7034390156287,33.652201273501554,5.055088058276571,122.64722136883097,35.34938630080173,5.078325881565393,122.64857192481361,35.934377403922625,0,0.013310401549961881,0.43947604810591656,0.7586049206376799
CMP-0076,LOT_02,5.006058897464973,120.26152837582309,36.235629697814275,5.015466071004713,120.61567098854836,37.02839316489634,5.034974726670719,121.11656897590835,37.99849815333051,5.048867655848757,121.42825025709955,39.633391695800185,0,0.009407173539740299,0.35414261272526915,0.792763467082068
CMP-0077,LOT_04,5.072115239559312,118.99851051248616,32.51735698522222,5.071664802463449,119.2943014803505,33.54344364455099,5.077557044880256,119.69325189005832,34.65329462729223,5.098462309687303,120.45232541567265,35.87130641041394,0,-0.000450437095863343,0.2957909678643347,1.0260866593287687
CMP-0078,LOT_01,4.894602332911128,119.27112349547107,31.729684903265788,4.904962932179106,119.77019690102621,33.25245104066063,4.932777448069922,120.33102941550192,33.802270501962184,4.934666154430021,120.50623808236405,35.25133691950595,0,0.010360599267977832,0.49907340555513713,1.522766137394843
CMP-0079,LOT_10,5.040283931962125,121.3548027373846,33.56781227430377,5.060022873244299,121.99451600645891,34.6187752179901,5.058588021373884,122.23675420088624,35.14994392953859,5.090874762510138,122.51670342275821,36.968785016885995,0,0.01973894128217424,0.6397132690743064,1.0509629436863293
CMP-0080,LOT_07,4.989796570778058,120.21929550914801,38.667695217588374,4.9860234142228546,121.01369842244604,39.74261642458202,5.002190992993094,121.5492027964625,40.76497983367963,5.002949712135615,122.74072351317477,41.37743950920224,0,-0.003773156555203272,0.794402913298029,1.0749212069936434
CMP-0081,LOT_03,4.996987407679936,117.85607489541957,35.68253558052128,5.0214386672492015,118.3406036594554,36.58409273116933,5.014719412803182,118.7718158633897,36.58769560130857,5.023181107514825,119.45399668250997,39.639303289362445,0,0.024451259569265638,0.48452876403582934,0.9015571506480455
CMP-0082,LOT_09,4.970670745746455,122.87060031329088,35.36562872060247,4.979158269278991,123.45711920363611,36.396586962442456,4.990814205163175,123.83461925478811,36.49753213254303,4.96828576522855,124.78374164527672,38.175226890373885,0,0.008487523532536123,0.5865188903452321,1.0309582418399827
CMP-0083,LOT_06,5.039746612645781,120.3607278860528,34.01591759503855,5.06200954220227,121.17656498664913,35.26319592269998,5.086614494872432,122.04915298569327,36.62824558090224,5.094291525744523,122.47573851018657,37.67892438137718,0,0.02226292955648912,0.8158371005963261,1.2472783276614265
CMP-0084,LOT_06,5.035036157842979,117.2883720577469,33.808100817312415,5.05807180852106,117.95641609028574,35.55179996215534,5.06399669276575,118.11074143790272,36.23158136362017,5.080112434465871,118.99591044845575,38.4587443451607,0,0.023035650678080444,0.6680440325388446,1.7436991448429282
CMP-0085,LOT_04,4.950568642528269,120.90063455608762,35.00466282527846,4.953070509145424,121.35346868365265,35.91257495202085,4.959018182205368,122.38487105633295,36.66335195086691,4.9681925869418775,121.30474320484758,37.19720907043727,0,0.002501866617154569,0.4528341275650263,0.9079121267423886
CMP-0086,LOT_02,4.965707366191168,122.7634151867556,34.75259333690567,4.988591808684351,123.27575611356566,35.77120725511646,4.997259861968663,123.7768949890521,37.43060475664139,4.962199594149327,123.27498324134632,37.33667059027157,0,0.022884442493182888,0.5123409268100687,1.0186139182107894
CMP-0087,LOT_07,5.023654359901374,119.23150817423885,36.52856553986264,5.043956313932902,119.76831974049317,38.009894326106064,5.0580459928843835,120.0998748324583,39.15880274560607,5.0661685763844755,120.76898966387041,41.18825718385772,0,0.020301954031527458,0.5368115662543147,1.4813287862434237
CMP-0088,LOT_08,4.929115791492022,117.62585914725126,34.45510902864679,4.9365697097943615,117.82439401769665,34.96253001249138,4.933657084616508,119.06162124531942,36.66340098636495,4.948334721440668,118.64260237254325,36.043166814740744,0,0.007453918302339879,0.19853487044538554,0.5074209838445896
CMP-0089,LOT_04,4.9501074008377985,119.83029893667599,32.599691226434786,4.952487656254696,120.36002435573656,33.78279602532675,4.968749735635826,120.46387766048944,35.010138890394536,4.956483422322658,121.67645331304021,35.7742850840322,0,0.0023802554168970147,0.5297254190605685,1.1831047988919678
CMP-0090,LOT_05,4.98419011477094,120.73072748412754,35.9194480707119,4.992780235796496,121.53708326224775,37.42320345620518,4.998930424050499,122.26211980588883,39.19010019879927,5.051989927812157,121.9230833218365,38.68197696727946,0,0.008590121025555675,0.8063557781202064,1.5037553854932781
CMP-0091,LOT_01,4.933872943335416,119.0276117386019,35.63034006421188,4.778753108004861,125.72648449779072,40.61902137162512,4.570525502049385,134.38972941180546,49.835347983143606,4.346349519344071,164.0410365180444,58.699875836711215,1,-0.15511983533055496,6.698872759188816,4.988681307413238
CMP-0092,LOT_03,4.9643223009314825,114.6965833301616,32.9329860847282,4.956216114131679,114.74662657457128,33.33530659757915,4.986090449322403,115.23329572425997,34.78058847873974,4.984435765669696,116.13790598742887,34.61458900133549,0,-0.008106186799803794,0.05004324440967878,0.40232051285094883
CMP-0093,LOT_03,4.971167635388316,121.11908074123234,35.84928163786225,4.975672109177014,121.39452705477814,36.25721747191311,4.986969692305836,121.99263001541493,36.66095455668415,4.996203816003536,122.67979557284738,38.75177004364535,0,0.004504473788698782,0.2754463135457996,0.40793583405086054
CMP-0094,LOT_05,5.0638490416099025,117.99741713448691,37.52537931430703,5.068539276564345,118.70639169697779,38.55937262733258,5.0723570358874905,118.6640826390453,39.273590372224405,5.057351611858233,120.19004131489918,41.77280675304398,0,0.004690234954442651,0.7089745624908801,1.0339933130255474
CMP-0095,LOT_04,4.963730423899602,118.74303053972642,36.16174205579806,4.973345041281167,119.59096014811261,36.920625816446595,4.998335086268284,120.12018417199995,38.11851482131871,4.984401888134568,120.56618072933682,38.828226713007446,0,0.009614617381565438,0.8479296083861954,0.758883760648537
CMP-0096,LOT_05,5.033104076729088,121.30049801115673,35.89033204235835,5.058473733268264,122.090366971404,36.70285969743379,5.074069518044777,122.40328676462653,37.514537355491065,5.066478744285887,123.90040212597202,38.99381821770816,0,0.025369656539176333,0.7898689602472615,0.812527655075435
CMP-0097,LOT_01,4.891469229510229,115.97179481026942,36.19375798282966,4.902073913991403,116.52188407032156,36.53055993117039,4.911725408328648,117.62293689344196,37.742659741068316,4.925468044894259,117.30235711526909,38.21490164967487,0,0.010604684481173798,0.5500892600521468,0.3368019483407281
CMP-0098,LOT_01,5.012882021046058,121.6909662169637,32.63657100924408,5.016267852122989,121.95947329051701,33.1538954118397,5.027070076525318,121.83415264402046,34.26103063101823,5.051344953521663,122.83392199649856,33.169328603852065,0,0.003385831076931467,0.26850707355330883,0.5173244025956194
CMP-0099,LOT_08,4.8611002859635715,119.30495317561297,33.22999883229911,4.8791459889794195,119.66993038518427,34.431975842666915,4.897627895266956,120.72079813710327,35.13050487082923,4.9066668763718715,119.92740264562056,37.38430669330191,0,0.01804570301584807,0.3649772095713075,1.2019770103678056
CMP-0100,LOT_07,4.971962291795613,119.95550441030157,32.65567348199023,4.984249992084902,120.64899766488658,33.802140393738874,4.970416528622222,121.11185487658769,34.97315484522862,4.966690216765584,121.11161465797773,36.50337527700409,0,0.012287700289289383,0.6934932545850074,1.1464669117486466
CMP-0101,LOT_02,5.092974740381165,120.9371055570124,35.98683201564977,5.130082195653348,121.3943446453943,36.58789063384052,5.146499141627055,122.02604195421097,37.12453293786742,5.129434255262251,123.54926685643933,38.84936541015094,0,0.03710745527218329,0.45723908838189686,0.6010586181907556
CMP-0102,LOT_05,5.04579651511398,119.78170969687733,34.620677830523256,5.061419243833125,120.023333243231,35.79699143248184,5.100113565949101,120.66318654189018,36.40888538059011,5.07127713822456,120.81816325655844,37.593821290043614,0,0.015622728719145051,0.24162354635366512,1.176313601958583
CMP-0103,LOT_08,4.913339544839551,121.72400010082427,34.43047021228616,4.7821869341243195,127.47002428042254,42.42341681256031,4.421996021973965,143.9641510132399,55.89358942499156,3.9942381639403712,172.73466394592867,71.5741520817281,1,-0.13115261071523143,5.746024179598265,7.992946600274152
CMP-0104,LOT_05,5.018226724451663,121.11215054764631,35.26589205042328,5.031139038620137,121.90687282609693,36.878909005378624,4.998133214313396,122.31164125964563,37.59658349160665,5.016097067165598,122.95396435521309,39.87791522330703,0,0.012912314168473493,0.7947222784506209,1.6130169549553415
CMP-0105,LOT_08,4.954208826135178,118.65617595264065,37.216090451255056,4.95878324793406,119.24861845044278,37.28048139322456,4.996718011354983,119.92941418433473,37.98923147189943,4.990294178134058,119.54370873596888,40.22650598662669,0,0.0045744217988819,0.592442497802125,0.06439094196950634
CMP-0106,LOT_01,4.989796524247578,119.01668877006904,34.129022895881626,4.874530054828998,127.52850247027749,41.10664510798618,4.586733187819274,137.950909489592,54.311897694050835,4.265635600576207,173.45260734605924,70.33929171307295,1,-0.11526646941857965,8.51181370020845,6.977622212104556
CMP-0107,LOT_02,5.111463680527799,121.99098056589064,36.456708510234364,4.9628647898790925,129.5565282494533,42.14259526967495,4.808022158749799,141.4053376768947,54.021322234880316,4.3264380925366455,162.59932065372467,60.57227930960667,1,-0.14859889064870657,7.565547683562656,5.685886759440585
CMP-0108,LOT_04,5.037274945326249,119.45814373968439,33.60651624930413,5.038593011019842,119.63105108999282,34.724990555077106,5.047341279271443,119.9990547786339,34.04718114290457,5.0336466616259585,121.19147141569441,36.1932897550266,0,0.001318065693592274,0.17290735030843507,1.1184743057729776
CMP-0109,LOT_10,5.071935274117962,119.71194467989065,35.4350605947253,5.105193072036779,120.51523270000853,36.28177778408177,5.106294769263724,120.91756919655266,37.33672690832004,5.123088589351761,121.3176106275068,39.455522784649006,0,0.03325779791881711,0.8032880201178756,0.8467171893564682
CMP-0110,LOT_01,5.114979454651866,120.18148512750435,37.67797759133709,5.128552648878973,120.87407724215423,38.31567206557823,5.125746260540161,121.51198902865873,39.60994868681088,5.149357778918982,121.23088057461239,39.22746537254677,0,0.013573194227106455,0.6925921146498837,0.6376944742411368
CMP-0111,LOT_06,5.005474267972354,122.25008784341605,34.979876319612785,4.992870120398975,122.71193575134915,35.898476821296484,5.034310101652356,122.77479437747328,36.50313801999689,5.046987174009867,123.93692492202241,38.34912728010963,0,-0.01260414757337891,0.46184790793309105,0.9186005016836987
CMP-0112,LOT_03,5.016497176932863,121.55521906055708,33.78577052166085,5.035277762721945,121.78061845717997,34.94995450807662,5.04795887717124,122.09573053072234,35.7386118704138,5.042826959668634,122.24476779374909,36.66706271478571,0,0.018780585789081705,0.22539939662289044,1.1641839864157717
CMP-0113,LOT_05,4.942495725292382,121.4239540459821,33.22778139810677,4.946832776136572,121.79903336433907,34.89035476254419,4.961787125320821,122.23551322357575,35.93971448307905,4.924688929189978,122.77746656951861,38.488366104788,0,0.004337050844189783,0.37507931835696695,1.6625733644374208
CMP-0114,LOT_05,5.003395658458467,121.09625675928439,36.34340786497152,4.993420991529568,121.25979146292619,37.44855351051459,4.992697843101106,122.15339904159217,38.09096631557198,4.974730376815306,121.6257845045042,37.248812694810134,0,-0.009974666928898479,0.16353470364180112,1.1051456455430753
CMP-0115,LOT_05,4.978776864510905,122.15775807805947,36.79777975477504,4.987072980277344,122.2308193445641,38.10642054502117,5.005403383704973,122.82363681561118,39.39716041967523,4.983776418348123,124.23519703765666,39.33887834250768,0,0.008296115766438739,0.07306126650462375,1.3086407902461303
CMP-0116,LOT_09,4.915632615279333,118.1394706254599,37.274552970088,4.923023617049324,118.80745514648645,38.39303066444763,4.931449244709322,119.71661024396626,39.07470125212168,4.907408854898055,119.4058351005106,40.83398404740898,0,0.007391001769991412,0.667984521026554,1.1184776943596262
CMP-0117,LOT_03,4.96378287402959,118.8365573015955,34.45179560882866,4.960023738143574,119.21088307997161,35.0874903661989,4.981596737040003,119.95361947326869,35.814585137154495,4.972182942226159,120.28084523599117,36.43423028023444,0,-0.003759135886015841,0.3743257783761038,0.6356947573702385
CMP-0118,LOT_02,4.952988939553714,118.73037367205708,33.25478930031159,4.964609535144343,119.37631680681383,33.46124014991247,4.9749864658125835,119.81033606823394,34.43199449268087,4.984350759782272,119.64951716684801,34.451328710826736,0,0.011620595590629001,0.6459431347567488,0.206450849600877
CMP-0119,LOT_07,4.8892906314478495,120.69145315960316,36.78443300793146,4.897760372685787,121.30149365880844,37.43289846748256,4.905969879696634,121.315219603316,37.06072681327312,4.936615688710292,121.80899619494622,39.06847619147982,0,0.008469741237937534,0.610040499205283,0.6484654595510975
CMP-0120,LOT_01,4.929501514845806,119.65232459981077,33.90563420879653,4.943281224825753,120.24283228360669,35.06605903195883,4.95686023668968,121.21616274508625,35.33226214743639,4.962182527501695,121.80917719386649,38.077690879429255,0,0.013779709979947263,0.59050768379592,1.1604248231623018
CMP-0121,LOT_02,5.067906054793363,121.01615821039813,35.29289454721966,5.075729207859017,121.43939802525658,36.43700407876482,5.081943595984249,121.92662443894325,37.27630343182234,5.082167777289147,122.7054627121973,40.76839979749716,0,0.00782315306565362,0.42323981485844797,1.144109531545162
CMP-0122,LOT_03,5.016200626209499,118.47961982276219,35.86610386627888,5.026666200942778,119.13199077757068,37.45385715453327,5.0395525177093,119.97160646409493,37.081708207638926,5.078475246901098,120.31952185351685,40.31613183912941,0,0.010465574733278693,0.6523709548084895,1.5877532882543903
CMP-0123,LOT_06,5.007296914707239,119.96592422132507,35.42460288201499,5.028142066316539,120.1128801582645,36.911512417873645,5.038266294965908,120.55174559992714,36.9759548006812,5.058203039684076,119.90582623274898,39.430227626864614,0,0.020845151609299784,0.14695593693943465,1.4869095358586577
CMP-0124,LOT_04,5.002672895630874,119.76166232534416,36.754307220940824,5.010886343940735,120.12283461311503,37.501005872955226,5.039979585472055,120.7837237038693,38.10819088219365,5.026157415541444,120.3392460678223,39.811785233636456,0,0.008213448309860816,0.36117228777087007,0.7466986520144019
CMP-0125,LOT_05,5.006431079624563,124.77390359914784,33.34979666941354,5.015404458714157,125.63356113933246,34.94549148955925,5.014961277940458,126.20075136784449,35.7464911677668,5.04104357606204,126.28422092134004,36.87403516739867,0,0.008973379089593614,0.8596575401846138,1.5956948201457095
CMP-0126,LOT_10,5.006756172593404,120.90004134684366,34.658870881034176,5.000605663687556,121.59774771941396,35.84113340003058,4.999715437222041,122.01356758536254,35.89079869863966,5.000097461131998,122.3288420462354,38.8238700498547,0,-0.006150508905848007,0.6977063725702948,1.182262518996403
CMP-0127,LOT_05,4.973084189856921,120.49589512170375,34.787906746784294,4.991814755857849,120.88893285406004,35.00164262178308,4.981085520387395,121.22936960587722,35.17711263644405,5.02001899617144,121.656048771631,38.90132786180422,0,0.018730566000927595,0.3930377323562908,0.21373587499878255
CMP-0128,LOT_01,5.01018165893549,117.74409395298866,34.25989798942598,5.021595853668896,117.77901967801381,35.37831104781999,5.060139465603009,118.14298818850324,36.30821497622274,5.062094287531404,118.69704292800031,36.913542896994805,0,0.011414194733405658,0.0349257250251469,1.1184130583940117
CMP-0129,LOT_01,4.994341579513555,117.97463229722368,35.18989506541654,4.998504775945493,118.36894707100058,36.4930406434709,4.988429039775635,119.1831416568227,36.5941975619117,5.005250747778388,120.33042016803387,39.394924452784835,0,0.00416319643193841,0.39431477377689816,1.3031455780543553
CMP-0130,LOT_04,4.952973489224939,118.94145538660021,35.10991297187854,4.963348721548335,119.42328120067502,36.09449671483645,4.970133094902758,119.49068757998302,36.63624134375603,5.001641202628072,119.73911405189946,37.94285230560503,0,0.010375232323395878,0.48182581407480995,0.9845837429579092
CMP-0131,LOT_05,4.980568340946659,122.95478732994934,35.75987473128538,4.977450309288887,123.58903293227208,36.372548803154345,4.978795363718224,124.18317863830421,36.926675093289276,5.0153074256153465,124.20177790151538,37.877391561081254,0,-0.0031180316577721356,0.6342456023227356,0.612674071868966
CMP-0132,LOT_08,4.971718062582248,122.19838311109562,35.94319444041545,4.998817502122368,123.15191195187548,36.42783592444928,5.0098737890322775,123.29905185688244,36.83903296057515,5.006215851917255,123.62333451480634,37.58632610613055,0,0.027099439540120507,0.9535288407798532,0.4846414840338298
CMP-0133,LOT_01,5.0421063479568815,118.16449292516498,39.21435345514459,4.8695371254086615,126.30852820899908,43.27134167844554,4.619778857781994,141.74516088155477,57.623077151937956,4.3236308347022065,162.1682543522478,67.30129613135848,1,-0.17256922254822005,8.1440352838341,4.056988223300948
CMP-0134,LOT_05,5.040459736592658,120.19087807697547,31.345436505129015,5.040625576806068,120.82843030329543,32.95187835099059,5.06726312397845,120.850826402623,33.90265450439704,5.080935881135726,120.99926252050432,34.945554738692,0,0.00016584021340992905,0.6375522263199684,1.6064418458615748
CMP-0135,LOT_07,4.90739190722994,119.34860377985254,34.509041854617465,4.915911183184462,119.73590949476753,35.28753577799673,4.925315588949257,120.36864587625844,35.935322396568395,4.9277182046171015,120.78208651389475,35.75080303728058,0,0.008519275954522065,0.3873057149149872,0.7784939233792656
CMP-0136,LOT_05,4.999971845143852,120.07938705319512,36.441101461391696,4.99044368984337,120.18462027922332,37.57800338405345,5.000336937016442,120.7356733621809,38.14693984646723,5.023730763328168,121.65093970071888,39.96518921921467,0,-0.009528155300482233,0.10523322602820429,1.1369019226617567
CMP-0137,LOT_04,5.038461810401857,122.44345733243519,35.96683761797597,5.039665386128181,123.07821621116874,37.39710247195669,5.073047629845168,123.31538323390035,38.083875179684625,5.074610827151051,124.10692124688782,38.503240390315675,0,0.0012035757263246794,0.6347588787335496,1.4302648539807237
CMP-0138,LOT_07,5.0289330816907585,120.175925792662,35.32937739076991,5.036346022673901,120.97158157980522,35.879031298913574,5.037536211232444,121.47487723386348,37.11850831276402,5.02639855927201,121.3164332049225,36.2488484927258,0,0.007412940983142491,0.7956557871432182,0.5496539081436609
CMP-0139,LOT_02,4.980772494499104,121.32275637978341,34.03768591882573,4.993085314726538,121.76288879823306,35.37374307637395,5.010212235736758,122.05530868938068,36.08941719967372,5.033960182680948,122.95957723336011,36.25617343017304,0,0.012312820227434074,0.44013241844965023,1.3360571575482183
CMP-0140,LOT_08,4.945769468878188,122.82502613992202,36.53614825976154,4.958668323637372,123.35647270860926,37.43163213174783,4.978846182908373,123.74523925777063,38.349417067067776,4.996107010967761,124.07556943684646,38.93867793975528,0,0.012898854759184175,0.5314465686872438,0.8954838719862934
CMP-0141,LOT_02,4.908580234427925,121.45965757803106,37.713371813124155,4.9328335238626275,121.63444068030576,39.075799148902256,4.964165119111481,121.99739768608416,39.92652286422728,4.912675662846534,122.76780876429407,40.224951365354485,0,0.02425328943470273,0.17478310227470217,1.3624273357781007
CMP-0142,LOT_06,4.921939853890556,121.0857164489552,36.53676901314004,4.924108055273404,121.35833193267311,36.45875749186505,4.930111852262276,121.68385375238863,36.48324778569102,4.953168430399647,122.13334674174078,37.59816872494886,0,0.002168201382848345,0.2726154837179138,-0.07801152127498767
CMP-0143,LOT_06,5.030146847187761,119.73994787700302,35.928657527697275,5.028537727623894,120.24642189714842,37.00231869294051,5.031490179996413,120.87705939793565,37.412101965618284,5.058734141779416,121.52235128291407,36.66859078838286,0,-0.001609119563867445,0.5064740201454043,1.0736611652432373
CMP-0144,LOT_10,4.847618371732362,118.76790194888775,36.53802205138663,4.854445504479838,118.97466475239385,36.9911535205283,4.879849090674647,118.89821339322926,38.35564907100931,4.873343462498992,119.37846708717264,38.52466146268615,0,0.006827132747475595,0.20676280350609488,0.4531314691416668
CMP-0145,LOT_02,5.036621390488142,116.5616777322479,34.394611822221,5.037989533864699,117.32037972593977,34.71956226315779,5.0720529704349735,117.81039130408469,34.938595059967746,5.044444050184513,117.91957030555555,35.69986754154539,0,0.0013681433765571072,0.7587019936918722,0.3249504409367887
CMP-0146,LOT_08,4.938604222465408,115.63926758252362,34.43048529372774,4.930575660501229,115.9888354089101,34.97593384942606,4.9275074194208415,117.08912433938715,35.80413963301085,4.955483080681136,116.10063626073895,36.452763342516526,0,-0.008028561964178671,0.3495678263864903,0.5454485556983215
CMP-0147,LOT_08,5.045403142175899,117.59460682819794,34.57045079620224,5.0495426257761435,118.12747096007432,35.250205760274525,5.05547922137008,118.55663193254092,35.68301188157888,5.079244503146086,119.24666514749303,37.17931460407199,0,0.004139483600244631,0.53286413187638,0.6797549640722877
CMP-0148,LOT_06,5.039827201526,119.52833151237164,34.539954068261096,5.050874101824881,120.3676488489658,34.86977596425049,5.072421955220712,120.29969750059436,35.77841254336481,5.102375758377056,121.61198311119945,37.00627602708233,0,0.011046900298881113,0.8393173365941635,0.32982189598939726
CMP-0149,LOT_08,4.987396859229833,118.4280467841373,34.565186576787696,4.999380670836097,118.77460337043117,35.16204566644535,4.988977019272214,119.39182087825783,36.23470729742888,5.024013879720828,120.2571886167955,37.23233977610993,0,0.011983811606264716,0.34655658629387176,0.5968590896576558
CMP-0150,LOT_09,5.015191871281878,119.81691996116358,34.20376725780553,5.047333397439798,120.22652976519288,34.870828402245316,5.063843544791549,120.80208608978138,34.968432628440155,5.089786962531073,121.17943247751747,35.98208352607274,0,0.03214152615791921,0.40960980402930147,0.6670611444397849
CMP-0151,LOT_02,4.936772900402604,123.55436568051545,35.98819605254929,4.946670939246354,124.3724094416398,37.06784494446411,4.956249693119793,124.6743194068332,38.158770164117655,4.976202998592833,125.37974951158466,38.43585586137003,0,0.00989803884374929,0.8180437611243576,1.0796488919148217
CMP-0152,LOT_09,4.996510060711893,117.33305136253159,32.79228147301372,5.01216159449999,117.31267369952126,33.89498673649435,5.014990348633683,118.20514768158523,34.44825263191741,5.045351278785028,118.11421677890236,35.98598525928327,0,0.01565153378809736,-0.020377663010336278,1.1027052634806296
CMP-0153,LOT_06,5.04982774422492,118.01260424578703,35.44188926383757,5.069054141452799,118.6446117441451,37.40011170220527,5.067602551693139,118.73086696874051,37.702944147957716,5.102262992783768,119.89357321127979,39.4819170299232,0,0.019226397227878778,0.6320074983580639,1.9582224383677058
CMP-0154,LOT_03,5.038343364666453,117.55059044469891,36.73842437356535,5.076917748897851,118.12388067401322,38.02997844139422,5.079524852364417,118.08081667768718,38.52861875987911,5.075059844075876,118.40037838580571,41.40786639499074,0,0.03857438423139836,0.5732902293143098,1.2915540678288693
CMP-0155,LOT_06,4.984548881740188,119.65425783511313,36.446826023359,4.994225510553235,120.26039662271808,37.34882387443649,4.999093217192255,120.33832237303751,37.159949343252926,5.008994272531908,121.28864496871469,38.31991984506946,0,0.00967662881304765,0.606138787604948,0.9019978510774891
CMP-0156,LOT_02,5.002687628149525,115.68798398788124,33.627313010780746,5.01676026708688,116.26539573376039,34.05047555258086,5.029136987844376,117.07211790136853,35.23901203207631,5.034854551346601,117.03140757709824,35.54699996511326,0,0.014072638937355109,0.5774117458791466,0.42316254180011725
CMP-0157,LOT_01,5.03147020030511,120.2637476262423,36.22814592552116,5.042416125634687,120.92068536946864,37.66355731070448,5.040348226181314,120.87824215540742,39.235303738711764,5.067549300248932,121.06344242172058,39.09250171292951,0,0.010945925329576944,0.6569377432263366,1.435411385183322
CMP-0158,LOT_08,4.9860161584433556,118.97587716136175,37.10132279046945,4.783651801124165,125.37957044585208,43.418402503041854,4.559398544646364,133.88906587978926,53.45234729118235,4.3510450730678825,157.16162080890467,64.79494198292645,1,-0.20236435731919045,6.4036932844903305,6.317079712572401
CMP-0159,LOT_01,5.010754906790952,121.54507961516552,35.83271852291725,5.021197076819954,121.88325441817732,36.866554151948606,5.030776810046517,122.44120889212128,38.76981680551881,5.030721621249129,123.09439892774,39.72132380574404,0,0.01044217002900183,0.33817480301179614,1.0338356290313584
CMP-0160,LOT_09,5.116892255958608,119.24392141653705,35.48613383348007,5.118904198509679,119.67361646950839,36.6106007886784,5.141598759444294,120.26934491971546,38.04015821334576,5.137004892297825,120.50753220458888,40.7737888745019,0,0.0020119425510705113,0.4296950529713399,1.1244669551983293
CMP-0161,LOT_04,4.965286811887596,118.11464017093732,36.404854033785185,4.971643038958664,118.64011266606862,37.37309969656605,4.992615425077778,118.88608943820341,37.63531355349454,4.996128985102296,119.94059230841856,39.639125547044166,0,0.006356227071067977,0.5254724951312966,0.9682456627808662
CMP-0162,LOT_06,5.03387424210457,118.51227814580874,34.21769203282042,5.0344347068573505,119.27250981553914,35.534402803334096,5.053509607492534,120.14667324188187,37.74072742745346,5.020250184779147,119.90332152510058,37.04146273599448,0,0.0005604647527803763,0.7602316697304019,1.316710770513673
CMP-0163,LOT_04,4.985017346797232,117.5667925694212,35.50256355130612,4.995534330011518,118.16299830237392,36.756427777125246,5.014579432812918,118.55097562132676,38.61699947844208,5.02022295234116,118.23175592606152,37.95452718051227,0,0.010516983214285958,0.5962057329527255,1.2538642258191288
CMP-0164,LOT_04,5.000866731457565,119.75638955189334,34.29736145315081,5.0309759925815705,120.36618612670871,35.66041063387398,5.0270098902624385,120.5664426593094,36.478813383422455,5.054436135374615,120.43803034315148,37.51616501559435,0,0.03010926112400547,0.6097965748153769,1.3630491807231664
CMP-0165,LOT_04,4.9593304793826665,118.92092963615772,34.73471120964081,4.970238479618767,119.54188795266784,36.275139312116245,4.975823263765858,119.90504109383323,37.2939671488834,5.002455377946984,120.32478773603839,38.90745409368918,0,0.010908000236100612,0.6209583165101122,1.5404281024754383
CMP-0166,LOT_07,5.064584323282934,123.55664181343964,33.70037579201084,5.074723305376259,124.05889735276337,34.65133900774458,5.074984361582107,124.11322875179404,35.497678730759084,5.079356192185301,125.10189409313718,36.0161041743855,0,0.01013898209332531,0.5022555393237269,0.9509632157337435
CMP-0167,LOT_06,5.007546076340325,121.15856394264186,38.27879564962644,4.871410552900867,130.1287274767701,42.662453656325454,4.669703465124919,146.5740598112528,50.5016895632302,4.524619080231681,176.76959022359665,69.1256089000272,1,-0.13613552343945745,8.970163534128247,4.383658006699015
CMP-0168,LOT_09,4.984751339064345,122.45875143530021,33.7910095867523,4.980814614220683,123.14727015948017,35.03715804272132,4.981506834910953,123.1726200546421,35.464846364502044,4.999720525483697,124.73010620442209,36.2078924628256,0,-0.003936724843661921,0.6885187241799571,1.2461484559690206
CMP-0169,LOT_04,4.880936632993904,122.0675723358778,33.22632414169034,4.894256587928473,122.61690896579995,34.76861733742226,4.912520453641877,122.40372181828096,35.17622771384427,4.917020690515539,123.51941902274005,37.15070592122768,0,0.013319954934569722,0.549336629922152,1.5422931957319221
CMP-0170,LOT_08,5.030422586821484,119.57145011489106,32.230494483319276,5.035867774332935,120.15472374451886,32.68527085704404,5.055336895284759,120.92724173369905,33.54870434519196,4.9945921770066875,120.51567956316296,36.194222183888904,0,0.005445187511451621,0.5832736296277972,0.4547763737247621
CMP-0171,LOT_02,5.061762369415514,120.02671118308734,36.657410733436585,5.074531956167708,120.61842301032978,37.83891535729384,5.094994280846523,121.80165214489661,39.124418525273434,5.062925169810797,121.84175376796922,40.75209997177642,0,0.012769586752193973,0.5917118272424347,1.1815046238572577
CMP-0172,LOT_06,4.978669750847045,122.32988889037625,36.39161359932681,5.014394925216743,122.67988854312655,37.137913311126596,5.019803139489843,123.03282189811492,37.492902936244796,4.979141415103268,123.46253880626499,39.43339975888652,0,0.03572517436969758,0.34999965275029865,0.7462997117997858
CMP-0173,LOT_03,5.000668790635793,122.58205811036827,35.39213061909495,5.018932863734726,123.13790642115498,37.07652293504673,5.029771953986712,123.78674263358161,38.05968940187175,5.03316715457218,124.34039758061732,40.86403193200488,0,0.01826407309893252,0.5558483107867147,1.6843923159517828
CMP-0174,LOT_08,5.020973244642662,122.51555790173889,36.71037992141642,5.031090408819856,122.53888016114742,37.96873133074065,5.00779829494051,123.47986133042978,38.85346826633728,5.071083889217296,123.08782459205689,38.72672535210061,0,0.010117164177193771,0.0233222594085305,1.2583514093242343
CMP-0175,LOT_05,4.975422958692142,120.16932256146552,39.15115383804839,4.867149236060595,130.26831977319216,46.41705917537842,4.589509388589494,147.341223162331,55.649898750788054,4.561681875505263,168.12400033695494,76.28572859747884,1,-0.10827372263154711,10.09899721172664,7.265905337330032
CMP-0176,LOT_02,4.965411512849884,123.00405850368627,36.124185523109844,4.981926919056323,123.62837876631046,37.10556089683378,4.994890263294236,123.77282339215077,36.812339907458494,5.004928541663223,124.79037389444653,40.07297255157408,0,0.01651540620643921,0.6243202626241953,0.9813753737239352
CMP-0177,LOT_06,4.950098820335306,119.29546993010047,35.72050144382207,4.985417867112727,120.09148977084325,37.28020002482126,4.989601047779488,120.32652988149671,38.47465396651288,4.98340464182804,120.9722715953531,39.188377665619726,0,0.03531904677742137,0.7960198407427868,1.5596985809991892
CMP-0178,LOT_10,4.982265134852016,115.12150072285476,35.7566669714937,4.7973140421968195,123.20676277173025,41.626609920230514,4.4488546864500185,139.8269695298081,52.90219657766926,4.33608238290593,164.12497262662814,70.98118368969222,1,-0.18495109265519627,8.085262048875492,5.8699429487368135
CMP-0179,LOT_01,5.056154731522077,119.91000958471399,32.0587316022957,5.073214428989065,120.07803200843006,33.21313124071978,5.069902471617932,120.23008022269997,33.79217623217994,5.08954847786052,120.75592788323684,35.684093863291906,0,0.017059697466987878,0.16802242371606724,1.1543996384240813
CMP-0180,LOT_06,5.049009543583591,120.56234633128696,33.953664190105535,5.050350144745268,120.73284707147748,35.09903077903895,5.055031331536497,120.52118841305843,35.63117334265425,5.052329464160169,122.5206858675628,35.7368078895243,0,0.00134060116167678,0.1705007401905192,1.1453665889334133
CMP-0181,LOT_01,5.067838157873198,118.51003412254872,34.05187126578663,5.084000511838731,118.54461416315965,34.121274423533855,5.0897895108259705,119.5095813329984,34.703409379450484,5.1060192476734345,120.11150879944165,37.80678221015637,0,0.016162353965532894,0.03458004061093334,0.0694031577472245
CMP-0182,LOT_08,4.999158163813329,123.64411044268569,32.716701087212854,5.019433974518867,123.94044733621344,33.767937270764435,5.025794688807863,124.15304385600307,34.0763863069353,5.044962261803942,125.43821700029478,35.66414830821363,0,0.020275810705538078,0.2963368935277515,1.0512361835515804
CMP-0183,LOT_10,4.951419061349352,121.47938501682584,36.22901464558962,4.987455324336856,121.90416417871393,36.99997374475556,5.008989812410462,122.64989542938757,37.5324301680672,4.999392070798255,123.17472959782295,38.33790635216783,0,0.03603626298750395,0.4247791618880825,0.7709590991659354
CMP-0184,LOT_09,5.004479638368422,121.99187736964451,34.09310207573069,4.996055793748115,122.10855787614086,34.463395542377626,4.986358277975116,122.56217464855489,34.668955465578826,5.0020006945516915,122.72151493364984,36.11098925369923,0,-0.008423844620306653,0.1166805064963512,0.37029346664693463
CMP-0185,LOT_04,5.0008064707638,119.07794743883832,34.35015101506547,5.0140839354633195,119.69478125350878,34.89634226201517,5.024631146797533,119.58529538290988,35.802199154100464,5.0493269203024935,120.55474694006834,38.349563858927255,0,0.013277464699519292,0.6168338146704571,0.5461912469496966
CMP-0186,LOT_06,5.010872020765163,119.9283505066681,34.84955349883489,5.019728799085115,120.44977151267,36.27353287056674,5.050394842629236,120.94909643931875,37.48119090665256,5.025693460159779,121.83274923903312,37.663939651505146,0,0.008856778319952241,0.5214210060019013,1.4239793717318534
CMP-0187,LOT_06,4.99389580560143,115.61491301838518,34.17789060013276,5.016214556944323,116.22552837579023,35.30234739947028,5.041344582283646,116.87086440756477,36.711209993195844,5.054603030477263,117.98637860215871,37.58938426659528,0,0.022318751342893073,0.6106153574050524,1.1244567993375156
CMP-0188,LOT_06,4.98464364634571,118.79707837688198,37.56015146062846,4.9968056931089375,119.45805449005447,38.62202146783416,4.998007958345138,119.96134935782919,40.14001847671802,5.027910494594526,119.60231791018924,40.44982590257324,0,0.012162046763227075,0.660976113172481,1.0618700072056981
CMP-0189,LOT_09,5.027175055627696,119.57240627630009,32.29928196239873,5.056105544481921,120.20888477826264,33.26427553299233,5.060534278440691,121.03359035720017,33.79328383287923,5.099070672972241,121.47998242112477,35.46002107338221,0,0.028930488854225445,0.6364785019625572,0.9649935705935988
CMP-0190,LOT_09,4.9912515981642915,122.09128024041853,33.701985751847246,4.98503234689599,122.71416826499703,35.01760491588082,5.002235964183666,123.33648677588243,35.657334726712044,5.0207820009837,123.69138920161976,36.62791406722867,0,-0.0062192512683019174,0.6228880245785007,1.3156191640335706
CMP-0191,LOT_02,4.913251195897728,120.99957620859159,32.481334358564425,4.922168862514498,121.41285071156075,32.438820210224485,4.938004426371005,121.7988392929031,32.189217038943866,4.958960224329983,123.13035380055521,35.630919684061745,0,0.00891766661677007,0.41327450296915913,-0.04251414833994005
CMP-0192,LOT_02,5.002302906928856,122.6563132417916,37.52357537801015,5.023638593957612,122.96800572134563,38.62424780461761,5.040231336121983,122.92512063067046,39.658928134427995,5.0890984304772,124.28797380424604,41.80297826977102,0,0.02133568702875621,0.3116924795540399,1.10067242660746
CMP-0193,LOT_09,5.019063569504048,118.36834670403114,33.554337219148415,5.041726615075742,119.14281517260444,34.05878406135474,5.06624659714405,119.61672717992263,35.02868834859996,5.070930987864443,120.6399904066666,36.12495862284529,0,0.02266304557169363,0.7744684685733034,0.5044468422063275
CMP-0194,LOT_09,5.015470641987997,121.24836854493907,33.75010611269413,5.047057232095045,121.84233352958006,35.106604825366674,5.032934444926872,122.09552292265633,36.52554666932604,5.072795054460897,121.8854436621656,37.93723676855373,0,0.03158659010704845,0.5939649846409907,1.356498712672547
CMP-0195,LOT_08,4.995608216069815,120.40941337204106,36.76843186788747,4.996633286361268,120.71084401047428,37.67018265768842,5.019040878355587,120.81158083469023,37.63616535774387,5.033107704902144,121.40935485419078,39.356401847352195,0,0.0010250702914529342,0.30143063843321727,0.9017507898009498
CMP-0196,LOT_03,4.966051034282401,119.9848654067377,36.39556678643434,4.9683387326200545,120.8163406307842,37.05328877434444,4.968092355596277,121.77754789635354,37.9590188505264,4.977298238039823,121.7387740651939,40.135747636378085,0,0.00228769833765341,0.8314752240464998,0.6577219879101008
CMP-0197,LOT_04,4.997878309496045,120.18031365533514,33.5206398342251,5.007321458969545,120.68137822742548,35.09074457369347,5.035432834394213,121.08261540791779,35.783768001763065,5.040607305010658,121.38878400296198,37.56165669508339,0,0.009443149473500334,0.5010645720903426,1.5701047394683698
CMP-0198,LOT_03,4.951530071113069,118.0863265742407,37.17058804404665,4.959965856321636,118.91439739302037,37.9137699136892,4.974333934338609,120.13220040992584,38.18507654135756,4.942009566323641,120.55769245866398,39.252322629374746,0,0.008435785208567026,0.8280708187796648,0.7431818696425481
CMP-0199,LOT_04,5.013408139047765,118.09892758562852,34.73008986817504,5.027906292313331,118.39726580837366,35.380047853352096,5.032695549809353,118.46862117810578,35.96876736195272,5.050282223111389,119.19749133757945,37.162946659006714,0,0.01449815326556525,0.2983382227451443,0.6499579851770534
CMP-0200,LOT_06,4.967212826878384,121.38212513173376,37.15396718720267,4.793993807268612,130.35252159468916,42.794541454050695,4.535106234980767,146.83287265044788,53.97219602770721,4.447439141839347,175.68478001965636,60.41920901636301,1,-0.17321901960977204,8.970396462955406,5.640574266848027
CMP-0201,LOT_03,4.965494222942403,117.02892168095545,35.21175352824896,4.95792945573494,117.48096747837673,36.855174659571716,4.939283012148746,117.59711843960255,37.13915853699093,4.97666305854072,118.29810908555362,39.974483764928586,0,-0.007564767207463241,0.4520457974212775,1.6434211313227536
CMP-0202,LOT_08,5.02476364730343,120.29126062868777,35.589844665477244,5.026143823750296,120.96270269939909,36.03382253829764,5.048674478658829,121.81854545003473,36.939254839341686,5.042619562571057,122.16285765355393,35.74460784221711,0,0.001380176446866166,0.671442070711322,0.4439778728203976
CMP-0203,LOT_03,4.997468594347151,121.41306502579566,34.88784661765291,4.996066525780639,121.88478449163058,35.921624359693325,5.0077905344543545,122.43336030181611,37.2413088821526,4.994345834719956,122.97263471971301,38.95356811858792,0,-0.0014020685665112609,0.47171946583492286,1.0337777420404137
CMP-0204,LOT_02,5.008982334039002,118.8292429960539,34.443934423290344,5.009934259006858,119.29533285291382,36.36456223050379,5.0009678035892,119.44444985217017,36.51359494542204,5.06448262473942,120.06416300015317,38.34405098222565,0,0.0009519249678557884,0.46608985685990945,1.9206278072134495
CMP-0205,LOT_09,4.988242467669278,124.91648721147313,37.08810638146138,4.989713089491356,125.54600203208547,37.67234499512819,4.973067574908662,126.35185530738485,39.052391418449965,5.030634134512313,126.31106940747569,39.5389244079266,0,0.001470621822077689,0.6295148206123429,0.5842386136668125
CMP-0206,LOT_04,4.947399964032358,120.78299207469621,34.40954379305443,4.9412092458311765,121.30576711352461,35.94904861267249,4.9332454214956645,121.9973949280274,36.914819460239336,4.976212211095823,122.74175486338412,37.393476419132206,0,-0.006190718201181333,0.5227750388283994,1.5395048196180596
CMP-0207,LOT_10,5.04445636587635,118.91599219294805,33.95893501421354,5.036242862457104,119.76652170385825,35.37179183492619,5.057791302176225,120.55683931989209,36.460146015697894,5.051356285353513,120.68463965179714,37.02974034325249,0,-0.008213503419246315,0.8505295109101922,1.4128568207126548
CMP-0208,LOT_10,5.027795601564972,119.07239911729712,35.69824516124942,5.027686912386409,119.87330046101496,36.36771061334585,5.0452031938757465,120.6930937499379,37.36009488544835,5.049576312222802,120.87870150344297,38.32255773583616,0,-0.0001086891785631039,0.8009013437178396,0.669465452096432
CMP-0209,LOT_03,5.073979518682547,119.78292673462968,33.82130559592584,5.078816542713932,120.50300087076913,35.15910891250808,5.097221480387416,120.92574451109618,36.245790147594555,5.085945320214919,121.37319385509625,37.93495250242148,0,0.004837024031385084,0.7200741361394449,1.3378033165822387
CMP-0210,LOT_05,4.95090450770246,118.28894709418284,35.16305322922011,4.9781658314491555,118.40583406128904,36.30221969900536,4.967525181475558,118.71553476323137,36.92000548997324,4.989755664580418,119.13893609145944,38.307985347306456,0,0.02726132374669543,0.11688696710619695,1.139166469785252
CMP-0211,LOT_02,5.0389934806261385,121.50574433429776,36.264761465034006,4.811956755812934,130.10358063946606,43.27872974874439,4.679464319456236,139.62588561500667,50.59765118733566,4.021318493816298,168.63338784456596,67.43307902430215,1,-0.22703672481320414,8.5978363051683,7.013968283710383
CMP-0212,LOT_02,4.954238713942334,121.96134658865485,36.455746971295596,4.954281811673916,122.56000014742267,37.401980099162564,4.972596761743401,123.12920183813685,38.800149841847684,4.975789802536837,123.47606311270951,40.27883148560831,0,4.309773158173158e-05,0.5986535587678219,0.946233127866968
CMP-0213,LOT_06,4.96677066638707,117.90947443720304,34.14841678512095,4.970562452530264,118.56671429093363,35.63640881026798,4.978235498187278,119.49598999658093,37.12064350715055,4.995430430858275,119.1557684051621,38.89671012981641,0,0.003791786143193754,0.6572398537305872,1.4879920251470296
CMP-0214,LOT_01,5.006308259821549,119.32078994878687,33.665314510554204,4.7828762883057845,128.58652659590143,38.49021292970927,4.573320877399464,144.9539141477411,49.838862781833654,4.379057702258825,165.48059290345472,66.71882118679318,1,-0.22343197151576444,9.265736647114565,4.824898419155069
CMP-0215,LOT_10,4.966124422715412,117.85276854172487,32.15743122507818,4.97729422505565,117.90420301740278,32.49633324203445,4.979236318145449,118.15481726661746,33.49453749313798,5.0034058288937,119.35110239037051,35.098240228204595,0,0.011169802340238455,0.051434475677908154,0.33890201695627553
CMP-0216,LOT_07,4.999904079999547,120.60693380163335,35.767270552878784,5.0113206469734575,121.02749493964993,36.601049285708896,5.009057270998508,121.65397998862288,37.35404169866632,5.018057171960722,121.69637252998763,37.63273030348267,0,0.011416566973910136,0.42056113801658057,0.8337787328301118
CMP-0217,LOT_08,4.9568599990213364,121.61709549920404,34.15932678530844,4.9527949927512145,122.32133995704787,34.89077829052538,4.956661506398083,122.83369396315263,36.26207290192044,4.973195738568541,122.72178139397525,37.32587989381513,0,-0.0040650062701219625,0.7042444578438278,0.7314515052169455
CMP-0218,LOT_06,5.094396198576473,119.99776055600422,31.647446753152,5.10796984829803,120.88668011445627,33.43540689742469,5.145434162629378,121.08075205884182,34.69148309541308,5.113529957503296,121.99882481416473,34.4170449544329,0,0.013573649721556613,0.8889195584520451,1.7879601442726916
CMP-0219,LOT_07,5.044927764007131,121.60143824333932,35.41522959399623,5.041423549826577,122.03911035654937,36.04217135252487,5.064468686176994,122.89256581239452,37.37036414554031,5.0463191614382366,121.66934379540463,36.62860183402083,0,-0.0035042141805536886,0.4376721132100556,0.6269417585286376
CMP-0220,LOT_08,4.9799372530340085,118.49855076346978,37.46399044015435,4.893195250308425,126.54744820730936,43.023885803558386,4.526404695078261,143.69232445967148,55.30759800601783,4.4538922239917,167.8157837779579,72.24610107128089,1,-0.08674200272558341,8.048897443839579,5.5598953634040384
CMP-0221,LOT_03,4.985271562266919,114.96780960845447,31.80774568702128,4.985090386151732,115.57405425417299,32.86464546969143,4.997855886759368,116.659337298979,33.030100662261525,5.004541719068058,116.7262720155799,34.275626976460764,0,-0.00018117611518686516,0.6062446457185189,1.0568997826701505
CMP-0222,LOT_01,4.920002533295783,122.81981243455006,33.97757817120435,4.950316534943568,123.31331756976657,35.491604953903945,4.9595169919087,123.8040944200884,35.99959028729294,4.972699013530893,124.4723169169736,36.8641981467718,0,0.03031400164778475,0.49350513521650896,1.5140267826995952
CMP-0223,LOT_04,5.114983203480742,119.82053846017676,37.317848227544836,5.123026980172665,120.37239598848375,37.657166191722204,5.126320891294647,120.93555638972052,39.250168107202136,5.1474666357261905,122.06425616908024,40.169749479884544,0,0.008043776691923021,0.5518575283069822,0.3393179641773685
CMP-0224,LOT_07,4.997047889134747,124.78044542130361,34.27190569562882,4.99938327079277,125.0384348513658,36.43741803140785,5.021674984382039,125.43819863135171,37.8619293798446,5.033137114495126,127.0214985870536,37.19915176521592,0,0.002335381658022939,0.2579894300621959,2.1655123357790345
CMP-0225,LOT_01,4.90131586617957,122.12065440955939,34.59440516629496,4.918712178229436,123.09260879642531,35.417783320381155,4.922394883489578,123.62820804734251,36.71140699687286,4.927377917723232,123.77712799785924,38.26353473657425,0,0.017396312049865692,0.9719543868659173,0.8233781540861926
CMP-0226,LOT_10,4.897763586849759,117.54921640106178,37.251853795740814,4.911782869680548,117.89677721485434,38.16664896712332,4.921981419772573,118.61749722293838,38.28751726969393,4.914963886907138,119.03325509228603,40.08678130272696,0,0.014019282830788349,0.34756081379255477,0.914795171382508
CMP-0227,LOT_01,5.0178564338135665,122.18316723875495,35.730227820723925,5.029247551211182,122.66399051824175,36.31280224433817,5.038167572324586,123.54190227410587,37.05328799103811,5.031451471424214,123.41786697385905,38.473482482158914,0,0.01139111739761578,0.48082327948679904,0.5825744236142469
CMP-0228,LOT_07,5.024265164153157,121.04568752149807,36.33347477060697,5.048500758875807,121.74485926637254,36.86635523853299,5.044947742177163,122.22212782343459,37.44076755991328,5.045734224336589,122.52401336928605,38.486744891637755,0,0.02423559472265069,0.6991717448744765,0.5328804679260202
CMP-0229,LOT_06,5.0589225425159166,120.39847608249848,38.707713614083204,4.917447951816899,127.81834453462398,44.713912938065505,4.72644666201224,137.89463159074353,59.67805473398825,4.585616157157467,172.62858497286396,69.30632947042342,1,-0.14147459069901736,7.419868452125499,6.006199323982301
CMP-0230,LOT_01,5.038534939104738,122.53524712160781,33.714235394333855,5.0484456004258185,122.69017626920628,34.08483216449169,5.074166044090077,123.05025131740405,34.33043067702267,5.073034807714987,123.42897005349076,35.708174838271255,0,0.009910661321080205,0.154929147598466,0.37059677015783166
CMP-0231,LOT_05,4.954731739365909,120.30815998429773,36.45411468612231,4.977113342380807,120.6751476402254,37.92280316958213,4.975351207978751,121.72301044429744,38.15591765687227,5.023682918596642,121.34690458681604,41.53340033341781,0,0.022381603014898666,0.366987655927673,1.4686884834598217
CMP-0232,LOT_04,4.949199173529589,118.95552304091498,36.17177180783561,4.969725617705745,119.44137992257009,37.19410094831734,4.991100913195406,119.98091945067334,37.347348518648154,4.973466137212941,120.55893989414592,40.166486881515496,0,0.020526444176155678,0.4858568816551099,1.0223291404817303
CMP-0233,LOT_10,5.014364538051818,121.49762777196496,33.999873724689714,5.022832228449236,121.83280162769707,34.37550241933586,5.037835463623779,122.38845561967248,35.519328661590365,5.053754465067085,122.954123763359,36.8207957518779,0,0.008467690397417904,0.33517385573210845,0.3756286946461458
CMP-0234,LOT_08,5.02064456976112,118.54771119462728,35.55455888845869,5.03732874661398,118.91377490901284,36.58047493795512,5.037974708969539,119.255822900058,36.81801026040404,5.0826442451173115,120.44661749637287,39.010422021336986,0,0.016684176852860055,0.36606371438556096,1.0259160494964235
CMP-0235,LOT_10,5.151588120755532,119.54494116927356,35.38279002763402,5.15761034161613,120.11940628128562,36.80059749157714,5.165901595720334,121.1524222354209,37.720172133893875,5.183020049338334,120.66490743402876,39.13539675121745,0,0.006022220860598004,0.5744651120120636,1.4178074639431202
CMP-0236,LOT_06,4.969588013533135,118.44705118370327,39.007645069635025,4.976953241031345,118.65565409954701,39.658534339768735,4.986179723439202,119.31965420933196,40.73593260063139,5.010485532066876,119.33322394622834,41.93088669456997,0,0.00736522749820967,0.20860291584374124,0.6508892701337103
CMP-0237,LOT_10,4.954114551274987,117.62322229080345,36.59631423328701,4.971000668284776,118.31855536479908,37.61597076629916,4.9926527837677535,118.29016854340632,38.847514525321834,4.994543064884876,119.63211016487367,39.91998940553805,0,0.016886117009788926,0.6953330739956272,1.0196565330121459
CMP-0238,LOT_06,4.925098011230448,118.57589166763407,35.84737592190937,4.941998925382202,118.8023032121577,36.35682623817526,4.941150390093089,119.19511169407765,36.47580082274893,4.933557890059399,119.39138556395392,38.42582930715526,0,0.016900914151753987,0.22641154452362855,0.509450316265891
CMP-0239,LOT_04,5.0529276408070904,117.39644052517298,34.69033136238419,5.073175208144598,117.81278684710021,35.40349651695498,5.100627645359196,118.22092622340875,36.75574402955777,5.1017545159671425,118.6413645206453,37.787248941433006,0,0.020247567337507988,0.41634632192723586,0.7131651545707882
CMP-0240,LOT_10,5.051044141050124,118.90330892426996,35.06180910017243,5.060428984254077,119.54413855259793,35.54921950295034,5.0856836399776455,120.18403718424905,35.69075696613387,5.104594240763687,121.66118509299679,38.35068667858987,0,0.009384843203953608,0.640829628327964,0.48741040277791114
CMP-0241,LOT_01,4.916924754013074,116.31175909766495,35.38262306580164,4.921004965935774,116.62884384199948,36.351249723817304,4.940238745253693,116.69301657797084,36.92681091367711,4.97120237959818,117.0911996518888,39.047058673549266,0,0.004080211922699917,0.3170847443345366,0.9686266580156655
CMP-0242,LOT_10,5.027289687992497,122.19465501440574,36.11192265047753,5.046381284014636,122.46433630772415,37.66875250384818,5.043590887295114,123.04219883739562,38.59787559734679,5.076083735192028,123.63281464575425,38.993704521028405,0,0.019091596022138724,0.2696812933184134,1.556829853370651
CMP-0243,LOT_06,5.0092917288759455,122.29875368191564,34.9329005987182,5.005240085269176,122.99197961811646,35.747715293887644,5.020370137130492,123.2977417895726,37.36986614900449,5.0077087887855125,123.82326474106337,37.8336742560455,0,-0.00405164360676924,0.6932259362008182,0.8148146951694457
CMP-0244,LOT_07,5.01652597642938,123.22382095493498,34.264306758959435,5.030477404619697,123.17393387772726,35.24484215871701,5.035781770330804,123.42838459700415,36.58556739353128,5.04395253098722,124.08519513418047,36.943087858885754,0,0.013951428190317472,-0.049887077207714015,0.9805353997575779
CMP-0245,LOT_06,5.048054674306011,115.78009870624005,33.85052697557644,4.878068671491523,127.26734244082319,41.003432623821,4.5779800224225005,139.08411220612734,50.11936272207082,4.285494760670871,165.16031647754843,60.723931328377994,1,-0.16998600281448795,11.487243734583132,7.152905648244555
CMP-0246,LOT_02,4.9485747879529365,119.56571277384737,35.416016269580325,4.9536273036476794,120.17650347504643,36.12451932774829,4.97293288955665,120.80917009365741,36.89405780039432,4.96479965740036,121.25227387292907,38.56472232217525,0,0.005052515694742965,0.6107907011990648,0.7085030581679632
CMP-0247,LOT_06,5.048799497490792,126.17702438972057,35.77393771515177,5.06364593260391,126.8178274045849,36.269454726357644,5.066987408057629,127.1659766245772,37.39326171496742,5.0801624413594855,127.88693911732206,39.13941842247642,0,0.014846435113117451,0.640803014864332,0.49551701120587666
CMP-0248,LOT_05,4.9919139498479375,118.66000980624355,36.70291209747978,5.009652861657036,118.83875844258448,37.54633512802564,5.022135593587288,119.57240735772079,38.80138587549553,5.035330981680546,120.1313822082639,39.597644569928164,0,0.017738911809098923,0.1787486363409272,0.843423030545857
CMP-0249,LOT_09,5.000949559332005,119.93064149996282,32.1716406433348,5.006974725982711,120.44188263058065,33.030955647381944,5.013272369050037,121.08828004182203,33.291477053857626,4.994413881703687,121.26779773516232,35.642247171783374,0,0.006025166650705849,0.511241130617833,0.8593150040471471
CMP-0250,LOT_09,5.039106411954737,117.0634724802623,34.651449140934844,5.051672755765552,117.59899070364702,35.921101417406284,5.047917021568641,118.11847362991224,36.93126283229435,5.088186174831625,118.19613162034062,37.644975923611966,0,0.012566343810815006,0.5355182233847131,1.2696522764714402
CMP-0251,LOT_10,5.062992494067697,118.95117021405791,33.47062323774884,5.074648615570024,119.43998112764886,33.341016298960035,5.087881235109551,119.66148388841215,34.383860778555295,5.0690115906154505,120.45498439691433,35.11448563585083,0,0.011656121502326755,0.4888109135909531,-0.12960693878880392
CMP-0252,LOT_10,5.006234863882567,119.48967164995709,32.69559152893363,5.001462784247957,119.87289426213864,33.69145158696884,5.002339065039971,120.56045784131248,34.351841127362995,5.0021625297523675,120.7338461156447,35.87213945602208,0,-0.004772079634610016,0.3832226121815552,0.9958600580352055
CMP-0253,LOT_01,4.966554532999829,119.8530426768192,35.63918592022914,4.97632030340782,120.25291904762148,35.86455733205702,4.978657785022024,120.43080832380613,35.80125399149513,4.980406726574408,120.72937318723825,38.33158656829138,0,0.009765770407991425,0.399876370802275,0.22537141182787934
CMP-0254,LOT_08,4.954806035520956,119.47954273887376,32.2126360068312,4.959862636019129,120.05933911901423,33.62510495163825,4.959166929793759,120.87489557717248,33.667258990881514,4.954910080036253,121.41417005183317,36.962001934488846,0,0.005056600498172692,0.5797963801404649,1.4124689448070527
CMP-0255,LOT_08,4.922715486470989,119.91931522693197,31.707224380216687,4.912491015910554,120.44519713431114,32.5281930454311,4.905903488178272,120.96485690856017,33.38575872918501,4.951379333281359,121.5134982758175,35.51090854009861,0,-0.010224470560435073,0.5258819073791727,0.8209686652144157
CMP-0256,LOT_03,4.994233250259633,122.12862437249436,33.53233867993785,4.984955622922941,130.87913932882782,40.10358255919436,4.801533411006934,150.38801938578766,52.46898730695243,4.190986158466728,180.01697881689387,68.88722840134571,1,-0.009277627336691907,8.750514956333461,6.571243879256507
CMP-0257,LOT_09,5.026310100906195,118.6972514198649,35.15025445699021,5.033469110852587,119.58225398021207,37.141384607063,5.044166808405808,120.10144729362273,37.75466312388824,5.075589236682642,120.41779404504538,38.80431478734644,0,0.007159009946391848,0.885002560347175,1.9911301500727916
CMP-0258,LOT_08,4.973085045234168,119.92448993110294,32.62803382773351,4.9901269486854,120.81266331893931,33.98864651413341,5.022053936198609,121.05883267808612,34.90680865514751,4.991263750198012,121.69878054614864,36.60641569601541,0,0.01704190345123191,0.8881733878363747,1.3606126863998966
CMP-0259,LOT_06,4.934248544723112,117.23767213701845,35.73717888490938,4.964887490079679,118.01016378581849,35.78918628533635,4.996203629150726,118.79108391092288,35.81653631257197,4.978823457745469,119.5579249915664,38.229533094084175,0,0.03063894535656697,0.7724916488000417,0.052007400426965944
CMP-0260,LOT_09,5.03053710778981,115.72499880783883,34.66576673636418,5.0519166754838105,116.22867765095309,35.41629796138321,5.075256869290396,117.02110319547906,36.87131780781668,5.089403524052738,117.76936504792167,38.002624807333234,0,0.021379567694000734,0.5036788431142583,0.7505312250190244
CMP-0261,LOT_03,4.9881370140451295,117.57526341388055,33.56703273677029,4.9953168692257774,118.12355384580104,35.287439035772415,5.004689910807644,118.92459673306433,36.62709686398848,5.010687933272002,119.42089895148614,37.092616602392525,0,0.007179855180647898,0.548290431920492,1.7204062990021285
CMP-0262,LOT_04,5.031792166913297,117.61903249062328,35.24228697823077,5.058273288531535,118.08278628371394,36.46614449327831,5.076461471097622,118.27179941396456,37.52149846788507,5.050396585490843,118.76997423051324,39.32672286727366,0,0.026481121618238568,0.46375379309066034,1.2238575150475342
CMP-0263,LOT_06,5.017837814515418,119.39104438450694,35.669691531867784,5.027236892037867,119.89356008497731,36.998100795227856,5.02632637592798,120.40566100664371,37.64196669792453,5.015524824545862,120.43333220685265,40.25266595287892,0,0.009399077522449062,0.5025157004703686,1.3284092633600721
CMP-0264,LOT_09,4.93382058492993,116.91929124830318,34.831754149834126,4.959432450261695,117.38193962134231,36.48525392653613,4.974711411823975,118.02331475869607,36.617393671883846,4.99818290869669,118.21447360270551,39.175727889424856,0,0.02561186533176496,0.46264837303913,1.6534997767020059
CMP-0265,LOT_02,5.017600147696881,119.69193336684826,35.60681778962923,5.024936176944956,120.06212141624,37.409559481026214,5.0506704699403775,120.33386199272555,38.493781633823524,5.030082599850933,120.46977909440884,40.23660703414539,0,0.007336029248074638,0.3701880493917429,1.8027416913969816
CMP-0266,LOT_09,5.046342795678827,119.49455537485389,34.682680095379204,5.0604403078750595,120.11079513725274,35.26950850696475,5.08120619200631,120.6448062986603,35.44148111053073,5.077042818203465,121.8014346450322,38.61078434556131,0,0.014097512196232564,0.6162397623988483,0.5868284115855431
CMP-0267,LOT_08,5.024530345122795,121.70172180771839,36.088561974978084,5.042379888009674,122.27437442356789,37.05235580556281,5.043254375571114,122.20499376801745,38.02217668891949,5.066100944882718,123.5531623449803,37.982320850928495,0,0.017849542886879455,0.5726526158495062,0.9637938305847271
CMP-0268,LOT_03,5.102727254731039,120.15690026155582,34.90750202119019,5.115817278291896,121.06336766649788,35.395678140340245,5.128865382292805,121.32347043980859,35.922175779917744,5.134825472134257,122.73702928730467,38.836470620891234,0,0.013090023560857311,0.9064674049420631,0.48817611915005443
CMP-0269,LOT_03,5.124636943331926,119.14489103734095,34.14329612846039,4.88588979110299,129.93707417583045,41.59566451701733,4.681485886701669,149.36450506643428,53.13188482691312,4.395184676901539,151.1043987990569,65.59976373788356,1,-0.23874715222893617,10.792183138489492,7.452368388556941
CMP-0270,LOT_03,5.039325837566592,119.92217993042756,35.96766903149168,4.85105107251448,126.76329975926416,41.27250211105358,4.622043101620823,145.36344300769977,49.46906712019229,4.264023319623569,167.29247434965703,57.184950123574005,1,-0.18827476505211216,6.841119828836597,5.304833079561902
CMP-0271,LOT_01,5.016413698104052,118.74484551757794,33.67486226586855,5.036934446964289,119.23207140055304,35.68591674129529,5.047629096436201,119.45424798844789,37.09938717951326,5.06955045024721,120.59550783240125,38.63839728438962,0,0.020520748860237248,0.48722588297509617,2.0110544754267394
CMP-0272,LOT_02,4.993637334550735,119.65710033702442,33.06388019462657,5.001001433049153,120.42437622859978,34.18254924652349,4.9908105131314775,120.4576244051003,35.81493727589763,5.01919505284405,121.10067112574897,35.96335583460589,0,0.0073640984984173485,0.7672758915753661,1.118669051896923
CMP-0273,LOT_05,4.980347353120698,122.73480305547685,35.077477571670975,5.004642672866383,123.28614195528546,36.50409390310551,5.025429068557708,123.97312927516106,37.47806114169687,5.019985658544071,125.2438593010719,37.778544315028796,0,0.02429531974568455,0.5513388998086128,1.4266163314345377
CMP-0274,LOT_06,5.00074429376038,120.80488150668704,34.35579103115825,5.0138917568162755,121.27111298964644,34.5648147724393,5.024035041110128,121.4409433897374,34.49762189121485,5.036629223230063,122.51505466065622,36.986173206122956,0,0.01314746305589587,0.466231482959401,0.20902374128105095
CMP-0275,LOT_03,4.931949153604626,123.94704287362734,33.429186859884446,4.948057563915993,124.30965534929418,34.46902322951823,4.948558750881889,124.97811769568007,35.33741028817658,4.959091768443109,124.78456928945381,36.68324258751224,0,0.016108410311367116,0.3626124756668361,1.0398363696337825
CMP-0276,LOT_02,5.021374052106042,125.2529698180738,37.02525507689302,5.038557530974984,125.73584835852556,37.055878763391256,5.028723235036481,126.62068621535637,37.461000723328866,5.044572489011703,126.65302312068354,38.206241756314014,0,0.017183478868942004,0.4828785404517646,0.0306236864982381
CMP-0277,LOT_02,4.955423527266398,118.51796284044221,33.828213460779494,4.9706471294047425,118.97153770234314,34.738927476832565,4.989601317864376,119.42892581987326,35.39980059260398,5.000056136516146,120.30563662412196,36.62126867722568,0,0.015223602138344283,0.45357486190093255,0.9107140160530705
CMP-0278,LOT_10,4.960910488513334,118.27863391367094,36.15372125295021,4.833157591640565,127.1892307905041,42.575002776038495,4.544281966698787,146.4174344632806,55.75851739861428,4.249279533219969,151.31592121530045,66.03608005991585,1,-0.12775289687276903,8.910596876833154,6.4212815230882825
CMP-0279,LOT_03,5.014104394541744,120.49401341496835,33.89637201462452,5.0311179029251925,121.56307229394987,34.708974477229475,5.0421828236565664,121.92921071464569,35.26496452644851,5.082006892487566,122.22658678508614,36.32971009853639,0,0.017013508383448617,1.0690588789815223,0.812602462604957
CMP-0280,LOT_01,4.9621194137728875,116.58320021409331,35.9477070488179,5.0001163859912605,117.0098644553632,36.11432808232278,5.023616380957707,117.29178696768415,37.564001547599545,5.014475805035461,117.69395661082181,37.97196203772623,0,0.03799697221837306,0.42666424126989,0.16662103350488167
CMP-0281,LOT_04,4.975163764860315,119.60233679404226,33.092217223248674,4.989134080883255,119.74499147527328,33.87015649606592,5.010524859015716,120.3359059601531,34.965316782559114,5.0078331674288785,121.32986456576604,36.60991585348175,0,0.013970316022939855,0.1426546812310221,0.7779392728172425
CMP-0282,LOT_07,5.046377288865677,121.50084710880715,34.340804729979666,5.042938299748763,122.08491953397568,35.61384934539538,5.069295379615841,122.30402315146209,35.9606338157568,5.072136305074919,123.04933603954913,36.10524005693848,0,-0.00343898911691376,0.5840724251685288,1.2730446154157136
CMP-0283,LOT_07,4.952737172406331,122.70336274572021,37.73731852671067,4.950580608721611,123.13748443823768,38.758629788250026,4.987299012635335,123.48962375389036,39.320187776733384,5.0015551198908685,123.95008986187855,41.33639115542319,0,-0.0021565636847196146,0.4341216925174649,1.0213112615393527
CMP-0284,LOT_05,4.9914383627953836,116.68080632334718,33.41684932856644,5.0098303763469065,117.17082524512985,34.25729645828996,5.008599131987193,117.60462842315746,35.2078530418403,5.049488700476142,116.85825190308145,35.59188751887971,0,0.01839201355152298,0.4900189217826636,0.8404471297235148
CMP-0285,LOT_01,5.020168812126336,120.53508057225311,34.542698205509886,5.024900280166464,120.985980274306,36.117069380421256,5.023920161172878,121.46713825736282,37.00874048742047,5.0761072987639535,121.83582614518785,38.884114705230026,0,0.0047314680401280285,0.45089970205289376,1.57437117491137
CMP-0286,LOT_05,4.996812286750467,119.57856204184648,34.50641949192767,5.004254055408041,120.24941001396185,35.62192448055543,5.017783401045589,120.4118429608479,35.93817944186781,5.067122991903581,121.1604971513175,37.00210688409274,0,0.007441768657574066,0.670847972115368,1.1155049886277553
CMP-0287,LOT_04,5.028907745843226,119.72390584943693,34.521990364134794,5.037211882118252,119.9473582153772,35.47802665942485,5.051652378273892,121.00249718553033,36.32102619192746,5.010528341274046,120.9003654989849,39.6696299659115,0,0.008304136275026686,0.2234523659402754,0.9560362952900547
CMP-0288,LOT_06,4.959455552809571,121.18221302886111,33.88697986266539,4.741765176832228,128.48547430239296,40.024269521523685,4.578836978648204,137.57905164750954,53.905983668760506,4.2941013887938615,161.24815319740503,69.40966528171032,1,-0.21769037597734275,7.303261273531845,6.137289658858293
CMP-0289,LOT_07,5.0821367150968815,116.56848343124337,33.36116859442488,5.0963104231272,117.4013300815429,34.518690112482965,5.114753291929936,117.90659115204481,34.80549088542537,5.106507656162412,117.79537522155226,35.49572213826147,0,0.014173708030318366,0.8328466502995298,1.1575215180580827
CMP-0290,LOT_10,4.979810017960845,117.75364403582408,35.47933101008504,4.976791790438634,118.31292063984743,36.23498972560356,5.007891023443394,118.91003630852116,37.652881172100635,4.98167885611013,119.34099230996952,37.45011999911054,0,-0.0030182275222108146,0.5592766040233528,0.7556587155185213
CMP-0291,LOT_10,4.963707088965643,117.56899428230861,32.879724014521024,4.696719683180273,123.45630135530169,39.82096485952879,4.4566938054045915,143.34160750240557,54.787350425980996,3.906908842618129,156.1488929443115,56.03117053574877,1,-0.26698740578537006,5.887307072993082,6.941240845007769
CMP-0292,LOT_07,4.923884288469597,119.53788064020102,32.572659095722415,4.9583474670587,119.7189055873979,33.0487389862875,4.952738454236077,119.76990744438103,34.525035941165775,5.02679642508037,120.4810310277416,33.99240046881197,0,0.034463178589103194,0.18102494719687456,0.4760798905650887
CMP-0293,LOT_01,4.984181728841928,118.69740774727971,35.332062880964344,4.998133460270083,119.2620243988673,36.1740004449801,4.9916091328264685,119.96177432820932,36.98025732469087,5.035900610766776,120.6570621736034,37.03659078974241,0,0.013951731428154979,0.5646166515875848,0.8419375640157583
CMP-0294,LOT_05,4.962222964062973,117.88746918341866,36.13287766396415,4.975736060822852,118.60730598217572,37.33112107266961,4.988865804550953,119.46722491627897,38.36598474253714,4.9970980800916065,120.34753249914105,39.423265779191844,0,0.013513096759878884,0.7198367987570577,1.1982434087054585
CMP-0295,LOT_03,5.009886598835558,121.40605091809083,36.8555758127637,5.019380724821223,122.1676340428468,36.87056829677792,5.028548924199105,122.65560556921547,37.30707111057424,5.087057945580861,123.13453772650242,38.54438367949437,0,0.009494125985665569,0.7615831247559726,0.014992484014214824
CMP-0296,LOT_06,5.049411512687507,115.99437252294834,33.860198111982626,5.06924391238196,116.36858345196178,34.44576053058249,5.098886796929676,117.27065977224733,35.504255766663064,5.0801415657011875,117.24884791940362,35.80244056132252,0,0.019832399694453606,0.37421092901344366,0.5855624185998636
CMP-0297,LOT_05,4.9690972796607396,117.9305580186305,32.654442322185275,4.981291306358279,118.47747713480919,34.504838701399436,4.981266230832959,119.06630731169618,35.461194991036834,4.996214555135769,119.84964392918403,37.125022050880006,0,0.012194026697539329,0.5469191161786853,1.8503963792141604
CMP-0298,LOT_10,4.987218014747611,119.28493978289093,32.948369151804414,4.796922125816726,126.04092473508756,37.26241150816026,4.6146614051287065,142.79217966141223,46.04927977840492,4.226851149650212,173.73763079317604,60.351551241964,1,-0.19029588893088434,6.755984952196627,4.3140423563558485
CMP-0299,LOT_01,4.966060591307891,122.0233208274133,34.6314188395067,4.7835804058281495,127.51671030272297,41.01122560494973,4.586618218980314,142.609641706169,52.60739134914991,4.140203426557421,174.67249298912685,60.4368277123978,1,-0.18248018547974176,5.4933894753096695,6.379806765443028
CMP-0300,LOT_07,4.958099040978715,122.33257661306497,35.54240078276538,4.970663630087301,122.96996734661914,37.403815724449906,4.9832279603701135,123.43605523535773,38.9581755361112,5.010014638407124,123.80947742642728,39.40796488337712,0,0.012564589108585267,0.6373907335541702,1.8614149416845294
CMP-0301,LOT_04,4.932170007453045,116.91503078439688,33.66891496699632,4.9325226230229315,117.28626598160237,34.98627028804132,4.939988685678061,117.84518436310543,35.17411858302019,4.9432897789645125,118.57989481247479,37.46223225458276,0,0.0003526155698869715,0.37123519720549325,1.3173553210449995
CMP-0302,LOT_08,5.008083119318978,124.39769570696467,34.97360310611654,5.011151249857553,124.86294322909224,36.01969165987996,5.018883724147195,125.35353681888928,36.09796826141154,5.0118986403558345,125.78827561055648,37.88747728386201,0,0.0030681305385753532,0.46524752212756937,1.0460885537634184
CMP-0303,LOT_01,5.00305074277071,121.77882691304904,34.851182397160926,4.873005903035622,128.6956263101812,41.70932598255865,4.648302445101952,139.69546735852333,52.54979957354081,4.353992512400256,162.91516050105395,65.42239620910439,1,-0.13004483973508751,6.916799397132166,6.858143585397727
CMP-0304,LOT_06,5.012246961352224,122.12701785690305,34.02188814589581,4.83082657241738,130.48988065280378,40.64480768129399,4.4728246229985995,143.24619866035283,52.39360768320992,4.406386708343441,151.07206516762432,61.707125715493135,1,-0.18142038893484358,8.362862795900725,6.622919535398182
CMP-0305,LOT_04,4.939210085074556,118.35075485759077,31.081706302521,4.944400918412815,118.77162614676557,31.826717714353872,4.971016078505071,119.52981140346665,32.665646076487526,4.956988657342018,120.284720980819,33.81091142648519,0,0.005190833338258649,0.4208712891747979,0.7450114118328734
CMP-0306,LOT_06,4.914187566125772,119.11737101220864,36.131965425758914,4.946952953021203,119.62969308144653,36.74928766819876,4.93917847489694,120.29527955033821,36.66697964200662,4.977959855049301,121.03854888457799,39.09831123078505,0,0.03276538689543074,0.5123220692378965,0.6173222424398475
CMP-0307,LOT_10,5.008546918556415,118.44375231627882,37.77561848356254,5.01503012476031,119.0989027763688,37.56631134221468,5.044177188002024,120.03953189976518,38.381228235778,5.046205545455065,120.37816036717258,39.0520844865021,0,0.006483206203895087,0.6551504600899847,-0.20930714134785688
CMP-0308,LOT_06,4.959568476506372,118.78248615270935,36.690414714818445,4.979315053413374,119.1412110522862,37.323626543067924,4.979631104376509,119.86100292222584,37.623634152662724,5.006449306194093,120.51463445760334,39.25303018283344,0,0.019746576907001767,0.35872489957684195,0.633211828249479
CMP-0309,LOT_08,4.989307219950304,118.04550753773628,36.52576602143031,4.991642015480515,118.6154619012793,37.49010798786734,4.985850269533841,118.93273095813231,38.981544107387705,5.015675166333205,119.11088673059588,39.73437061774629,0,0.002334795530210876,0.5699543635430189,0.9643419664370327
CMP-0310,LOT_04,5.172702320112209,120.57024768268454,34.42906272940046,5.19690259929008,120.70204044922598,35.47622280759101,5.236819026710297,121.16718066391805,35.40957228526697,5.208984240001868,122.4292994697055,37.777078484647625,0,0.024200279177871487,0.13179276654143735,1.0471600781905508
CMP-0311,LOT_03,4.97201498644251,120.72239576810799,37.00729419940798,4.992539216570501,121.31359820452981,37.34147181937924,4.9826202288606,121.97357381089394,37.46873627041279,5.008027876149129,122.4656734276229,38.431396623089086,0,0.020524230127991316,0.591202436421824,0.33417761997125695
CMP-0312,LOT_04,4.995293946771609,121.0073005750481,36.59227815562063,5.0113644811193145,121.52203189404655,37.21918077884211,5.005300876181646,121.8687687675478,38.22414857133239,5.038096955251861,121.47208090118399,38.59063915622811,0,0.016070534347705667,0.514731318998443,0.6269026232214756
CMP-0313,LOT_06,4.929149554344851,124.7116423631963,34.956587401527855,4.7983662523105215,133.51069187528657,40.405194202287575,4.633449459705629,153.44203596227666,51.84793262194789,4.456193805091366,155.46900890964636,56.529019646179606,1,-0.1307833020343292,8.799049512090264,5.44860680075972
CMP-0314,LOT_08,4.957843367099413,120.5665735963013,32.54091514180315,4.947434778592937,121.13023183683192,33.13636550820569,4.927597265023478,121.79241468771605,34.99640589373109,4.995225983764539,122.00157289419909,35.14344175356325,0,-0.010408588506475525,0.5636582405306285,0.5954503664025452
CMP-0315,LOT_04,4.982823214058715,120.06835543144915,35.45092221014681,4.998361977261504,120.5417401430469,36.39087958761243,5.02905946220782,121.40459635377977,37.42958487433047,5.052744158661962,121.34851726193368,39.689258346515935,0,0.015538763202788353,0.4733847115977454,0.9399573774656247
CMP-0316,LOT_06,5.16355130611073,117.61503614643505,33.96598212167399,5.177739284392735,118.19448295703084,35.941051613761495,5.177713664143242,118.965958512639,37.32228311610249,5.211832241037148,118.71398478606868,39.06725865796486,0,0.014187978282005353,0.5794468105957975,1.9750694920875063
CMP-0317,LOT_01,5.010217384360447,120.45221602008874,34.881896311640936,4.89225664107308,128.5144857259787,39.609108848611974,4.573192520529617,147.91011038409968,52.50340950801569,4.153668957883621,164.1020674531288,67.09389841187497,1,-0.11796074328736772,8.062269705889946,4.727212536971038
CMP-0318,LOT_09,5.073283008417268,119.46457834590505,34.349859522827735,5.088106870790592,119.59727630543004,34.95459229796627,5.11282296277097,119.5760497267114,36.31337939643285,5.138329602117775,120.41254863651817,37.18804251190732,0,0.014823862373324559,0.13269795952498953,0.6047327751385367
CMP-0319,LOT_09,4.95494005459703,121.73555104105236,33.99327680730399,4.960164031663698,122.07568374818736,35.16460040690139,4.987533567452181,122.5204498685522,35.32897582694519,4.958509895217961,123.27298345887263,38.63989353761681,0,0.005223977066668439,0.3401327071349982,1.1713235995974003
CMP-0320,LOT_10,4.980655172467437,121.53236793370057,34.64075204661988,4.986872320293795,121.84067611256151,36.344976468743056,4.95878420153136,122.58003387264529,36.91310399984429,4.998665505664762,123.68683369062042,37.773671594983014,0,0.0062171478263577384,0.30830817886094053,1.7042244221231755
CMP-0321,LOT_06,5.020692369290612,119.11628843541426,32.63921160419617,5.022035387481794,119.87255520670716,33.676599998763926,5.038801696737352,120.29412884455525,34.14685115067729,5.075586776479303,120.77845927818163,35.32190409514222,0,0.0013430181911822103,0.7562667712928999,1.0373883945677562
CMP-0322,LOT_03,4.9638819820566304,118.810545312452,35.015370026025344,4.973884683097512,119.36246758203265,37.06120457072309,4.988928406792797,119.14905139320742,38.02435404243887,4.994642282987304,120.38419259420837,39.25796241824003,0,0.010002701040881412,0.5519222695806434,2.0458345446977475
CMP-0323,LOT_03,5.030652210488539,118.915838405611,33.578470496541236,5.070890025014763,119.27266691685475,34.62854195277127,5.058455121251632,119.80760744137017,34.961929177426605,5.082040566157763,120.7951992497403,37.00614960747373,0,0.04023781452622366,0.3568285112437479,1.050071456230036
CMP-0324,LOT_01,4.911439758080407,123.67379033965803,33.212178033587186,4.936725366223346,124.37809911285433,34.50084440447952,4.93390059450972,124.92357606630019,35.065383699157096,4.957306157653452,125.25316298331155,34.869955999221595,0,0.025285608142938898,0.7043087731963027,1.2886663708923365
CMP-0325,LOT_10,4.975759980024888,118.87934553434046,35.537689364550154,4.9768224166419435,118.92831042264565,36.74125426615429,4.994608961611296,119.36842087524236,36.96730282855929,4.998601127459729,119.19604423848885,37.919469788804165,0,0.0010624366170555177,0.048964888305192744,1.203564901604139
CMP-0326,LOT_05,5.042196953544578,119.27477809912617,34.32820038233531,5.07174387869869,119.84527059856391,35.49769763757272,5.076198367520559,120.16635909827288,35.20449441756414,5.111118689337162,121.0694254514421,37.35436484300199,0,0.02954692515411228,0.5704924994377478,1.1694972552374097
CMP-0327,LOT_01,4.922264496346007,118.82023733689239,33.295545705661205,4.8608399604703445,128.571548400599,35.991506743958155,4.623081131762725,144.20257958287004,49.10522615906831,4.440095430159447,174.50505985846257,55.19452032360812,1,-0.061424535875662656,9.75131106370661,2.69596103829695
CMP-0328,LOT_07,4.965399252538389,121.44454829435601,34.42935085852698,4.972565820801314,122.06674868632106,34.61485207599683,5.006521238699079,122.62146545073823,36.05532418038704,4.971057425668938,122.60516612430696,35.68533189871698,0,0.007166568262925388,0.6222003919650518,0.1855012174698487
CMP-0329,LOT_01,4.976779409038441,117.97186161422944,33.10010559540374,4.824355214014908,125.04068805505224,38.07169510686634,4.66804043727998,142.1163734287037,46.964301228148635,4.2298615687306,160.51259348381527,66.23310129511218,1,-0.15242419502353322,7.068826440822804,4.971589511462604
CMP-0330,LOT_08,5.071416915313196,119.72969278593517,36.11962732944944,5.073896628088581,120.19672390961922,36.686201149487765,5.102436605330031,120.79014671385443,37.66972791282821,5.12106031103068,121.77489455806874,39.29847517839679,0,0.0024797127753846127,0.46703112368405186,0.5665738200383217
CMP-0331,LOT_01,4.949805593199432,121.4550673872516,35.25597791262508,4.945900468863126,121.91731854464936,35.508921744765686,4.95510312154208,121.9207067934532,36.573335491457996,4.973459721383808,123.8712927913228,38.18722037636356,0,-0.003905124336306187,0.462251157397759,0.252943832140609
CMP-0332,LOT_08,5.040903504663724,117.20467223810964,33.556291094478375,4.90756063126748,120.88817291261378,39.50054991707755,4.589848112546157,132.293270062285,46.13495546528982,4.26592232400851,140.93709834150974,64.63677759048609,1,-0.13334287339624407,3.6835006745041454,5.944258822599174
CMP-0333,LOT_04,4.987655707208636,117.31152720596654,35.60920588205816,5.003554209671789,118.30536641330511,36.29828788675596,5.009537291066661,118.63263885597364,37.20434473732157,5.031188020361381,119.27867899109086,39.16734862025439,0,0.01589850246315283,0.9938392073385671,0.689082004697795
CMP-0334,LOT_03,5.049308702394535,121.07699570728217,34.98195512015158,5.056159335986964,122.06232925902844,35.57345079478054,5.07062833364149,122.3372635379558,37.266261169091194,5.093895862562948,122.72315431960787,37.98352678952553,0,0.0068506335924283235,0.9853335517462796,0.591495674628959
CMP-0335,LOT_07,5.037908210861409,120.77861078220882,35.32354807082893,5.047489013748986,121.36482168072875,36.438241901575154,5.058375413744361,121.67251690593248,38.0851250219564,5.0464806148820145,122.57863979016862,38.182049307734005,0,0.009580802887576567,0.586210898519937,1.1146938307462264
CMP-0336,LOT_08,4.954825873138808,118.52947347647934,33.54527290510726,4.968060523648314,118.7548633445656,34.30600865772838,4.9457750363055,119.32698975080403,34.85590122835025,4.958299388769677,120.29766804605264,35.25987513902042,0,0.013234650509506451,0.2253898680862676,0.760735752621116
CMP-0337,LOT_08,5.080078568894772,121.49910107785229,33.48792819368896,5.080907743372668,122.12020611889714,34.35673912833388,5.088367605767347,123.00187777742877,34.782394691648896,5.102733618816178,123.59752001572329,37.00403311904236,0,0.0008291744778965437,0.6211050410448564,0.8688109346449195
CMP-0338,LOT_02,4.985554705957367,116.52236907495814,33.41563251100221,4.998738298223114,116.99479263716968,34.453096050285325,5.024327102367625,117.13859570445099,35.135005899169,5.0225125174913385,117.64271266838243,37.59827774142726,0,0.01318359226574728,0.4724235622115458,1.0374635392831166
CMP-0339,LOT_01,5.08971158896643,117.00220944077972,34.98841057834148,5.10337495865577,117.31929843142093,36.13876784925034,5.096776221248952,118.0264656269032,37.467685233314796,5.128821626678337,117.39289952388846,37.365333032317515,0,0.013663369689340676,0.31708899064121,1.150357270908863
CMP-0340,LOT_07,5.001059932175618,114.61199476461502,36.86424557580236,5.012426497238157,114.94817983181501,38.36172337458569,5.012263397044554,115.24164419653374,39.340899700092706,5.068047266423003,116.75997342080146,40.64949257370897,0,0.011366565062538747,0.33618506719999175,1.4974777987833292
CMP-0341,LOT_02,4.937150816231533,121.28829667430396,33.898889797784705,4.950335596899499,121.7428031487825,35.14949396134181,4.962107148874596,121.32089406753612,36.038939817194404,4.983178655945484,122.96576732295172,37.06742520437495,0,0.01318478066796569,0.454506474478535,1.2506041635571066
CMP-0342,LOT_05,5.015568656456083,120.87534660038621,36.566737841075856,5.029194586453049,121.19574304970337,36.347569134186045,5.032037772922778,121.9240267074677,36.97102096847714,5.065218153898684,122.2701071376635,39.378021990395794,0,0.01362592999696588,0.32039644931715827,-0.2191687068898105
CMP-0343,LOT_03,5.025294253226768,123.00320374526238,32.440044040498584,5.030710170481236,123.67290696634008,34.21299228038791,5.044311243170868,124.08509571701363,35.39155146472513,5.06808422398587,124.49307612700643,36.47723813012995,0,0.005415917254468106,0.6697032210776968,1.772948239889324
CMP-0344,LOT_06,5.094522949663722,121.48520991847059,35.06620834499839,5.103982197903343,122.09668922990932,36.00837192375866,5.116826805388679,122.27932635055005,37.45690052200424,5.101178503360369,122.88063334968281,38.08644653244011,0,0.009459248239620521,0.6114793114387282,0.9421635787602725
CMP-0345,LOT_01,4.96669920930198,118.89836616533242,37.48834575141697,4.9485757393669205,119.1978185629027,39.85399010599675,4.967438970469295,119.36602307810094,40.633031114909365,4.969924830688278,120.6208811858555,43.325591708254805,0,-0.018123469935059866,0.29945239757027764,2.3656443545797785
CMP-0346,LOT_07,4.9730105848493515,121.57416888419641,33.95262095470571,4.972677209889461,121.72218710980512,34.170056757455505,4.969230532547598,121.86885017949486,35.126675021142866,4.96868917337298,121.15035395879275,35.33492733778393,0,-0.00033337495989016475,0.14801822560870903,0.21743580274979735
CMP-0347,LOT_03,5.075976233965459,118.7729148814217,36.32138519479879,5.085786407968651,119.26445393628718,36.90369505037477,5.094904668194939,119.53492509821795,37.78870720750206,5.101061415316177,119.79213996969138,39.69721052213525,0,0.009810174003191285,0.4915390548654841,0.5823098555759785
CMP-0348,LOT_06,4.977596863292888,120.29098609407062,34.874266217747056,4.978920953920255,120.80508533987485,35.56376034034337,4.974746946385954,120.81825514079489,36.18445666357405,5.01026036711193,121.45775566318542,39.58032729406975,0,0.0013240906273672692,0.5140992458042319,0.6894941225963152
CMP-0349,LOT_10,5.039762150603688,123.70572994987714,33.81949702479119,5.024154776747102,124.11650482820656,35.09860631256496,5.036427531323322,124.6991466114969,36.559061313899896,5.051795928236352,125.51596129200207,36.346956119082755,0,-0.015607373856585838,0.41077487832941983,1.279109287773771
CMP-0350,LOT_10,5.080705696151225,120.20180307029413,34.0651562248308,5.0844917512157535,120.57197844596648,34.71067671430788,5.075244534176699,120.62185232530032,35.41317452548067,5.092633233809345,122.12555808868812,36.94513803692141,0,0.0037860550645287816,0.37017537567234626,0.6455204894770787
CMP-0351,LOT_02,4.993948579211001,120.72200220726288,36.07429360956901,5.003009660945818,121.43782696312772,37.07828826402298,5.024902367723583,121.79087130055098,36.97199408073866,5.028376840706188,122.80048899470103,39.53856612946903,0,0.009061081734816234,0.7158247558648441,1.0039946544539688
CMP-0352,LOT_06,4.98257065170225,118.38650749710881,35.827592403565674,4.996835125864233,118.77432767894004,37.3823044981617,4.993592143146019,119.09927066530273,39.00051710433253,5.034206764618911,119.59532302599453,39.61220906587654,0,0.014264474161982399,0.38782018183123057,1.5547120945960273
CMP-0353,LOT_05,4.954676302526331,119.89830676578144,34.46508278516104,4.967147328174636,120.62420322837103,35.30431489283407,4.961282506232792,121.22165872592434,35.94100322605017,4.984026058158197,121.4783163687945,39.09778513284286,0,0.01247102564830449,0.7258964625895885,0.839232107673034
CMP-0354,LOT_01,4.980583304843368,119.99262194870322,33.82828626157583,4.99958156316465,120.65527348444715,34.80440895233156,5.005521456834495,121.12168643417766,35.55201562550766,5.018014102602135,121.56127393368875,37.00636840400548,0,0.018998258321282435,0.6626515357439331,0.9761226907557301
CMP-0355,LOT_09,4.947466805038342,116.50296394103296,36.2995961005364,4.959970037970247,117.10401744421951,36.584846981354666,4.996744259813449,117.4213621717759,37.468949884910295,4.997057731183814,117.61052756632147,38.14778749454453,0,0.012503232931904584,0.6010535031865487,0.28525088081826766
CMP-0356,LOT_07,5.142873653773235,120.60224948570405,37.40954172594608,5.164930385225155,121.17585149300295,37.91494384013074,5.190826689387428,121.22641839050854,39.515381401969286,5.18893049138952,120.85073971935387,39.64253896410527,0,0.022056731451919553,0.5736020072989021,0.5054021141846619
CMP-0357,LOT_05,5.035750290549679,118.2999516645754,33.04102644081859,5.045035836519203,118.80626479803338,33.86683426528743,5.073445203718836,119.05120258549167,34.8234170689536,5.066395235942475,119.02790682196535,34.81161011835262,0,0.009285545969524023,0.5063131334579793,0.8258078244688392
CMP-0358,LOT_05,5.099059999934348,121.15853962379762,32.41154776228305,5.077955119283155,121.8051503423985,33.363441020818954,5.105074108825811,122.04093496618508,34.33854726974822,5.1148785885437125,122.58141852329527,35.0225725646341,0,-0.021104880651193092,0.6466107186008827,0.9518932585359039
CMP-0359,LOT_10,5.027133817328016,119.97133199097618,36.46099450663923,5.032514465435345,120.20565294988356,38.44948219069582,5.033444959387209,120.53512032476823,39.216580530159725,5.053858087628425,121.01231112863941,40.43553507313661,0,0.0053806481073293,0.23432095890737514,1.9884876840565866
CMP-0360,LOT_04,5.0087409663510405,115.28502508202537,37.82131446051177,5.017268083215695,115.90114960591477,38.13226378974476,5.020203079296957,116.19945484601864,39.66712567199903,5.025551811078977,117.28018959938481,39.611927427606204,0,0.008527116864654793,0.6161245238893969,0.3109493292329901
CMP-0361,LOT_05,5.064192256341465,116.22029468193976,33.02650466708835,5.054719204684567,116.50279425798747,33.6207046414923,5.0405019858732105,116.78254993400307,33.4133474010256,5.054359430209213,118.10300445794257,35.943575097717186,0,-0.009473051656898157,0.28249957604771225,0.5941999744039492
CMP-0362,LOT_08,4.949861072186044,116.92783008191056,33.29126588669858,4.959428973917084,117.6014654378559,34.742449595266244,4.978888159354334,117.88019837863551,35.55472451146824,4.973002123316339,118.50087055610852,38.37215191283409,0,0.009567901731039719,0.6736353559453363,1.4511837085676618
CMP-0363,LOT_10,5.060587445359808,117.06821700993292,34.034378862100624,5.065297060384132,117.52355906552212,34.23640028229752,5.084226351289202,118.22344525027607,35.29058794480649,5.06788958689831,118.56681446091577,35.51684809064225,0,0.004709615024323988,0.45534205558919894,0.20202142019689262
CMP-0364,LOT_06,5.107673396358544,120.19139075519251,33.21871013601924,5.119476749765184,120.42103156997986,33.61920493976174,5.113859902725952,120.78773873432115,34.88768943755634,5.15104471372552,121.68252923410353,34.740065287289305,0,0.011803353406639516,0.229640814787345,0.4004948037424967
CMP-0365,LOT_06,4.968584000730579,119.4432671193978,35.662038038794925,4.975096273918566,119.98847903721821,37.45840226680471,4.982518391933761,120.84228038013397,38.53808730045839,4.965751434048831,120.43741052258645,38.791525560348795,0,0.00651227318798675,0.54521191782041,1.7963642280097858
CMP-0366,LOT_07,4.99548551269466,121.22928809616364,36.88273762505708,5.00856726358191,121.640152184953,36.84161700324214,5.0196261072131705,122.1478832430615,37.73308138001162,5.070692069535977,123.26045045804953,39.46966573784213,0,0.01308175088725072,0.4108640887893529,-0.04112062181494025
CMP-0367,LOT_08,4.995257769653575,118.44918575197929,35.75069678747768,4.8631032121143605,124.2725701658699,43.54592185112187,4.494383960634816,134.5537194268504,57.50655673742194,4.181608077447843,151.49485877159572,60.80708434526327,1,-0.13215455753921468,5.823384413890608,7.795225063644189
CMP-0368,LOT_06,5.00935709933851,117.36989078192484,32.877249839776226,5.0305826980400035,118.10908761760119,34.038704454978586,5.0630182988577035,118.92607057231368,35.18051881971844,5.03235646826533,119.97480199311737,36.467745600745204,0,0.021225598701493098,0.7391968356763527,1.1614546152023593
CMP-0369,LOT_06,5.0128391890756925,116.65788183032309,36.0495099130293,5.013303480928752,117.23200345208795,36.78869974435022,5.0193372002378815,117.50493049025843,37.508085028759815,5.071091071849099,118.92453326561227,39.07228290834659,0,0.00046429185305996157,0.5741216217648599,0.7391898313209211
CMP-0370,LOT_03,5.042210059534645,122.25994078821512,33.755272426688705,5.051435670858322,122.3955491423015,35.316823481819156,5.092411034723836,122.91957392968843,35.05431841936765,5.083613481189863,122.94350455922697,36.78614392848759,0,0.009225611323677718,0.13560835408638638,1.561551055130451
CMP-0371,LOT_05,4.97559456123307,118.70078873479667,35.18875408283125,4.805121283607452,124.48231446759065,40.689909310613714,4.581452088701143,141.5886853507021,49.78291514814143,4.322942747939862,174.32700967001736,64.02412719596899,1,-0.17047327762561792,5.78152573279398,5.501155227782462
CMP-0372,LOT_05,5.007408943893571,121.12332361560547,36.69014721239155,5.01028489516005,121.74064008307217,37.78805640633228,4.994611804532301,122.8108021597024,37.86866884271218,5.038674840606244,122.93562005517104,40.00856583219554,0,0.002875951266478438,0.6173164674666936,1.0979091939407297
CMP-0373,LOT_07,4.921981626302845,119.86834242265215,34.15418798517131,4.925208646882175,120.45409198014286,35.692927256531156,4.930059810454622,121.1882963071206,36.517797589253455,4.927354002697415,121.32511593352233,37.453338543897864,0,0.0032270205793301088,0.5857495574907148,1.5387392713598445
CMP-0374,LOT_09,5.021424146432792,120.46929237540952,32.614025452595875,5.014908886480399,121.05422926605067,33.20638223819861,5.029439503806904,121.78850873948342,33.370905819495825,5.006678141388875,122.89144510724832,35.487638864568574,0,-0.006515259952393215,0.5849368906411456,0.5923567856027319
CMP-0375,LOT_03,4.974477957554636,117.61885532777337,36.325118261135884,4.976710446018573,118.33756224541663,37.12480380125088,4.9710601932643135,118.70967176901249,36.61272041250017,4.994295074485093,119.25250264985155,39.784597998489254,0,0.002232488463937088,0.7187069176432601,0.7996855401149929
CMP-0376,LOT_01,5.058093318043177,121.64119858999531,36.878065345547995,4.90545724924297,131.66899225820083,40.67119929318764,4.668888144947624,143.29022384043478,55.5919995701739,4.135694729253132,155.43859146332574,61.897810693215064,1,-0.15263606880020664,10.027793668205518,3.793133947639646
CMP-0377,LOT_07,4.893645122819207,122.74477486828715,36.35570019410215,4.8931521544600685,123.24417493959304,37.86545372420281,4.909440163584428,123.78864186844808,39.213030764859106,4.8985379049560445,124.25976416392535,39.851174813568896,0,-0.0004929683591381462,0.49940007130588526,1.5097535301006602
CMP-0378,LOT_07,4.980509724428963,120.14573647565697,35.05161124397829,4.980025448003618,120.80609565763706,35.563418640095165,4.98675194633541,121.21751151582104,36.54247044642477,4.957643369199271,122.2515505651018,37.021826362005434,0,-0.00048427642534498716,0.660359181980084,0.5118073961168719
CMP-0379,LOT_08,4.9975578207133,123.82757208013685,34.583992686809495,5.0199463195600345,124.33538109724977,35.79170210195624,5.030995698401205,125.0897365851398,36.24893629552972,5.020265349099651,125.01609300206125,37.871470403015515,0,0.022388498846734883,0.507809017112919,1.207709415146745
CMP-0380,LOT_02,5.035513743823559,122.60946339964303,33.53624249414749,4.848816304242862,127.73698456301733,42.581801980286144,4.475520552393521,140.59390354707253,52.62038565503248,4.361259477705077,148.87296806231117,61.97450456910677,1,-0.18669743958069684,5.127521163374297,9.045559486138657
CMP-0381,LOT_01,4.952646858645302,117.9558255080466,33.683365901707134,4.978708850245467,118.66429657145254,34.61560199281031,4.98925724521148,118.91933348359352,35.860615571681905,4.991110813763296,119.53425830172505,37.102633810033716,0,0.02606199160016498,0.7084710634059377,0.932236091103178
CMP-0382,LOT_02,4.988251700325108,120.02115041105814,36.19303312068961,5.0147166310799465,120.63824765750736,37.59469023250175,5.02171882014843,120.92590829855675,38.72168334861931,5.038141447571958,120.9269333331325,39.332234533761266,0,0.026464930754838356,0.6170972464492195,1.4016571118121348
CMP-0383,LOT_01,5.074086779727106,120.95967807380444,37.05976237683297,5.086721032343628,121.47595564108946,37.59146346802785,5.096899975341577,121.97987181879209,37.70790652601073,5.09593048294822,122.31431434183128,39.922247103272426,0,0.012634252616521735,0.516277567285016,0.5317010911948756
CMP-0384,LOT_06,4.97093407590174,120.93773920508377,34.726881605977226,4.95223787565319,121.34079879869347,36.26637592604842,4.937010789303775,121.87460615881812,37.85900653314106,4.957025616592981,122.34187333890732,37.223162920266084,0,-0.018696200248549566,0.40305959360969723,1.5394943200711921
CMP-0385,LOT_09,5.002331342139701,122.70860093101125,35.99221759196822,5.003575054814734,123.07914534619378,37.23968324422987,5.00421323898879,122.94397235255762,38.01306284491034,4.993970801592238,124.88728622297565,39.381113354440394,0,0.0012437126750324268,0.3705444151825361,1.2474656522616527
CMP-0386,LOT_09,4.965068379266877,116.22120482425215,33.350807169829245,4.985231611292284,117.16756205335064,34.71400542642873,4.993850973212969,117.53797424065446,35.03575751964055,5.046426929279079,118.07318770241845,38.40650929047873,0,0.02016323202540704,0.9463572290984814,1.3631982565994818
CMP-0387,LOT_08,4.966702380212036,118.66190975165236,34.88023045384139,4.976099237680899,119.76115757073198,35.34161651660401,4.989533786715865,120.44610989347233,36.14083051436941,4.998302849236525,120.23875312357869,37.42680547228616,0,0.009396857468862763,1.099247819079622,0.46138606276262095
CMP-0388,LOT_06,5.016380029213557,121.14040180782418,37.11891185095435,4.913228356309274,129.28299103481905,41.36127432312943,4.800882396293554,139.0262606432115,48.67878278310529,4.312090928635377,176.9199061163701,62.927799829112075,1,-0.10315167290428295,8.142589226994872,4.242362472175081
CMP-0389,LOT_02,4.926516727896485,117.99894863168521,34.40914719073355,4.923157554802571,118.57489906938495,35.77925872253639,4.92491614950594,118.94379087710196,36.84797360760593,4.928877652857877,119.18353211358631,38.736457505085426,0,-0.0033591730939139808,0.5759504376997455,1.3701115318028414
CMP-0390,LOT_04,5.030077500117196,121.85128924278818,32.03408191194895,5.053615855585127,122.42970166610493,33.53947260395182,5.069423282271872,122.94437911350897,34.201817997770796,5.080958743122851,123.27382771165266,36.23377348400391,0,0.023538355467930927,0.5784124233167489,1.5053906920028695
CMP-0391,LOT_07,5.102241162423832,118.74783907285521,34.64197441540478,5.103415353090331,119.31500820743238,35.273841970333685,5.110631189068226,120.06966816824291,35.72446026092628,5.139187575475636,120.72612286521256,38.11780684610912,0,0.001174190666499264,0.5671691345771706,0.6318675549289026
CMP-0392,LOT_06,5.16206295384884,122.10906739308416,35.48731643661024,5.163303709708022,122.58965556790933,37.20047992506026,5.198946728942416,123.5331542980414,38.39307607842507,5.158190505582111,123.83323647682217,38.20735802261786,0,0.0012407558591824852,0.48058817482517213,1.7131634884500144
CMP-0393,LOT_03,5.026159972363487,121.8067541969616,35.74570436057914,5.0414758322209146,122.10982367996313,36.693216018236804,5.028869080436397,122.00881294114306,37.86353737315834,5.046413344345096,123.54607293103466,39.57989408054083,0,0.015315859857427228,0.30306948300152214,0.9475116576576639
CMP-0394,LOT_03,5.029515554727765,118.67768654277272,32.23118168805976,5.0407486487721895,119.08351176682956,33.0111371827662,5.080378795539873,119.12575467200976,34.00257275045193,5.040852504029295,120.53764247146322,35.249882171706254,0,0.011233094044424519,0.40582522405684074,0.7799554947064351
CMP-0395,LOT_02,4.961720604335584,121.85450101469178,37.65619658259134,4.976523682507826,122.17501687053749,38.82566584382238,5.02293576317289,122.70574371375317,40.35658627351918,4.981717095191051,123.1539738447193,41.32131800872281,0,0.01480307817224169,0.32051585584571285,1.1694692612310362
CMP-0396,LOT_08,4.961680565994442,118.38096508573881,36.48242660465399,4.9835960741209435,119.1833937973632,38.38439184628042,4.995615365665783,119.59003402409371,39.85988731566966,5.017857459757975,119.6921661680294,39.55748331386529,0,0.02191550812650167,0.8024287116243869,1.901965241626435
CMP-0397,LOT_01,4.998678502262965,122.14506672942039,36.13855571747755,5.021977234747149,122.25875950814572,37.265254676088155,5.0423975625831075,122.3007837511394,37.73780685543317,5.025167531500571,123.26960859367567,40.567537851043404,0,0.023298732484184015,0.1136927787253228,1.1266989586106035
CMP-0398,LOT_10,4.959285622346336,121.05311450098715,35.83819677821347,4.973161880061483,121.632910427935,36.990068029439136,5.008475431873579,122.46365038224542,37.259991080640006,5.0090763016790945,123.07909711519073,39.242041859160565,0,0.013876257715147666,0.5797959269478525,1.1518712512256641
CMP-0399,LOT_04,5.010023386053812,120.24248108935409,31.972633871300495,5.019219402114754,120.60883097446317,32.379409882204214,5.0507296763858465,121.26009323002351,33.16449434173194,5.027923335092705,121.75691576677754,35.17255875685822,0,0.009196016060941226,0.36634988510908784,0.4067760109037195
CMP-0400,LOT_09,4.990022922233872,119.99034325544677,36.30209974827676,4.980662910943031,120.47882930296569,37.087454063002994,4.9886554630767055,120.82834073605412,37.956266365606645,5.039135455351485,121.31686806600142,39.32082287027828,0,-0.009360011290841186,0.48848604751891855,0.7853543147262343
CMP-0401,LOT_09,5.090733767446449,120.01064601325422,37.67284433879739,5.108235778695912,120.5720676857707,38.640028997854095,5.1088751570977236,121.09480515076001,39.88870972736411,5.127973550075978,121.41375628323978,40.43940297051188,0,0.017502011249463045,0.561421672516488,0.9671846590567057
CMP-0402,LOT_03,5.061258072754993,118.66569897246326,33.99711821382876,5.0750516619516635,119.4712053854147,35.570113367985044,5.066273878768965,119.89198259441714,35.904811590640286,5.089701411513358,121.27341038343238,36.43203284895863,0,0.01379358919667073,0.8055064129514449,1.5729951541562812
CMP-0403,LOT_03,4.95857229232832,120.57462120515198,35.93113223096113,4.9729467766769355,121.30975828579818,36.04958943384417,5.000771824752319,121.7161296897843,37.2153365887466,4.966478268141671,122.31223663430272,38.23860605031538,0,0.014374484348615546,0.7351370806461972,0.11845720288303596
CMP-0404,LOT_03,4.920737268869612,120.06150509706981,33.37214706328679,4.935792229311694,120.71694840436103,35.01573218454083,4.937766787497068,121.49511635006768,36.49618297827936,4.922927289914585,122.02312086441026,37.78254118756492,0,0.015054960442082432,0.6554433072912218,1.6435851212540413
CMP-0405,LOT_09,5.047147787805483,117.60098234488449,34.73247284823365,4.895141584915317,127.03205844829249,39.79252550896485,4.5940322337666135,136.82331565918733,54.15746234906414,4.4132181944025755,150.06804182609574,57.412785582774475,1,-0.1520062028901661,9.431076103408003,5.060052660731202
CMP-0406,LOT_03,5.050940562160337,118.12291090538153,33.98802767272652,5.055047853569697,118.60767111763757,35.14962647115587,5.072303374473824,119.10594085378273,35.28468095993558,5.0896035765759,119.58119178580606,38.079014303167625,0,0.004107291409360059,0.4847602122560346,1.1615987984293525
CMP-0407,LOT_06,4.998298699865846,122.59190537656853,35.24141320492408,5.006302001874118,122.91783597303704,37.12029643826449,5.000857962950846,123.20021769574858,38.2053135363065,4.989181588076382,124.55513130572771,39.619650929638375,0,0.008003302008271262,0.32593059646850975,1.8788832333404102
CMP-0408,LOT_07,5.027905850597483,119.67775296508727,33.40527693476687,5.036505096185233,119.98270570273674,34.64835458980506,5.058606793643454,120.9257482920962,35.634238410081494,5.074996603317137,120.83413333412166,36.265732879398506,0,0.008599245587750382,0.3049527376494723,1.2430776550381921
CMP-0409,LOT_06,5.013459289441383,117.87761562132916,33.67755847628555,5.029813382451566,118.55495363641037,34.184730391802205,5.049872597109163,118.8951329344998,34.99298297990236,5.078152270767379,119.95869725342185,36.82142798221996,0,0.016354093010183313,0.6773380150812187,0.5071719155166576
CMP-0410,LOT_06,4.96480603294751,118.0282500500149,33.916816594657114,4.972261022413444,118.05733992715652,34.81310247630871,4.974092461435021,118.79246785737585,35.789312165813726,4.980247089858057,119.35232034983797,37.39171292416772,0,0.007454989465934148,0.02908987714161526,0.8962858816515933
CMP-0411,LOT_08,4.888731840645101,117.81868005126142,33.886295659364635,4.899473502411161,118.12960351538946,34.62956966584008,4.891093542187422,118.68093768494884,35.642426963132536,4.9275208093795575,119.1357840813421,35.39671126863897,0,0.010741661766060062,0.31092346412803806,0.7432740064754455
CMP-0412,LOT_02,4.979634666384076,119.19340937415875,35.11247182698475,4.900911735002627,128.81760179952795,39.63119515721171,4.714289424430685,139.25263919626636,53.838039401214886,4.20117884378915,152.81543613245887,65.83206830158868,1,-0.07872293138144926,9.624192425369202,4.518723330226955
CMP-0413,LOT_08,4.988616118540708,119.9250938300334,33.921371781667304,4.869122643730564,127.83819256101555,40.171045047589644,4.571971716203313,145.82559437994524,51.7077508925613,4.134697848219556,158.68873281168004,63.40815370087334,1,-0.11949347481014438,7.913098730982142,6.24967326592234
CMP-0414,LOT_05,5.018549411246978,121.20470567778504,33.193974629245915,5.027897795065571,122.0387617619426,35.05113196923807,5.052707641475975,122.64000970358825,35.34857877481538,5.062270227573392,122.95975114756918,37.499554589456345,0,0.009348383818593042,0.8340560841575524,1.8571573399921562
CMP-0415,LOT_07,5.008207368003821,120.49255618298771,35.74058407169037,5.012415418158572,120.72389929256568,37.55297659164027,5.059754230693922,121.3581255059264,37.69098054427521,5.016951515821714,121.97845807709116,40.6258690809853,0,0.0042080501547507865,0.23134310957796345,1.8123925199498956
CMP-0416,LOT_02,4.993783358957555,120.39186412888793,36.29686767692881,4.826603304237536,125.26423474624409,43.22866401610817,4.541777131655184,142.53144358473358,54.18307923408274,4.035100554699442,165.84565988567053,59.79080920656355,1,-0.16718005472001884,4.872370617356154,6.931796339179357
CMP-0417,LOT_05,5.07510575739973,117.89031533136286,34.171960597760865,5.086685090888078,118.27745268381061,35.56352886539709,5.093874102574518,118.47969284156144,36.39641470299092,5.110091866304213,119.74479371525878,37.87804158791503,0,0.011579333488347388,0.38713735244775194,1.3915682676362238
CMP-0418,LOT_02,5.016014584200361,119.62355495741613,33.925671327333106,5.028902967716955,120.0569300042394,35.770582637553616,5.059035702138553,120.7467817439449,36.75981610720011,5.047143786697331,120.42636813856583,37.59764485889605,0,0.012888383516593827,0.4333750468232722,1.8449113102205104
CMP-0419,LOT_09,5.023476818350791,121.84266039575537,33.9617688924607,5.026646062278701,122.632831731704,35.347259687057274,5.030784498146701,123.10066838101834,36.09590271371982,5.047277544724328,123.86917327782331,39.37525388393714,0,0.0031692439279096263,0.790171335948628,1.3854907945965778
CMP-0420,LOT_08,5.033129907521262,116.62704658761972,34.27265001083175,5.055418057548429,117.20750966589104,33.078092718399326,5.075528405583172,118.28295898427967,32.88013892533943,5.105805811061339,116.82153185057807,35.82849187444206,0,0.02228815002716633,0.5804630782713218,-1.194557292432421
CMP-0421,LOT_02,5.022306891361989,122.30167949830411,35.54583050573236,5.038155167732585,122.71934427583629,35.61513562812185,5.058533128067641,123.74427045167018,36.97992605523558,5.018397651140558,122.96189707223083,36.938361434683976,0,0.015848276370595826,0.4176647775321811,0.06930512238948694
CMP-0422,LOT_09,5.002209495977802,120.78683161036105,32.85462007513645,5.019980780570557,121.40705239916505,33.5805405127146,5.027392950780797,121.32211204646914,34.21440943457106,5.040128480053164,122.49142619677914,35.883642042330735,0,0.017771284592755343,0.620220788804005,0.7259204375781465
CMP-0423,LOT_06,5.014309747127716,122.0040639866205,34.85675289003554,5.027485696036033,122.46682977408767,35.53337343179575,5.045328891039797,122.8002619908366,36.52644688229185,5.048050803466234,123.31486243582759,37.270859166078424,0,0.013175948908316748,0.4627657874671769,0.6766205417602151
CMP-0424,LOT_07,4.917709941395549,120.76579019032339,35.34732023791748,4.936206643920034,121.15949880986203,37.295012050655814,4.94051060470229,121.39696591720362,37.59816959073448,4.921528195855441,122.92581275605859,40.391865963270746,0,0.018496702524484654,0.3937086195386428,1.9476918127383342
CMP-0425,LOT_05,5.090563384077956,119.29656167695669,34.59646125316002,5.114935974882316,119.92834379385286,36.69701282253732,5.128666808787101,120.30923455397924,37.191110380807416,5.097996051338503,120.78904590744976,39.612687493599225,0,0.024372590804360605,0.6317821168961757,2.100551569377295
CMP-0426,LOT_02,5.00101540032802,118.01013111236735,35.34030952701911,5.021143537379974,118.59627496366134,36.42367711183579,5.019189172580756,119.35642950789494,35.657724702463696,5.048800451557277,120.88143595413365,37.21697840197031,0,0.020128137051953487,0.5861438512939969,1.0833675848166777
CMP-0427,LOT_02,4.976870859297171,122.07274848511796,35.70867652153295,4.988393863022644,122.7322029973518,36.71705187606882,5.046091830354997,123.27760707744883,37.614692925313676,4.974184502031179,123.4604778337001,39.63495402150867,0,0.011523003725472769,0.6594545122338502,1.0083753545358718
CMP-0428,LOT_01,4.8921221412849025,120.06463094237515,37.056116761212465,4.902545953571864,120.49740602184988,37.12687279234198,4.919329765412397,121.19578855451479,37.03600654279143,4.945236602545808,121.88025378479594,40.03272554637985,0,0.010423812286961542,0.43277507947473737,0.07075603112951256
CMP-0429,LOT_10,5.026036044935087,121.73694464300239,32.27186334631412,5.021025450598872,122.08974306296443,33.206953260477846,5.036847504448494,122.68714755893309,34.565506166205864,5.063995356570479,122.65355050881753,35.39781414851822,0,-0.005010594336215313,0.352798419962042,0.9350899141637257
CMP-0430,LOT_03,4.990587648082322,120.643582738097,29.886931885292462,5.024700088478719,121.25686447357648,30.58908024758576,5.063610634807172,121.65263512243062,31.455339940499787,5.034957772270766,123.08286039229816,32.50509248254105,0,0.03411244039639705,0.6132817354794895,0.7021483622932969
CMP-0431,LOT_06,5.029256972873053,119.89130386973186,36.6655864585362,5.064641805167333,120.45478595949174,37.72396650247248,5.077201211421619,121.3479148097412,38.22436763495602,5.0790754539731,120.68606448492842,38.7768722123605,0,0.035384832294279356,0.5634820897598871,1.0583800439362818
CMP-0432,LOT_07,4.997203150296979,123.53816665154024,35.803989207387836,4.998082365195081,123.89257055446741,37.49136354900316,5.024981520424519,124.40101552753467,38.07010031623374,5.0405810219091745,124.39590699110506,39.80498786744918,0,0.0008792148981022763,0.3544039029271744,1.6873743416153246
CMP-0433,LOT_06,5.010267784112573,118.44878104147679,35.61555305400731,5.015567696922419,118.66995787272612,36.96607106744336,5.042335212930665,119.07668587110435,37.57745323039522,5.016336389099982,119.59499007249234,38.516176361104804,0,0.005299912809846319,0.2211768312493234,1.3505180134360515
CMP-0434,LOT_03,5.094608441519981,120.93298563349902,35.85859266204403,5.113442437209305,121.58719287685098,36.65203768564567,5.127530726553878,122.00648373157279,37.671269498034,5.140276254928469,122.39586274641887,37.588598707308236,0,0.018833995689324645,0.6542072433519621,0.7934450236016417
CMP-0435,LOT_09,4.905481387614562,121.01532353777743,36.44801316836416,4.940764952366651,121.43708403711331,37.178657220089626,4.934123636910062,121.9996766090594,38.079816310368805,4.944539025670916,122.34961909611138,37.59572468657814,0,0.03528356475208927,0.4217604993358748,0.7306440517254629
CMP-0436,LOT_01,4.961466037016391,119.93068729717405,32.85995986805333,4.965642501021776,120.37476906647053,33.854314444572914,4.982838488754614,121.3064915915164,35.02066991595759,5.004885791884701,122.09782112144211,36.31008074979107,0,0.004176464005384517,0.44408176929648846,0.9943545765195836
CMP-0437,LOT_05,5.053650464298083,121.29713167593206,32.818058604445845,5.0552358627671365,121.74216085512597,34.207869114813796,5.064915666481078,122.58322144516114,35.66548742918594,5.09921927214068,123.34493113736612,35.37827399108682,0,0.0015853984690537004,0.4450291791939094,1.3898105103679512
CMP-0438,LOT_04,4.976634739510665,120.96527099891155,34.088706438566874,4.970144076197073,121.40777677250038,35.7510749213805,4.98705520634885,122.51311958398215,36.63968999401455,5.039100131268931,122.4965373852589,37.76905915830349,0,-0.006490663313591938,0.4425057735888345,1.6623684828136263
CMP-0439,LOT_06,4.974893743552976,118.70590472118255,36.92184584564386,4.8828048769927745,128.9700074556039,42.378559144561386,4.742927061699675,147.51060034670365,55.92629335765919,4.147261947062926,153.52057596909864,59.13043656116115,1,-0.09208886656020177,10.264102734421357,5.456713298917528
CMP-0440,LOT_02,4.9882600302942794,121.65742281225795,37.55891041806316,5.018242920127693,122.39480108117776,38.571747644892156,5.024992521316854,123.06762193224618,40.20873489252768,5.046918302571982,123.62206701711217,40.612865928345826,0,0.029982889833413573,0.7373782689198123,1.0128372268289993
CMP-0441,LOT_08,4.9723303135492065,119.67573098671217,35.20313897786829,4.999511313511605,120.12778823100601,36.229445015823984,4.996530648605508,120.84277755094796,37.712784605183124,5.052001270430741,121.22947049335386,38.68892844244737,0,0.027180999962398644,0.4520572442938402,1.0263060379556919
CMP-0442,LOT_08,5.026400933984726,120.62793030499843,35.08739658087723,5.037778470907497,121.21831476167716,35.940320363454454,5.044141019026327,122.23052336577862,38.09559374787764,5.033691131936816,121.58857915948913,37.174598101207934,0,0.011377536922771547,0.5903844566787342,0.8529237825772213
CMP-0443,LOT_06,5.029562647102414,120.34406227356094,35.79340332043685,5.03264178553613,120.79523771921042,36.783356046248954,5.018878540453053,120.94684465779365,37.02257301561013,5.0679239500098054,121.91791519349663,39.272205006308106,0,0.003079138433716544,0.45117544564948275,0.9899527258121026
CMP-0444,LOT_02,4.92582166569742,121.32643088051299,30.831995537500923,4.8370531335774105,125.6797965934674,38.09701287538839,4.71714689015043,135.07756398466591,49.64337119030351,4.233567266343857,174.85366212952857,58.71525509422013,1,-0.08876853212000935,4.353365712954414,7.265017337887464
CMP-0445,LOT_05,4.9896613918224055,120.25956464492369,33.63247058550765,5.007466802917371,120.46989307732962,35.253289216957015,5.011328048318218,120.54908587410868,36.85075762862736,5.0261199498611875,122.42371106255062,38.23037412040769,0,0.01780541109496525,0.21032843240593024,1.6208186314493673
CMP-0446,LOT_01,4.9957505099531625,120.24207587932715,37.28945479997966,4.867626395621518,128.59466112152006,42.989635419332195,4.728082774495867,146.95247948345025,48.99338767146013,4.5396559586342935,159.52619329843137,68.29310925211324,1,-0.12812411433164428,8.352585242192916,5.700180619352537
CMP-0447,LOT_02,5.074921013782516,119.58680147886501,36.05661750283415,4.800983187887475,128.72342409679678,41.81458844628048,4.483448481240582,139.88489161906904,50.77733148586759,4.377528568823743,177.43008210628253,59.67238435109152,1,-0.27393782589504134,9.136622617931764,5.757970943446331
CMP-0448,LOT_04,4.951690731396378,117.06028496778573,35.33583906060208,4.977825140998632,117.60091826313393,35.64445825755567,4.991201891904208,118.08491537445991,36.876480070592784,5.009959804546866,117.10800699607897,38.08065202109844,0,0.026134409602253328,0.5406332953482007,0.3086191969535861
CMP-0449,LOT_03,4.990576329481322,120.82194221806002,32.538898084569766,5.007622093651897,121.47460998756634,33.562386182719514,5.004607739198492,121.68079658630955,34.87535224850963,4.997397639921979,123.00684521797592,35.430226855415164,0,0.01704576417057524,0.6526677695063228,1.0234880981497483
CMP-0450,LOT_08,4.9145956147293335,119.70656673974283,35.92037827401706,4.911231513850813,120.3062939131932,36.96488440085657,4.911575179643329,121.06269583914059,36.66375601636729,4.938165128825688,122.11601149222984,40.1168389121371,0,-0.0033641008785201265,0.5997271734503755,1.044506126839508
CMP-0451,LOT_10,4.9682098721726184,119.39414841218871,35.81571087187686,4.777847681899647,128.90899604828948,45.01545164888185,4.599085917204948,144.3834919305727,56.51399294697927,4.0579538699715565,152.9911654032927,62.938029216554696,1,-0.19036219027297108,9.514847636100768,9.19974077700499
CMP-0452,LOT_05,5.041531177376991,119.68340165310055,33.90124391701408,5.047521192588968,119.9439907820159,35.895923696304884,5.05607546538559,120.63734500862056,36.427489129869485,5.0464826361493715,120.82705052655693,38.77687772300824,0,0.005990015211976285,0.2605891289153561,1.9946797792908058
CMP-0453,LOT_10,5.007773212218457,120.99804520143549,37.46427225327977,5.021310717002182,121.62684373714174,38.823909871739936,5.014015486273192,121.83784411600088,39.08196172693711,5.014667801888349,123.02457367457694,41.05594994507094,0,0.013537504783724508,0.6287985357062524,1.3596376184601624
CMP-0454,LOT_01,4.870364174229887,124.11095371723724,33.65859199376967,4.900882301789276,124.32110542110698,34.2523914144914,4.877839561051632,124.92974291388978,34.50176300408578,4.899422298707309,124.63484831251978,36.87427546468169,0,0.03051812755938954,0.2101517038697409,0.5937994207217301
CMP-0455,LOT_09,4.965714668946351,120.4376387420936,33.06599720389707,4.972364278718998,120.83386967943736,34.29822218264478,4.997619605815271,121.63118968668681,34.676816046535976,5.012333636811458,121.81182711088346,36.03854466592717,0,0.006649609772646947,0.39623093734375914,1.232224978747709
CMP-0456,LOT_07,4.9720032102819225,123.48462769239246,35.46111614974104,4.983749328756934,123.93217832068508,37.68410545546005,5.013324486089631,124.21585968624545,38.347297928107736,4.999464437889516,125.00511430982638,39.1231246613549,0,0.011746118475011613,0.4475506282926176,2.222989305719011
CMP-0457,LOT_08,4.934318594549792,117.74370652581587,34.27526216705404,4.939950638948713,118.64339970076506,35.77611677706146,4.964115474230487,119.06408999271103,36.432960073668056,4.9309165306734055,120.03426981478897,38.16896046090849,0,0.005632044398921288,0.8996931749491921,1.5008546100074227
CMP-0458,LOT_05,5.020499998666285,119.57834057328766,34.787331280699405,5.032200453951891,120.25672008838909,35.05222346965066,5.0532412959579665,120.75057141973724,35.32290483567382,5.010508338898809,121.18848323244991,38.21039385626992,0,0.011700455285605926,0.678379515101426,0.2648921889512579
CMP-0459,LOT_10,5.098100283192112,119.91411783408651,36.42995532746417,5.103587974303048,120.31119806622968,37.09120076902385,5.082680040096183,121.19732574421376,37.57038454945484,5.1075591987079445,120.72121222542334,38.927713219794825,0,0.005487691110936055,0.3970802321431677,0.6612454415596787
CMP-0460,LOT_10,5.104688942541136,116.67826624839583,34.46832800603558,5.104345364840199,117.37593379663814,35.61162477968254,5.104796824929502,117.89770572081544,36.17291546897869,5.156630286727697,118.64941355414615,38.14748351641569,0,-0.0003435777009368479,0.6976675482423076,1.1432967736469664
CMP-0461,LOT_10,5.104160547952952,122.65225814007337,32.22936562111955,5.111026289626116,122.91195424688962,34.08491640130099,5.124690463860254,123.1816155789702,34.90199537307138,5.078878979044746,123.36947359516134,36.114071381962034,0,0.006865741673164116,0.25969610681625,1.8555507801814386
CMP-0462,LOT_03,4.902934293970133,119.23768938459514,36.51452860777823,4.8984197607264,119.78352595155198,37.547515859331234,4.934135465531749,120.21448509361849,38.2617155601437,4.935518955789694,120.1203516175273,39.37080929409055,0,-0.0045145332437330765,0.5458365669568366,1.0329872515530027
CMP-0463,LOT_07,5.042420322448142,121.10832297016435,33.876976537206986,5.053787314481414,121.90641129298446,34.461293687808336,5.065964816187369,122.34846308990286,35.22979117988995,5.041174162036426,123.61179272014056,35.84181216709779,0,0.011366992033272183,0.7980883228201066,0.5843171506013505
CMP-0464,LOT_10,4.968931169597624,118.74899069620848,36.8196848756982,4.988870015632403,119.29072387600128,38.20026015060136,4.994541723928557,119.78821358768562,38.66944795436945,5.026951314618408,119.9440172104176,41.38838522655164,0,0.019938846034778912,0.5417331797928,1.3805752749031583
CMP-0465,LOT_04,5.037936401032717,120.04772884237916,34.55313752857204,5.047636166554632,120.72649251309068,35.221711417503684,5.055742611445533,121.22957853129192,36.454004015267515,5.065639259077203,122.63064206033754,37.09648055533161,0,0.009699765521915538,0.6787636707115183,0.6685738889316468
CMP-0466,LOT_07,4.991448393919113,117.36671714268398,33.444909729861976,4.996141725021722,118.09388311245401,34.428346700180974,4.998872062177487,118.96184353613599,36.0039352666271,5.041249374239878,118.66733811383644,36.03214780402605,0,0.004693331102608944,0.7271659697700272,0.9834369703189978
CMP-0467,LOT_02,4.986618646755196,121.43669592266167,36.51094860103717,4.808046168208783,129.87557583990153,43.90078870486276,4.647178629766978,148.41192711214043,56.118917332850486,4.337426765881431,165.71018552411573,68.94299152805819,1,-0.17857247854641312,8.43887991723986,7.389840103825591
CMP-0468,LOT_03,4.96757909375158,120.10310912664991,33.279555907600354,4.981867125929918,120.82938647904157,34.239953887106346,4.988827391030415,121.44141858500625,34.025719177690576,5.0126034750618755,123.380329380914,36.14181291021457,0,0.014288032178338739,0.7262773523916621,0.9603979795059914
CMP-0469,LOT_02,5.0822666334098985,121.94993568886827,31.766589682124675,5.097900621786526,122.9643217179166,33.077810205504406,5.0905815930874505,123.54887060524219,33.23746657983387,5.142556695571904,123.48638042390265,35.13720511325803,0,0.015633988376627883,1.0143860290483389,1.3112205233797312
CMP-0470,LOT_06,4.9726775971226,122.972301291721,35.155185747340546,4.977085572385343,123.24325569754365,35.21933500414083,4.968316362882503,123.77684346997695,36.50945188850216,4.985878542536899,125.02852749790316,36.64533466635825,0,0.004407975262743058,0.27095440582264985,0.0641492568002846
CMP-0471,LOT_08,5.0495380867283925,124.19502122808913,32.357274558595705,5.056076466042046,124.94797719749914,32.6338017978829,5.0745767246466125,125.8144188575614,33.472916205061324,5.087081727460848,126.82842839056295,36.19254304116382,0,0.006538379313653309,0.7529559694100101,0.2765272392871978
CMP-0472,LOT_03,4.9733811075350385,118.1600397778526,36.46544622564307,4.969663351957129,118.60952497025437,37.516791111120305,4.972118314266347,119.1934710497601,39.59904777026669,4.987231380150198,119.39182215654067,40.32905657062579,0,-0.003717755577909543,0.44948519240176665,1.051344885477235
CMP-0473,LOT_06,5.008234380990986,119.50315358405793,32.32441266785817,5.002037034052869,119.6360138459725,33.51408225100029,4.991603291854856,120.51268705574832,34.329205533428265,5.017153295670835,120.21408630837033,36.01188924961645,0,-0.006197346938117576,0.13286026191457267,1.1896695831421198
CMP-0474,LOT_02,4.950731099796506,122.3766998412107,35.53193174116253,4.7889846283840924,131.65956581067812,41.545329550828576,4.644133202660605,145.2929073354658,54.13016236272696,4.163363663992752,157.97769139407097,61.10473343111986,1,-0.16174647141241394,9.282865969467423,6.013397809666046
CMP-0475,LOT_01,5.0573425877575025,118.31875258567172,36.613453101918296,5.085806986266617,118.76701398982334,37.63080613548936,5.087955286629414,119.1630831141678,39.28651753495561,5.085722295744013,119.29595457889795,40.91952688462086,0,0.028464398509114197,0.44826140415162286,1.0173530335710623
CMP-0476,LOT_10,5.106018512452126,119.09912272434829,35.189421705856354,5.109411743014408,119.62778295807783,35.3023733572142,5.129686061364233,120.22482518312553,36.07359602598124,5.121604456522415,120.18040596439378,37.88454368684041,0,0.0033932305622821346,0.5286602337295392,0.11295165135784657
CMP-0477,LOT_01,5.103722569740473,122.97104297728859,32.74230808599402,5.10835518913704,123.55533312539966,33.707167124986846,5.097364103362803,124.1709279108417,34.502158677428696,5.166641697309116,124.42871877409094,36.64156983324812,0,0.004632619396566895,0.5842901481110658,0.9648590389928273
CMP-0478,LOT_08,4.948599535105174,121.44332391961898,36.62559617091106,4.949025607844431,121.94813940091576,36.93480658414652,4.956307310449849,122.69921623660301,37.51732733457845,4.964044913725554,122.38324170176774,38.41611985324658,0,0.0004260727392564334,0.504815481296788,0.30921041323546206
CMP-0479,LOT_03,5.003646244585856,117.99538446669881,34.52784207512301,4.997671968374191,118.29255252827076,36.20801194464624,5.005534732008392,119.35977158110113,36.96033802539821,5.016952394450361,119.61299960754182,36.069941878870715,0,-0.0059742762116652415,0.2971680615719521,1.6801698695232261
CMP-0480,LOT_07,4.997550675596952,122.9720777870303,36.44701909124542,4.996213758741484,123.72050551075581,37.31586182845493,4.992646960347043,124.27963648601717,38.014477150623016,5.046983065022054,124.89081652500141,39.48038896516373,0,-0.0013369168554682176,0.7484277237255128,0.8688427372095049
CMP-0481,LOT_09,5.039180254714865,122.83892694562991,35.91302361937068,5.050856769362132,123.58676135804751,36.867575549329615,5.061355467107302,124.60323443323658,38.47853761330723,5.0706932532236655,124.35998556939471,40.03811434949641,0,0.0116765146472666,0.7478344124176033,0.9545519299589316
CMP-0482,LOT_08,5.015779062709868,119.35625457962011,35.49754486807189,5.025561978110991,119.72338694370552,36.56206603236551,5.0395433387955855,120.11076842362945,37.81397887667027,5.07133862595721,121.20833579053323,38.34106732419431,0,0.009782915401123304,0.36713236408540695,1.064521164293616
CMP-0483,LOT_07,4.938212701071702,121.3454587569955,35.21919746143542,4.974148181092395,122.13691292965122,36.57477253990268,4.987885738611718,122.68602960616862,36.87292783808613,4.959368436548397,122.70063337511043,38.536598925366334,0,0.0359354800206928,0.7914541726557189,1.355575078467261
CMP-0484,LOT_01,4.9727839103863625,119.50477393375115,34.676860169771814,4.789697730476956,126.82174630498835,43.26270091195761,4.488862492408373,141.1228838552625,53.95098031361276,4.30123915624918,164.81513598364091,72.64457175514318,1,-0.1830861799094068,7.316972371237199,8.585840742185795
CMP-0485,LOT_06,4.945265180648456,119.91371931186112,35.17701462969369,4.935538138406518,120.40557004029768,36.611004596867815,4.9523065791893455,121.57450857485617,38.036559338023906,4.984516818901534,122.80561300825484,39.21752960628749,0,-0.009727042241938655,0.4918507284365603,1.4339899671741279
CMP-0486,LOT_08,5.048687014671566,118.88152713321001,35.16152947924245,5.052209738240784,119.4611240447226,35.83557493523254,5.051905810742857,120.08516603265424,36.56671921484226,5.033659315526449,119.73334558406656,36.91776174206337,0,0.0035227235692172343,0.5795969115125814,0.6740454559900897
CMP-0487,LOT_04,5.0109469423535815,122.1305587433984,36.12920273441266,5.031665971915408,122.75223798169021,37.2340423889584,5.058156248049722,123.52806181921224,38.2220900727354,5.077087409332611,122.57934386043851,39.00167184964604,0,0.020719029561826474,0.6216792382918186,1.1048396545457422
CMP-0488,LOT_04,5.057634143874078,123.14278999390154,32.8247309446846,5.081745815615571,123.40850095669629,33.25412332190419,5.088231530080661,123.81303901505652,33.27491468204575,5.114743375085423,124.74820216905958,36.09735659883513,0,0.02411167174149309,0.26571096279474204,0.42939237721958534
CMP-0489,LOT_09,4.9984786417548674,123.37599088293693,30.748632826050173,4.998909198264976,123.87709905149529,31.205847708592422,5.00503439290591,124.33927639058432,31.67700465419619,5.020198576787029,125.1911736903742,33.01683455256762,0,0.0004305565101088149,0.5011081685583605,0.4572148825422495
CMP-0490,LOT_04,4.991711754167307,119.98512730670882,32.38952065199837,4.864789450065371,127.08312484781523,40.28182326421494,4.525969320184855,136.26253968952219,55.07488057635887,4.557415726614707,164.98826598570378,67.16949590396638,1,-0.12692230410193606,7.097997541106409,7.892302612216575
CMP-0491,LOT_04,4.942593335259777,119.08344466336543,34.88570649196408,4.958449391677875,119.23148261065813,35.08420645119986,4.975793783835961,119.14677103998275,35.66080774813042,4.981691227849052,120.43931559562469,36.9708319747648,0,0.015856056418098063,0.14803794729270692,0.19849995923578234
CMP-0492,LOT_04,5.042228542985824,120.57041185273151,34.02947506707281,5.0526057719526465,121.14704565726275,35.8885936877985,5.07440062697702,122.01141271404893,36.38328998964868,5.062122113827546,122.02935566085625,37.773735570487965,0,0.010377228966822472,0.5766338045312409,1.8591186207256882
CMP-0493,LOT_01,5.0441675818879395,119.38864427739699,35.96256597352078,5.0563965735179774,120.03260987358327,36.29041241175797,5.0642116574200156,120.51519831521153,37.402233461563796,5.063827821494335,119.78264451154207,37.425052637611635,0,0.012228991630037989,0.6439655961862769,0.32784643823718795
CMP-0494,LOT_09,5.003194211275167,123.36749624524997,35.87411966098715,5.014009514067482,123.86101798989368,37.426211352071995,5.01515785728512,124.3189328535715,37.681582292002844,5.062387635041388,125.05726745839449,38.86019271526884,0,0.010815302792314796,0.493521744643715,1.552091691084847
CMP-0495,LOT_02,4.987464054363886,118.9310587565748,34.0185894710235,5.000853673356297,119.35944790073266,34.79171060364213,4.990812747030466,119.88274007369081,35.501098884246176,5.014420706383458,120.45883323947702,37.39011241383085,0,0.0133896189924112,0.4283891441578618,0.7731211326186269
CMP-0496,LOT_07,5.027636425044988,119.51865944272856,34.14950249608814,5.027197268631763,119.90002814126095,35.159327543656424,5.025402976806976,120.42884528299618,35.47659920470049,5.0139774308516225,121.30973120169334,36.779795867363745,0,-0.0004391564132246728,0.3813686985323841,1.0098250475682846
CMP-0497,LOT_10,5.02115179873652,122.74981542293594,34.39538920849078,5.028996164989894,123.46414179091376,34.490166356311626,5.068499194633584,124.69737188161167,33.93699759160158,5.047046100411559,124.10466827497898,36.278348939587836,0,0.007844366253373813,0.7143263679778187,0.09477714782084234
CMP-0498,LOT_10,5.040587954923968,119.77486018606402,33.633639178700065,5.048866103311017,120.3778170334565,34.04177851481742,5.034172597976467,121.4756398737071,34.5205651749632,5.066119043572627,121.1789193305437,36.480248678083136,0,0.0082781483870491,0.6029568473924769,0.4081393361173582
CMP-0499,LOT_04,4.924081742623001,117.23175314598294,34.401552837009625,4.931399410627668,117.38736289207361,35.811223297096845,4.925104602259445,118.33535336071134,37.52153959569971,4.946434339975024,118.6068492122827,36.825665519429485,0,0.007317668004667155,0.15560974609067557,1.40967046008722
CMP-0500,LOT_10,4.975090378828281,117.8255293568233,34.565997517620524,4.980432898744228,118.26049747622254,36.0408374690287,4.978653284854692,119.2810043761547,36.17830765261603,5.0327415042078,118.7522421652692,38.040026882999406,0,0.005342519915946475,0.43496811939924385,1.4748399514081783
CMP-0501,LOT_10,5.040067861817778,122.99965359445763,36.78578705743346,5.046019298494359,123.53650463893854,37.39474812059928,5.041146043805739,123.69261436721993,37.97596146710722,5.071011411114658,123.58059705906278,39.35766515853467,0,0.005951436676581601,0.5368510444809118,0.6089610631658218
CMP-0502,LOT_01,5.056095553453706,118.82963184694667,32.90469063607582,5.070693856518354,118.86614619690516,34.45976769401716,5.077490044650106,119.91553629307839,34.39628495122893,5.109056781022511,119.81589177849807,36.19492726883949,0,0.014598303064648377,0.03651434995849456,1.5550770579413395
CMP-0503,LOT_09,5.033806869238843,123.57025560393178,36.51207539429089,5.037867915949286,123.86948308720828,36.8278296775297,5.069966281133878,124.13603080192492,38.36794461201535,5.068369356766527,125.03443452800526,38.58233502748146,0,0.004061046710442717,0.2992274832764963,0.3157542832388103
CMP-0504,LOT_04,4.99922646185816,119.26157341706238,36.0440071799723,5.007786740765948,119.60190646131461,37.343920567702625,5.01682695593152,120.24857946484195,37.91699063852553,5.003604314672329,121.46944344257174,40.581209696313486,0,0.008560278907788543,0.3403330442522332,1.299913387730328
CMP-0505,LOT_10,4.984984101341946,122.76465489179293,34.46925494364888,4.988658540978474,123.63910182692022,35.44541610284194,5.025184920906181,123.71958425371322,36.50450854423419,5.050080192962806,124.65397719924965,37.2342125090277,0,0.00367443963652736,0.8744469351272954,0.9761611591930617
CMP-0506,LOT_06,5.054117152721762,118.45974383471862,34.85778716091502,5.051772129923836,119.27112275473812,36.43522981627786,5.061298358685639,119.42487807406204,38.00318334089918,5.064453495382893,119.71852033432936,37.025535406299824,0,-0.002345022797926255,0.811378920019493,1.5774426553628444
CMP-0507,LOT_03,4.9688589581738585,121.48881746739544,34.43689975403715,4.982415891994996,121.84415053548899,35.46948428721927,5.021229404326286,122.23960471208092,36.46169900602909,4.971105347445627,123.60420359669743,37.08771898406337,0,0.013556933821137207,0.35533306809355736,1.032584533182117
CMP-0508,LOT_10,4.993840985212055,121.22315873004162,36.0065186408165,4.999316581816927,121.94154001719399,36.62702620881995,5.020985595117341,122.32447842894403,37.60180518313598,5.010076721769842,122.96652800454729,37.76727124746653,0,0.0054755966048727345,0.7183812871523685,0.6205075680034469
CMP-0509,LOT_09,4.972992322296377,119.8899440672194,35.20100671425187,4.792174469633121,127.63242691576006,39.692678802909484,4.440680944000959,144.45174409884655,49.215144922694634,4.06024477271263,169.89391951538767,65.83995045398527,1,-0.18081785266325578,7.742482848540661,4.491672088657616
CMP-0510,LOT_01,4.931071792819894,119.52678895110334,35.30848496089235,4.9502759378033,119.7991361542483,36.50830030397238,4.960491783200584,120.40338894722822,37.048414328595584,4.997938640600543,120.74738183003343,39.9276460827754,0,0.019204144983405946,0.2723472031449603,1.199815343080033
CMP-0511,LOT_08,4.997016575971974,119.34451516666647,35.94847301070132,5.004024841180078,119.312122099235,35.417038949114165,5.033111173584339,120.1811996365989,37.160709422242135,5.023674276214434,119.66580469823606,37.081371874993366,0,0.0070082652081042696,-0.03239306743147097,-0.5314340615871558
CMP-0512,LOT_03,4.949648088785745,123.29714944594774,38.359254319465606,4.823562123822254,131.27542195255134,42.416803851753954,4.502002641116037,149.91969303925194,56.75609336935928,4.193474216662404,157.19731427155983,58.69625248485257,1,-0.12608596496349112,7.978272506603602,4.057549532288348
CMP-0513,LOT_05,5.0543543594626215,119.79117791772866,36.73820129095102,5.062342997684206,120.26393797597187,37.13204257680504,5.083739352279478,120.50118598976495,37.68883139020543,5.082363941405856,121.32455006781655,37.767165024630835,0,0.007988638221584132,0.4727600582432103,0.3938412858540232
CMP-0514,LOT_03,5.039761510932186,119.2433239309522,34.662902368680015,5.051385571440613,119.7181318444428,35.147644617486215,5.060840379585609,120.51635379544456,35.42205664385267,5.063895933650897,120.02731618247526,37.90075017787849,0,0.011624060508427014,0.4748079134905936,0.4847422488061994
CMP-0515,LOT_01,5.004613280007159,117.5927995702091,33.44975670280939,5.000011944708641,117.87944372269762,35.12842549480929,4.999015169739402,118.51931125949307,35.51027478483133,5.035202619623905,118.36640272223195,37.1598078370187,0,-0.004601335298517917,0.2866441524885204,1.678668791999904
CMP-0516,LOT_07,5.1163902668213295,121.26085057596033,34.11064397850609,5.133240756457835,122.18848547005737,34.29582593326394,5.130603525819304,122.61741620232338,34.887281819692966,5.146585622491237,122.53636933726075,37.41899077610395,0,0.016850489636505372,0.9276348940970394,0.18518195475785149
CMP-0517,LOT_01,5.052291529588035,119.93963028570829,33.530908749645846,4.834857746769337,127.47963189365272,38.39536440087015,4.542432375415307,142.29790659647622,47.43268460854041,4.461190446551566,176.2172268767148,62.16125111169935,1,-0.21743378281869763,7.540001607944433,4.864455651224304
CMP-0518,LOT_03,4.963709165263339,118.90447274330626,34.711210145715114,4.972799516315425,119.2383331959859,34.699667519198584,4.97438558130224,119.84628089587197,35.56779667232533,5.016790605711942,121.2160764679678,37.30713453636536,0,0.009090351052086554,0.3338604526796445,-0.011542626516529708
CMP-0519,LOT_10,5.0854949627963695,123.70170726858254,36.42674775616839,5.102558764260615,124.16066083419507,37.40607911568643,5.107491204290361,124.84703631746359,37.84590509700676,5.118736640065017,123.98307589160592,40.784551031504435,0,0.017063801464245465,0.4589535656125321,0.9793313595180422
CMP-0520,LOT_10,5.022779021866829,122.9155733894228,35.45044015616177,5.047222458887763,123.16722582699254,37.64912845096062,5.073529111865095,123.72998657473853,39.16166811727334,5.043849761167976,124.02291838760779,40.80452876808252,0,0.024443437020933878,0.25165243756973155,2.198688294798849
CMP-0521,LOT_01,5.0266088079922575,123.93845163364432,32.62556687041665,5.0527051185625735,124.32655748501453,33.40206214046072,5.044375052758177,124.50020187377446,34.40382331418768,5.050458480266946,125.69669965184099,34.87168930288492,0,0.026096310570316028,0.3881058513702129,0.776495270044073
CMP-0522,LOT_10,4.973609542682005,120.67341438351261,34.58397010710347,4.983951643865333,121.31265587587983,36.125180832911944,4.989300214236492,121.49938927120698,36.963228072373205,5.013364635587414,121.58229322289385,37.412694195305875,0,0.010342101183328012,0.6392414923672192,1.541210725808476
CMP-0523,LOT_06,4.961948304818661,121.4140814501938,32.59230019781237,4.956151117846717,121.84730368789151,33.50447379574244,4.944331459753845,122.16527903509724,34.1039518870329,4.968285158906274,122.92324442953615,34.97521068820359,0,-0.0057971869719439795,0.43322223769770574,0.9121735979300709
CMP-0524,LOT_04,5.024410231986678,118.38577295871735,35.14176724005136,5.035650385172734,119.12871725361691,35.841576025593184,5.0571604656385425,119.64127359635165,37.38735928381757,5.081468214225522,120.2272069059132,37.63174992878034,0,0.011240153186055757,0.7429442948995586,0.6998087855418262
CMP-0525,LOT_01,5.0840153552989165,120.15694015635403,34.391536051230744,5.089419204438177,120.41433303931429,35.66981561527741,5.087119036398584,121.24377751497062,35.823348088276624,5.111964033417642,121.98944491856301,35.9480179635785,0,0.005403849139260508,0.25739288296026075,1.278279564046663
CMP-0526,LOT_01,4.9787357401400945,120.28219076432428,35.85717383827451,4.99599703070125,120.83696755197622,37.355866130127694,5.0137830913950765,121.86523189398591,38.41702990155499,5.055289741098911,122.28750697209504,37.91126602951309,0,0.017261290561155107,0.5547767876519316,1.4986922918531818
CMP-0527,LOT_08,5.074777200760087,120.05358688623888,36.59163538640387,5.077892411651429,120.67873579485679,37.46504011370667,5.111577458325277,121.3103362450819,38.73301143435745,5.054610874221967,121.63594945496249,39.793481421753306,0,0.003115210891341924,0.6251489086179163,0.8734047273027983
CMP-0528,LOT_07,5.048057860685892,119.26819150972509,35.073180657551944,5.0698701283300425,119.31245370903602,36.36785590837111,5.0748618559401395,119.53875827166993,37.3361280205091,5.114419154266216,120.83202562477811,38.25976548364581,0,0.02181226764415012,0.04426219931093556,1.294675250819168
CMP-0529,LOT_05,4.995631436475342,118.61383889602358,34.04714895331651,5.014009969964023,119.10540953328105,34.52405784345122,4.998737027431385,119.85495896890995,35.0506686323191,5.0406177250771425,120.72526298681561,35.47691826196843,0,0.018378533488681015,0.4915706372574675,0.47690889013470894
CMP-0530,LOT_09,4.991465292689057,120.75948575125592,36.85873999763065,4.988170774542433,121.37344534099708,38.3745018851275,4.995375118583081,121.83221124312914,39.38372656961996,5.015067116100229,122.66462164468064,40.823526306248475,0,-0.003294518146623737,0.6139595897411567,1.5157618874968506
CMP-0531,LOT_04,5.058339158109512,120.3721657873806,32.7587670401755,5.067191701049511,120.91104696276871,33.18646692128209,5.071789630095856,120.98823614650115,34.29011303377531,5.0905108073475525,121.08815538036158,35.467638810547676,0,0.00885254293999882,0.5388811753881129,0.42769988110659085
CMP-0532,LOT_06,5.02582071413772,119.21693513248914,33.79778089888546,5.028112267873142,119.60930108917945,34.80719344717599,5.040331644854514,120.05208512583702,35.39553367267773,5.041084202513032,121.86316348193292,36.190613325977424,0,0.0022915537354215587,0.3923659566903126,1.009412548290527
CMP-0533,LOT_06,5.021050665123028,117.24003866819261,36.264030805965895,5.021950276231016,117.92185096975363,37.15854966628056,5.025353338488675,118.90460046040191,38.24175034261018,5.0614100649800005,119.1393108095136,38.80299404724608,0,0.0008996111079886404,0.681812301561024,0.8945188603146619
CMP-0534,LOT_02,5.060460769634223,120.2694760870351,37.70246390651976,5.078965641666242,120.81187259698942,38.82820717202867,5.091024198600756,120.93650096131093,39.583171074124365,5.103389371373066,121.60383003635616,41.098348786992425,0,0.018504872032019115,0.5423965099543153,1.125743265508909
CMP-0535,LOT_07,5.033155619053287,120.33430657516968,32.949180663047,4.972691755987345,128.0505245780274,38.8278509825043,4.861635514402289,137.9422833569731,53.404369608727606,4.384990189318976,162.71932833636595,59.59270857208993,1,-0.06046386306594176,7.716218002857715,5.878670319457299
CMP-0536,LOT_09,5.0036898490884685,119.6195541633538,35.507158882259496,5.009278271619014,120.17000701615449,36.60926934507032,5.028322311937883,120.4842659289118,37.76433752150859,5.0111520417600035,120.88372369034387,38.18612929775372,0,0.005588422530545145,0.5504528528006887,1.1021104628108205
CMP-0537,LOT_10,4.95154737619051,118.60216732518666,36.88311156572996,4.955841549171974,119.06453878815904,37.37709706527169,4.978335817286315,119.81855966141636,38.546570017333416,4.986592145735853,120.10133334366878,38.957595731721305,0,0.004294172981463618,0.46237146297238496,0.4939854995417292
CMP-0538,LOT_10,5.064495276338084,121.52960854345318,33.960043659199364,4.916486864749241,128.92937835748316,38.26772760064074,4.73824364343616,137.09993471237885,46.21254244567548,4.247327396273041,174.59238904659327,66.74126504718652,1,-0.14800841158884293,7.39976981402998,4.3076839414413755
CMP-0539,LOT_05,5.032536971382862,119.86890691643407,35.865327965897976,5.040707863480985,120.21148338939265,36.922386751467286,5.0317677458007095,120.87331494558364,37.25381214821072,5.079072514011654,121.0422555162717,39.77241356451522,0,0.008170892098123161,0.3425764729585836,1.0570587855693105
CMP-0540,LOT_04,4.966111514963559,120.76186989369714,36.755745640140134,4.8994419603793045,128.8446022210589,45.51236408632027,4.770484874587611,138.1120568791894,53.29260416937879,4.45806660738665,163.73677635485288,71.74363205248866,1,-0.06666955458425416,8.082732327361754,8.756618446180134
CMP-0541,LOT_05,5.021347480539459,121.81291624162472,34.248019710922584,5.021657950982718,122.21807891845377,34.765113551330494,5.030139747612479,122.74870610592019,35.41210848978209,5.075145135786454,122.85837700861028,37.87826009473474,0,0.0003104704432583816,0.4051626768290504,0.5170938404079095
CMP-0542,LOT_02,5.003638878497077,122.36621081709615,36.69703572837998,5.009436299520075,122.97722476111042,37.907625270212094,5.011337211841185,123.66200974225484,39.63887135623828,5.038870312821328,124.26040295064576,40.44534925277266,0,0.005797421022998073,0.6110139440142746,1.210589541832114
CMP-0543,LOT_08,4.949162021258074,118.8202261186044,38.242912671782754,4.956629405161486,119.17219129774556,39.81920396123345,4.95241425011885,119.53796555448865,41.243730045226535,4.977484756467645,119.3913927751823,42.25439565269154,0,0.0074673839034122835,0.35196517914116043,1.576291289450694
CMP-0544,LOT_10,5.076992574326512,118.78762610473173,36.57683896058889,5.104749554650169,119.11743745996941,37.48023245020979,5.120578933762336,119.36023373420316,38.415379923563705,5.120251148900049,119.99490367417273,39.51938316437628,0,0.027756980323657032,0.32981135523768046,0.9033934896209033
CMP-0545,LOT_03,5.008194038453802,118.80234730908643,34.16724241347537,5.0170081625655545,119.29339578083928,34.947817743502064,5.031867257196844,119.24896725623671,35.38258461404759,5.031409606041497,119.86533818732397,38.25117615534918,0,0.008814124111752086,0.4910484717528476,0.7805753300266929
CMP-0546,LOT_10,5.008838483911295,119.03353858406908,34.97633161944056,5.006685949268268,119.49957517685006,35.50782740514268,5.0125248954969255,119.23160020695931,35.743825800920916,5.055964477358554,120.91477405140382,38.563058873874866,0,-0.0021525346430273373,0.46603659278098064,0.5314957857021199
CMP-0547,LOT_02,4.977356565731044,117.92549810746875,36.720116908174546,4.9880022454749176,118.92430267074513,37.53756792016917,5.027595683296624,119.37726513353641,39.00559221879852,5.041936080219567,119.41282770665478,39.14956945753647,0,0.01064567974387387,0.99880456327638,0.8174510119946206
CMP-0548,LOT_07,4.9385027755870885,121.3341337010499,34.70505744462647,4.94902643881899,121.94538152804455,34.77636402776901,4.978327928878346,122.34065327904257,35.84256468088794,4.981440695603561,123.63077980842647,36.692478117542585,0,0.010523663231901459,0.6112478269946564,0.0713065831425439
CMP-0549,LOT_04,5.01003534290808,117.93147828171976,35.22123598164941,5.016425158560817,118.16292749186326,36.55697842915405,5.01796928129735,118.54101372744213,37.12568900551051,5.0611347305100995,119.14246941097656,38.62025828559071,0,0.0063898156527368855,0.23144921014349507,1.3357424475046429
CMP-0550,LOT_09,5.023143341112745,122.69863609690134,35.97179122622976,5.040012010726094,123.31988213807821,36.28166990457418,5.036870228250606,123.75838591999847,36.71873788332757,5.038721270230973,123.38379426764293,37.20444653406687,0,0.01686866961334843,0.6212460411768745,0.3098786783444183
CMP-0551,LOT_01,4.9603473111934715,120.15785042536645,34.34924953863744,4.98125304706721,120.62552527256148,35.6974149793383,4.9943012535016305,120.70490396078826,36.45208589146971,4.9765405650806365,121.57146485345301,37.10131032555375,0,0.020905735873738784,0.4676748471950276,1.3481654407008605
CMP-0552,LOT_03,4.93288228312669,120.02940365055888,35.85862337384479,4.82826206159214,126.50106813479043,41.88524983215556,4.684546133072126,146.47336380630648,53.44712492044939,4.308570945308142,157.63489483137238,70.47117329161838,1,-0.10462022153455042,6.471664484231553,6.026626458310766
CMP-0553,LOT_10,4.861556338926782,120.4818414249123,36.21467714041733,4.862439715165094,120.887696640462,37.67650421810178,4.846186483192404,120.99122527680213,38.36244662724396,4.867393018415758,121.74076319172521,38.665503962576565,0,0.0008833762383124721,0.4058552155496926,1.461827077684454
CMP-0554,LOT_09,4.992538345741001,121.09838098846606,35.30059925072044,5.004605246465961,121.30911951756003,36.54689502654288,5.009642250438895,121.75914002526515,37.871027214738284,5.010216535335624,122.98471168178953,39.702475266041354,0,0.012066900724960306,0.21073852909397317,1.2462957758224391
CMP-0555,LOT_10,4.890685337718653,122.15766982851989,35.167077591996616,4.893233363010439,122.89238229727101,35.73629815155771,4.896871034136975,123.54984940656611,35.979496735750274,4.911043744818298,124.43695088922769,37.90518674645462,0,0.0025480252917855495,0.7347124687511268,0.5692205595610957
CMP-0556,LOT_09,5.0566801179003,120.01547666884323,31.494887935463918,5.055622394948148,120.66814349132014,31.719762225321276,5.060722006119343,121.26968767542685,33.25454757320203,5.06412200101906,121.34639963677857,33.67780561212488,0,-0.0010577229521526732,0.6526668224769026,0.22487428985735747
CMP-0557,LOT_05,5.05246341744429,118.40171233394305,35.18024140006857,5.06691554454676,118.82166577196188,36.60009636834855,5.079149922665396,119.55831948590756,37.497148422372966,5.094443635976505,119.5054698935372,38.095479004195575,0,0.014452127102470236,0.41995343801882257,1.419854968279985
CMP-0558,LOT_01,5.031775522226017,117.9540696675552,35.271295136982246,5.018037761690662,118.33928163481532,36.7518089752922,5.0261605778599945,118.87465543571513,36.04361835203209,5.030192689327939,119.50841774672892,39.12404087561087,0,-0.013737760535354582,0.3852119672601191,1.4805138383099532
CMP-0559,LOT_04,4.991717209368793,117.33576514118027,34.6932176912402,4.989101458744815,117.4661911172192,35.15062800618491,5.021731732361875,117.88502275676521,36.06056668769659,4.998831533720854,117.57091560749325,37.89951850612867,0,-0.002615750623977675,0.13042597603892148,0.45741031494470974
CMP-0560,LOT_05,4.972260366160417,119.89077023829988,35.34573446514478,4.9749956701151286,120.02317794168889,35.94518781897706,4.973764300300834,120.29124989314236,37.230217114080865,4.9707236145523455,121.17366757890797,38.0718254487514,0,0.0027353039547115543,0.13240770338900631,0.5994533538322813
CMP-0561,LOT_10,5.039556548359878,119.6555597238118,35.6515887898772,5.034527137487405,119.62790410855358,36.840362216660125,5.050994884377993,120.27055480849914,37.37789595928279,5.084321582531612,120.39796520068506,39.177065432398024,0,-0.0050294108724724396,-0.027655615258225907,1.188773426782923
CMP-0562,LOT_06,5.0859370079874555,119.36594076042033,34.02021064065627,5.080955554143302,120.17641416175283,35.23091609418054,5.097751470731716,121.61142543415001,36.19343846477369,5.074909126041302,121.07846237425635,36.45109016710162,0,-0.004981453844153272,0.8104734013325015,1.2107054535242696
CMP-0563,LOT_04,4.9706487804466475,117.21343498928921,37.38875245050844,4.983637260891031,117.66834058234916,38.76757136526631,5.000703270013772,118.25104780217177,39.910070401649726,5.006315955766205,119.00345131084495,41.37006120596853,0,0.012988480444383832,0.45490559305994793,1.378818914757872
CMP-0564,LOT_02,4.988980275325194,123.06079560290782,34.28314769033985,5.002893411329468,123.64357728505563,34.978368764208035,5.000776075549795,124.03742167879467,35.53226033762023,4.9937308000966905,124.31782974379598,37.191347151915686,0,0.013913136004273241,0.5827816821478109,0.6952210738681828
CMP-0565,LOT_06,4.870023275081488,121.28260742951466,34.162772321156424,4.742677278815876,129.2543369110934,39.87374088202618,4.452228995052419,137.3007034991939,52.42175435321758,4.253942537269297,178.58677294039228,65.24500477747242,1,-0.12734599626561227,7.971729481578734,5.710968560869759
CMP-0566,LOT_02,4.910669058993516,122.23326531232321,34.31314805879662,4.796455423047255,128.28819964584238,38.53553699384174,4.434363499116514,138.70687077789847,50.895649942124095,4.114793242274581,157.12788231150464,61.10925805140137,1,-0.11421363594626133,6.054934333519171,4.222388935045117
CMP-0567,LOT_10,4.945862984305202,119.20911241137203,36.38794934595436,4.958404891070779,119.41267831159593,37.81369340941129,4.968298394642142,119.75002273107313,38.98703156136576,4.975060754331238,119.82984764164307,41.29194117857098,0,0.012541906765576982,0.20356590022389298,1.425744063456932
CMP-0568,LOT_03,4.995930739775889,119.18978965653882,36.769948609186386,5.0006819546944685,119.3807936847765,37.4306097782384,5.03058357370129,120.13043333321365,38.10310195190847,5.048147057527278,120.75476479918744,39.21733828733071,0,0.004751214918579549,0.19100402823768547,0.6606611690520126
CMP-0569,LOT_08,4.958405652516809,120.0090101310187,35.462770046919935,4.951535990130724,120.47114606650511,36.31124195423709,4.976957010430128,120.4177969683618,36.920488944385234,4.961900897183432,121.95118154846591,38.276404698745175,0,-0.006869662386085551,0.4621359354864154,0.8484719073171547
CMP-0570,LOT_02,5.033110669095319,119.17955401162097,35.359488044838436,5.039569981001625,119.85143322971905,35.69338918819293,5.037214541353055,120.48814020528553,37.10626741255474,5.015530609078841,121.53866883771425,37.58128108545053,0,0.006459311906305665,0.6718792180980842,0.3339011433544954
CMP-0571,LOT_03,4.923530696709586,119.96059028830919,34.901152943286675,4.939862701056679,120.350692852797,35.34713267006359,4.943666405241766,120.86077593887047,36.26251906754123,4.944079407071231,121.80141620296467,36.85001525268436,0,0.0163320043470927,0.39010256448780467,0.4459797267769119
CMP-0572,LOT_08,4.972880424526585,122.14968035140521,34.80080532058901,4.9759352894958875,122.83490190149492,36.872179590563384,4.989080529010522,123.70505463975455,38.19021856585078,4.9838224944627205,123.84821899173303,37.84614388680019,0,0.0030548649693020735,0.6852215500897074,2.0713742699743705
CMP-0573,LOT_04,4.979855702141219,118.50020993723933,34.56935478770665,4.995178029003868,118.97631155515134,34.63716818882896,4.993986220530391,119.02049174938386,35.55919830181984,5.0252443762849515,120.10458566607842,36.00724467418945,0,0.015322326862649227,0.47610161791200767,0.06781340112230794
CMP-0574,LOT_01,4.9764942872115565,117.7235491004995,36.1128948795634,4.994674564748794,118.4133281967162,36.80872057954717,5.022364999439191,118.76525352131777,37.935471240316424,5.004456311513461,119.3013371148433,36.87177829363582,0,0.01818027753723772,0.6897790962166965,0.6958256999837715
CMP-0575,LOT_07,4.979497519131808,123.51237613617027,33.25630087201208,4.983861706760769,123.8314016141731,33.974412382514345,5.009332902704879,124.77481115247119,34.42401607705487,4.989401555906305,124.25283728987614,37.019440691729784,0,0.004364187628961069,0.3190254780028283,0.7181115105022613
CMP-0576,LOT_02,4.994700910000561,117.20780160738624,33.040006151815625,5.006407204504407,117.81766919107554,33.00693374930505,5.011587555846338,118.80315795794276,33.698179145989904,5.056199966320219,119.14219225555338,34.13951006863676,0,0.011706294503845527,0.6098675836892937,-0.03307240251057664
CMP-0577,LOT_06,4.952374421595325,118.06026395437812,37.26015288817784,4.952600815398395,118.77595116965985,38.041910648995334,4.962216225450148,119.44450449513143,38.542631312542994,4.983958901668286,118.75273631988566,40.39367655972704,0,0.00022639380307065693,0.7156872152817328,0.7817577608174915
CMP-0578,LOT_07,4.9886576636650775,121.70848597063699,35.933442959087564,4.985673558875458,121.97455309141829,36.58910693892625,4.99846679681083,121.86497313440518,37.38249515100197,5.011902146351459,122.83303450098279,39.00936371336869,0,-0.002984104789619302,0.266067120781301,0.6556639798386854
CMP-0579,LOT_05,4.9031905319870255,120.26682616314164,33.57038695215503,4.90740710573841,120.86265100673427,35.27905364387221,4.91683620388678,121.52887045766803,35.356813973295765,4.932317577358311,121.83269803789568,38.262435708373154,0,0.004216573751384622,0.5958248435926237,1.7086666917171769
CMP-0580,LOT_10,4.987918119141882,122.1176289342656,34.861949311408026,4.986829705329009,123.12795558892363,35.32265292973966,4.9958592041057654,123.73196203573131,36.25646168425522,5.003034831248881,124.03557540366047,37.1347074367093,0,-0.001088413812873057,1.01032665465803,0.4607036183316353
CMP-0581,LOT_09,4.989000454114331,121.1938619856462,34.498020713477594,4.995452817390776,121.60277325311226,34.723097819482966,5.003043500288964,121.98067095681643,36.10886007407535,4.991518815039085,122.31419966433484,36.0043454460797,0,0.006452363276444828,0.4089112674660669,0.22507710600537223
CMP-0582,LOT_09,4.956529577757267,121.12459968945227,36.45524221010897,4.799223432186496,126.37097768757133,40.409011421963434,4.413601718386297,141.08283369141225,54.488588048696954,4.36019419766092,147.15030448596815,67.04383647722226,1,-0.15730614557077072,5.246377998119058,3.953769211854464
CMP-0583,LOT_01,5.03574635670502,118.74131077887121,30.87477726199228,5.052233909683858,119.03405852125745,32.1083452009449,5.083126237423612,119.53908725843604,33.40622811677667,5.075309863294582,120.82777318532803,33.25865951393922,0,0.016487552978838416,0.2927477423862399,1.2335679389526248
CMP-0584,LOT_08,5.033658080252073,119.6191764859799,36.728328494979,5.0393376848569655,120.53305071630568,38.78942724711513,5.053568764800375,121.19883107041207,40.185262964927446,5.035593736877618,120.87705070901679,41.794562378201235,0,0.005679604604892141,0.9138742303257743,2.0610987521361253
CMP-0585,LOT_02,5.000556165144058,115.22791705527186,34.7141565283145,5.0030256977521255,115.91153138199488,36.2116719175065,5.021675901264074,116.53016897663461,36.26299854314637,5.034838559352063,117.22623035475657,39.20782604052148,0,0.0024695326080674818,0.683614326723017,1.497515389192003
CMP-0586,LOT_06,4.91537196632142,119.22304634876357,33.88660004426353,4.927097038205271,119.72572672040718,34.76955900772346,4.952511103626288,119.89530245705295,35.048998274027156,4.92661253278331,120.54556292669419,35.78668683499398,0,0.01172507188385108,0.5026803716436063,0.8829589634599273
CMP-0587,LOT_06,4.960674244300046,121.74753250811239,34.91074920756989,4.981300717940364,122.2085225378715,35.89865176345422,4.982858981870138,122.70640857571085,37.05476741652024,4.993074033294958,123.46772851913883,37.24845419461762,0,0.02062647364031811,0.46099002975911674,0.9879025558843253
CMP-0588,LOT_09,4.971004708634403,121.7033597464581,35.0914648136505,4.996214245968314,121.97254620120727,35.353376426994565,4.996970987278681,122.05716291679697,35.46200897978043,5.028645261177512,122.97045680450094,36.96963164563116,0,0.02520953733391096,0.2691864547491605,0.26191161334406843
CMP-0589,LOT_09,5.082518458390952,118.52898858471393,33.01679915287505,5.1004789645658155,118.98583746004437,35.036185997283994,5.102585879983904,119.7396327139714,36.37728466258365,5.110052247921775,119.61437707608985,37.629279222028714,0,0.017960506174863333,0.4568488753304365,2.019386844408942
CMP-0590,LOT_10,4.9294694949644535,117.74312872739056,31.195354992577993,4.945423363504242,118.1907632887634,32.11427978209035,4.930051702038714,118.36133258283661,32.67530032580657,4.951976851501286,119.24968132652222,34.5810542833958,0,0.015953868539788196,0.4476345613728512,0.9189247895123565
CMP-0591,LOT_02,5.055770133154847,118.34005444604045,32.48758052753696,5.062247116687746,118.52051010246561,33.49491711112152,5.060540304820116,118.43422868643923,35.162929684051605,5.071495882425638,118.70170045099351,36.21345454352735,0,0.006476983532898828,0.1804556564251527,1.0073365835845536
CMP-0592,LOT_08,5.054508301684533,118.5332113306439,34.18865346460581,5.067956618779303,119.15185520678472,35.57289533327611,5.076610501698363,119.81044022325109,36.74570963673782,5.09196800155064,120.08052615015256,36.41665937469121,0,0.013448317094770346,0.6186438761408226,1.3842418686703013
CMP-0593,LOT_02,4.979319207382464,122.55553272718332,32.85824955063003,5.005759570536113,123.05107807145643,34.017008639881475,5.009833908818159,123.05095619769943,34.74720369064858,5.0324544686739685,124.38919079465772,35.85858208113035,0,0.026440363153648505,0.49554534427311125,1.158759089251447
CMP-0594,LOT_03,4.922916932770868,124.10403924752659,33.36119602434183,4.947187427353261,124.41722190004306,34.2699680694779,4.9665655512472595,124.6711635660688,35.866075637357426,4.968701994514629,125.6476473231929,36.055882463062595,0,0.024270494582392388,0.31318265251647404,0.9087720451360681
CMP-0595,LOT_06,4.993435703118839,123.45942558149848,34.082606287431325,5.011076663512356,124.05724844874709,34.54831525109014,5.024283809081917,124.5594582301022,34.92171916295172,5.038236712196238,125.13039322180134,36.49024569324436,0,0.017640960393516814,0.5978228672486097,0.46570896365881254
CMP-0596,LOT_10,4.995499487053819,119.26460075750734,35.20975114252247,4.999060344930181,120.29596265580133,35.50508451978981,5.000289303771664,120.64424002442826,37.32533122695208,4.992657651930632,121.50892380479439,37.70379977182704,0,0.003560857876362178,1.0313618982939943,0.2953333772673403
CMP-0597,LOT_02,4.988207145748292,122.43165871949418,34.323564760219824,5.000147320243232,122.55883831306375,35.37311126448079,4.998237478825753,123.0029235852756,35.330425332072444,5.028244765977614,122.71055396527593,37.49173894991406,0,0.011940174494940337,0.12717959356956499,1.0495465042609666
CMP-0598,LOT_06,4.957517948243206,122.30946420509032,35.88187691887043,4.979009979619911,123.12140963159058,36.49545756530055,5.011494554556524,123.18175793473691,37.668507732573,4.989143225327911,123.65625956027093,38.9870334591441,0,0.02149203137670508,0.8119454265002588,0.6135806464301155
CMP-0599,LOT_04,5.0107429944447395,120.26391460265847,35.79029987854985,5.023780635199912,120.87218577057567,36.89229960910521,5.046422392567507,120.88402342861055,37.62666287156202,5.016103705323,122.01053677937811,40.205843749788166,0,0.01303764075517222,0.608271167917195,1.101999730555356
CMP-0600,LOT_04,5.00636260151486,121.51297342984327,31.898415602350212,5.011141496693418,122.08587656169784,31.449918239521576,5.006489369297293,122.91613395371223,32.75141668974694,5.03862786124082,123.52697538166943,33.62200162705875,0,0.004778895178557896,0.5729031318545736,-0.44849736282863617
CMP-0601,LOT_01,5.005790634146105,118.73525922716836,36.89522501627347,5.031006228241127,119.51124178730777,37.69117063543454,5.02669961765065,120.39433388553282,38.76312423673024,5.0575779150716,120.1944257448352,40.03170168554395,0,0.025215594095022276,0.7759825601394112,0.795945619161067
CMP-0602,LOT_01,5.031703117803952,122.75777339921243,37.44656831586193,5.04878835834505,122.98136908928821,38.545233381334945,5.0908835845059155,123.22078561215552,39.31564259487984,5.097058845381069,124.289936050325,42.529358440923026,0,0.017085240541097946,0.22359569007578273,1.0986650654730141
CMP-0603,LOT_08,5.061206271791758,117.60824274345693,34.704848016773695,5.070549806343163,118.3154406381341,36.01198200078632,5.087405780055816,118.6947113747636,37.41948401032729,5.171066287197708,119.66108168759557,38.091719766823786,0,0.009343534551404353,0.7071978946771793,1.3071339840126228
CMP-0604,LOT_10,4.9681259275341425,119.5725795321054,34.1980996395993,4.977965149188874,120.42818274746685,35.82168309828391,4.98558265844185,120.5656987640671,37.29036691973512,4.996984063719647,120.56493253466567,38.39162719307834,0,0.00983922165473139,0.8556032153614552,1.6235834586846138
CMP-0605,LOT_05,4.958772267893355,119.77909197738457,36.10176636696293,4.963614802047114,120.11266359698978,37.46535099180307,4.966589966447401,120.77527999215438,37.70959316431578,4.956568141662386,121.49029817577498,39.66736692005684,0,0.004842534153758571,0.333571619605209,1.3635846248401435
CMP-0606,LOT_07,4.973370349953928,118.4097893950405,37.04107833131137,4.9681407623139835,119.16008153687663,38.70133068505256,4.991042105027975,119.4537392817735,39.09306876668988,4.98393964685402,119.51256169846093,39.93197548604968,0,-0.005229587639944633,0.7502921418361268,1.6602523537411926
CMP-0607,LOT_02,4.947521258673252,121.35224387060015,35.681454958609706,4.972620121219022,121.96607115897365,37.21074548547689,4.989776285082976,122.7600498918828,37.367186907193,4.990185232076804,122.94657977485988,39.015745527928665,0,0.02509886254577065,0.6138272883734999,1.529290526867186
CMP-0608,LOT_03,5.0317189827247875,120.7845141541423,34.73458417816799,4.844932478732531,130.97888630245478,41.25918340308874,4.506097348568019,147.07491647752408,48.29887414617218,4.097161878826319,155.79935808579364,58.83611880428877,1,-0.1867865039922565,10.194372148312482,6.524599224920749
CMP-0609,LOT_08,4.942192294022894,121.41278590336466,38.28006224139781,4.962964973060061,121.9064781469451,38.71302792168614,4.952534040411295,122.28301263845785,39.169527554729186,4.968574034880898,122.74332141920948,40.631230247377594,0,0.020772679037166952,0.4936922435804405,0.4329656802883335
CMP-0610,LOT_10,4.938110189026879,118.6355124077339,34.76049187576628,4.946155337092646,119.50279714921658,35.876615172128204,4.931951489913255,120.12825155769261,36.94944703350019,4.963652776527751,119.89609881201197,39.28305892837898,0,0.008045148065767727,0.8672847414826776,1.116123296361927
CMP-0611,LOT_06,5.010002526453197,121.20162109805953,37.56028688625099,5.025618915174607,121.58988825265082,39.11328302381497,5.026152423423945,122.1389556560694,39.26674121980708,5.024953290627872,122.61558158786892,41.40775239067967,0,0.015616388721410246,0.3882671545912899,1.55299613756398
CMP-0612,LOT_05,5.024864368400033,118.36114204680341,36.91953202350675,5.031344724111788,118.63641759289341,37.95743430248638,5.027601199095607,119.51710113532334,38.757699406252925,5.048311191649923,119.93231810235892,39.153476351126145,0,0.0064803557117549815,0.2752755460900005,1.0379022789796295
CMP-0613,LOT_03,4.94501646459956,117.79997969250108,36.25513404683133,4.9602671056993985,118.0492137840105,36.94556602536066,4.956711132360204,119.08210957342268,38.19857123914597,4.971850208779293,119.33731112868224,37.860617076616,0,0.01525064109983898,0.24923409150942177,0.6904319785293325
CMP-0614,LOT_09,5.005243163297094,120.90446149829182,34.853811311729835,5.017723298404237,121.42012879028245,35.77202261071868,5.023281114521374,121.79224932847912,36.68799136503297,5.045939610188226,122.51930837394187,36.829144970717834,0,0.01248013510714241,0.5156672919906242,0.9182112989888438
CMP-0615,LOT_01,5.073583665033544,120.3048309231175,34.38249738128451,5.085827069587972,120.57746663861482,36.03696895955274,5.098625981755593,120.87662947465166,36.7535712265063,5.095286344946699,122.23330162702324,37.87517688799509,0,0.012243404554427961,0.2726357154973158,1.6544715782682289
CMP-0616,LOT_04,5.028686322832565,118.51846679247092,35.290564199202734,5.041430678526507,118.7076510282668,36.41691244359154,5.05074424755236,119.2466409159016,37.23472730033683,5.066614075985509,120.37632264110488,37.473306513923454,0,0.012744355693942389,0.18918423579587795,1.126348244388808
CMP-0617,LOT_03,5.024046293386395,120.91881110668417,39.130365823510004,5.040187648627563,121.64499866593518,39.97682979408375,5.035293963019104,122.05070343716508,41.13280987975545,5.068324205724147,122.84662435123461,41.80535428464604,0,0.016141355241167332,0.7261875592510023,0.846463970573744
CMP-0618,LOT_09,4.991007137785336,121.44895090033043,36.26109114225563,4.990944721288623,122.10141941221671,36.935730526877514,5.007978546066239,122.54382968947797,38.518624801497005,5.002583228709001,123.1907253326641,39.421005052925054,0,-6.241649671245852e-05,0.6524685118862834,0.6746393846218837
CMP-0619,LOT_01,4.986670755768843,118.97237303318805,34.34041549777514,4.892271485675683,125.77527156366739,41.19002732178255,4.621477343152259,136.65837651553628,55.70686616809411,4.1621864075011,154.41655530859146,64.12224468603765,1,-0.0943992700931604,6.8028985304793395,6.849611824007411
CMP-0620,LOT_06,4.935286002518683,120.24476464720964,36.39042562695593,4.937216348238456,120.62333122998083,37.61773613873967,4.95441062309316,120.39307744045828,39.42543932063106,4.967787417909423,121.97179056120731,39.50290378141006,0,0.001930345719773463,0.3785665827711995,1.2273105117837417
CMP-0621,LOT_01,4.971740598588456,121.08786338836669,34.67179839460591,4.984120992379619,121.43286411208484,36.10399286594537,4.976295306787754,122.6065349396866,38.02296718343888,5.036774984088949,123.07060360497209,38.03635417935846,0,0.012380393791163513,0.34500072371815804,1.4321944713394643
CMP-0622,LOT_09,4.995191175086194,116.89296491550938,37.25480212104603,5.016479419715418,117.3866970939783,37.64220999238046,5.017686409566734,117.34035341851205,38.914750418689444,5.004413240378135,118.53011252905164,38.96725531415671,0,0.02128824462922463,0.4937321784689175,0.38740787133442467
CMP-0623,LOT_06,4.9833100307343985,121.67637821085073,33.09859209690694,4.98573688427966,121.69884976915255,33.00641875574298,5.022709770429338,122.82392924238245,33.85278185835495,4.98926030896153,122.54962530640749,35.70527811773207,0,0.0024268535452618423,0.022471558301816685,-0.09217334116396358
CMP-0624,LOT_08,5.011881693352085,119.9744878990375,34.14678099487571,5.016619765892166,120.5331520733746,34.65833692668199,5.033395706076519,120.89167838547984,35.5220205790061,5.0642990172155375,121.44905605076111,37.39418039883559,0,0.004738072540081184,0.5586641743370961,0.5115559318062779
CMP-0625,LOT_02,5.001384431053804,123.84666135841292,32.06007187511017,5.010422332434876,124.63799912859616,32.66756167247673,5.017229750278491,125.23752082411282,33.559815949338116,5.061737741943965,125.86223603363278,35.729779988888104,0,0.009037901381072189,0.7913377701832474,0.6074897973665614
CMP-0626,LOT_04,4.962973729437485,119.54855361396073,33.2613453599486,4.977808846399586,119.97137799140968,33.925450909959864,4.9952887225439015,120.1282632580174,35.110702016887764,4.988242098629759,121.55092621345678,35.61126084737621,0,0.014835116962101047,0.4228243774489471,0.6641055500112643
CMP-0627,LOT_09,5.037195093685725,120.21989378429525,32.504903881485134,5.057283029078146,120.70235719980367,33.89966192016254,5.077636726231179,120.97036825550028,34.24226421757489,5.090390131107126,121.55073268509841,36.64880534373574,0,0.020087935392421485,0.48246341550841976,1.3947580386774092
CMP-0628,LOT_02,5.0511704888724145,120.84660896841821,35.43196249057122,5.057430376885012,121.39309449123051,37.02838884804758,5.066617145005062,122.05244682433568,37.85156888617243,5.0799224577399205,123.25479986969967,39.989772872879215,0,0.006259888012597692,0.5464855228123042,1.5964263574763535
CMP-0629,LOT_07,4.964906474822452,119.65405690747009,35.46409668132292,4.983412610718143,120.30390108685228,35.90946715337066,5.0080673516783225,120.77726898303901,36.215971475531894,5.030140305466782,122.03554058522126,38.12046473924319,0,0.0185061358956915,0.6498441793821854,0.4453704720477418
CMP-0630,LOT_03,5.0383724604372215,122.7915443056245,36.092102788147585,5.035095577662836,123.69350585541872,37.624931232887604,5.037452714583744,123.8846183337115,38.677337948089644,5.0495303768954845,124.8585035324182,40.21965670591022,0,-0.0032768827743856477,0.9019615497942226,1.5328284447400193
CMP-0631,LOT_04,5.019290923393599,118.93322428944606,35.2191436785986,4.8021246015454855,126.42885884049679,42.291571515158594,4.597245227928174,146.2547883498038,49.93213965607414,4.438457881792162,168.29801902051406,68.95309891542055,1,-0.21716632184811324,7.495634551050728,7.072427836559996
CMP-0632,LOT_10,5.01489122212433,123.004710942552,35.307717030963545,5.008559742766144,123.54535101017213,37.32969551656985,4.99924888056941,124.05426840872083,38.01652780005378,5.030477401951645,124.64247708674901,40.24167310542019,0,-0.006331479358186343,0.5406400676201315,2.0219784856063043
CMP-0633,LOT_08,4.994117217060676,119.29972645205073,33.99622552544209,4.985946346769475,119.8548827344359,36.02322566967801,5.002819878928762,120.5609069406844,36.61671000717079,5.001059678944001,121.34720347860254,39.63018058190987,0,-0.00817087029120156,0.5551562823851697,2.0270001442359202
CMP-0634,LOT_06,5.040262231486401,120.07030115878102,35.314578371400984,5.042727158292118,120.28066765452049,35.751179192521015,5.053474158809947,120.69306997609249,35.81645834016117,5.061980690711123,121.12145249228752,36.81290010829375,0,0.0024649268057173046,0.2103664957394642,0.43660082112003096
CMP-0635,LOT_06,4.969168143003777,121.85334032955188,32.145647656860035,4.959310153096667,122.3539974864417,33.19371125155619,4.9753733801369515,122.69230543395797,33.53474934901002,4.979163830442769,123.1332084187677,36.43456837528074,0,-0.009857989907109399,0.5006571568898153,1.0480635946961527
CMP-0636,LOT_01,4.9973407424141465,124.95083627919588,34.70785965990397,5.012902311066138,125.58009816587315,36.073560481763074,5.027244620047306,126.1382504041963,36.92372762668163,5.021382433021462,126.74285756729279,39.69647715170275,0,0.015561568651991209,0.6292618866772699,1.3657008218591074
CMP-0637,LOT_09,5.0427914899053,118.26164818253869,34.609231768700425,5.06226998834714,119.05908162123033,35.223798682652735,5.065016163705793,120.21349435939389,36.07192930753722,5.118737227801147,120.16251027986823,37.420742908513084,0,0.01947849844184013,0.7974334386916411,0.6145669139523093
CMP-0638,LOT_06,5.047127757075511,122.715555100608,33.4474966547887,5.053603251553307,123.39857080548285,34.38272233589654,5.056202469525309,124.20143345164367,35.7344489382528,5.064610409739864,124.50475406947682,35.415942499173156,0,0.006475494477795607,0.6830157048748475,0.9352256811078377
CMP-0639,LOT_03,5.0015703393789925,118.06624781653873,33.92603911291164,5.000919895679437,118.65725978792138,33.942219514565686,4.995746237236034,118.59837732357168,34.95172981649468,4.984865224678343,119.67312438718915,37.253838727163625,0,-0.0006504436995555807,0.5910119713826418,0.016180401654047216
CMP-0640,LOT_10,4.909704621541059,120.59681920326192,33.51654305542932,4.907773261183957,121.0741252123839,35.13068863389588,4.926768144297262,121.35958293383904,36.28320563260088,4.882899094546323,121.69765231316728,36.47157539813488,0,-0.0019313603571022853,0.47730600912198895,1.6141455784665624
CMP-0641,LOT_04,4.992926445319005,119.65056093978772,35.03361086148363,5.008327754988588,120.1804271450082,35.89143495318135,5.024353979185659,120.92826420810403,36.41342200782004,5.027139700375134,121.76138042653149,37.009226411367464,0,0.015401309669582197,0.5298662052204719,0.8578240916977222
CMP-0642,LOT_02,4.933042251263021,119.30927077759053,33.574715004685984,4.964921521231715,119.7086007718211,34.324294426421716,4.969360290132617,120.23728161418929,34.96007353696946,4.982263785139267,118.94399579530923,36.37002229522318,0,0.03187926996869361,0.3993299942305697,0.7495794217357314
CMP-0643,LOT_06,5.06545304741397,119.62458387721641,36.224343622510936,5.0644373596095225,120.27805234575563,36.93810572294365,5.056666897587571,120.72237574229442,38.438341946542536,5.08805747034414,122.02629641959481,38.339119551891,0,-0.001015687804447829,0.6534684685392165,0.7137621004327102
CMP-0644,LOT_09,4.967391998138153,120.4506573429784,35.32502424298912,4.984006915477394,121.00080546696067,35.955431974078216,5.0072115197587825,122.0203024452583,36.46353026295016,4.967302273948493,122.25046525113757,37.690487658836496,0,0.016614917339241586,0.5501481239822681,0.6304077310890932
CMP-0645,LOT_03,4.97718037850872,119.46229605731266,34.84982072459512,5.00187791788857,119.96830997813537,35.23198393418764,4.993939740671453,120.51007895463324,35.46726993384215,4.990631848150087,121.28607797360237,37.77958265648255,0,0.024697539379849864,0.5060139208227099,0.3821632095925196
CMP-0646,LOT_02,5.014682964557585,120.376243288391,35.90362907895363,4.894920459754576,123.16466611333654,41.542880641230035,4.788122957467823,134.81614405505292,55.45984888484611,4.2497133739160144,148.32456646432084,63.90464880290918,1,-0.11976250480300976,2.788422824945542,5.639251562276407
CMP-0647,LOT_02,4.994071792351428,119.60390765855044,30.724513842197954,5.000806770382523,119.83325388000833,31.835128613198265,5.013099831049323,120.54201060681636,33.33346384917236,5.020281381789084,121.97346203596993,34.021089769374186,0,0.006734978031095018,0.22934622145788808,1.1106147710003107
CMP-0648,LOT_08,4.971896406244494,119.25450659938436,35.888190726730066,4.972423907242201,119.69491142282247,36.80767058633202,4.975702095127368,120.4383360373264,37.9283312805647,5.015755249944281,120.52939883226688,39.769692640450344,0,0.0005275009977072642,0.44040482343811505,0.9194798596019567
CMP-0649,LOT_09,4.939309915695439,120.01842338526419,36.803567174866636,4.9432884948890425,120.4230847042713,37.695558197211966,4.961880916739857,120.77979711326493,38.22884971825371,4.936380589621889,121.13722414868275,40.63752759956023,0,0.003978579193603338,0.40466131900711844,0.89199102234533
CMP-0650,LOT_05,4.963007274487604,122.47228794545786,34.12217974690972,4.884005053461728,133.27950190125807,40.20619718647173,4.678825098603365,148.60568462022283,48.737479714195935,4.513329886554133,182.12572801602403,67.34914653860706,1,-0.07900222102587673,10.807213955800208,6.084017439562004
CMP-0651,LOT_05,5.01592367063872,117.62825953951013,35.99950159361185,5.025694216942448,118.18446139060748,36.92632673169162,5.031929384633623,118.42399203840307,38.12154183903373,5.075488297677277,118.90612721115244,39.3691591356685,0,0.00977054630372809,0.5562018510973559,0.9268251380797636
CMP-0652,LOT_10,5.0004048905674425,116.94680853327057,33.04760397333411,5.002595071055927,117.01900758855618,34.75161933828692,5.018110619493623,117.51001927403644,34.456501428653006,4.986117653955519,118.0178368944627,38.3280113106741,0,0.0021901804884842946,0.07219905528560844,1.7040153649528094
CMP-0653,LOT_05,4.976004879616252,120.11047851857774,36.8220257733394,4.982545363314587,120.47245753696731,38.53106105040178,4.993228730631291,121.29981906414316,38.98843660370944,5.030678847493807,121.60927117423462,40.87889115137351,0,0.006540483698334931,0.3619790183895759,1.7090352770623838
CMP-0654,LOT_06,4.974726250900175,119.99663437901006,34.336114643015954,4.994321711526623,120.45602294559633,34.587861029119004,4.979130355501783,120.43800749990021,35.696846407895976,4.991291625299154,121.60606583351561,36.697120643112136,0,0.019595460626447903,0.45938856658627003,0.25174638610305067
CMP-0655,LOT_02,5.007915176854526,114.5805405144381,34.514562138727264,5.02216620819516,115.4085970765891,36.357790947018515,5.011718950491382,115.80367948679528,36.37473354016451,5.072563909697362,116.91502518066338,38.638261256509054,0,0.01425103134063388,0.828056562151005,1.8432288082912507
CMP-0656,LOT_09,5.069031555017474,122.42265038952027,36.73706704498418,4.941865548006587,129.72419379049194,43.88775429301052,4.636619966910835,148.40096564475013,52.58082519842542,4.154757283164422,175.06043878028285,68.64728037423833,1,-0.12716600701088687,7.301543400971667,7.150687248026337
CMP-0657,LOT_01,5.024329949887431,118.95526728151741,37.82528094551606,5.038550902542882,119.56154396321152,39.70472298627194,5.041814978164213,120.03501440027884,39.878061871761126,5.055103893097811,119.81708020124384,42.30300246962648,0,0.014220952655451313,0.6062766816941121,1.879442040755876
CMP-0658,LOT_04,4.986146534648073,119.79915258436431,36.14219962278349,4.984788573779174,120.33998615785481,37.49195452601286,4.968054462618066,121.04546755956541,37.45492329438208,5.002436684102144,120.75829060580719,40.63695178944487,0,-0.0013579608688987221,0.5408335734905023,1.3497549032293747
CMP-0659,LOT_01,5.006667607079816,119.17259403995835,32.7430921570041,4.882958367037558,123.189595915059,37.18873069812941,4.507066345249671,140.6299443014,50.71469548081454,4.118842468986393,162.28590101662513,67.1125716579319,1,-0.12370924004225792,4.017001875100647,4.445638541125312
CMP-0660,LOT_04,5.073528686961231,122.46758081562713,35.69442351461558,4.864053548744308,129.4169668083703,44.59514511273409,4.583114481190844,141.7207086367318,55.960707968691864,4.226273295165158,159.82902681075566,62.838719602277166,1,-0.20947513821692265,6.94938599274316,8.900721598118508
CMP-0661,LOT_01,4.9427112582050245,124.09481312771987,34.96332227188009,4.966684538829719,124.77353983664176,35.70287149104847,4.968990422104873,125.70743430602194,37.23413015735846,4.949146219307305,126.04842996713286,37.605899647269574,0,0.023973280624694837,0.6787267089218858,0.7395492191683815
CMP-0662,LOT_04,5.01308730473586,117.30080641802721,34.30031696803085,4.823163618097362,124.3012238897152,40.193099227537864,4.656376608950105,134.9714922216025,51.59267184104894,4.292351435002688,155.9287757665408,63.542686820764686,1,-0.18992368663849835,7.000417471687996,5.892782259507015
CMP-0663,LOT_03,4.991085398900544,121.44009482099463,33.14341128755408,5.00819834574848,122.05676423422756,34.778073946572995,5.031549013293632,122.94675774009083,35.52286299631879,5.010944939374339,124.11175694126923,35.55671745415542,0,0.017112946847936072,0.6166694132329269,1.6346626590189146
CMP-0664,LOT_10,5.028256402025441,123.2499720963547,35.28432626887125,5.048249439022463,123.3508115508603,36.03455378778068,5.030140221915314,124.08493483832889,36.06093812448617,5.04269306210181,124.607824153341,38.88401326939486,0,0.019993036997021818,0.1008394545056035,0.7502275189094334
CMP-0665,LOT_07,5.026889408343655,119.56914628111505,33.357941775670625,5.042538322412501,120.19176541927007,34.80495397721575,5.057219318773684,120.34121544522627,35.95012405790035,5.062510700807934,120.9503966971084,36.56924530746078,0,0.015648914068846054,0.6226191381550166,1.447012201545128
CMP-0666,LOT_03,5.044442188942721,117.16377053283996,33.50977109779037,5.051154460096004,117.98652070248777,35.036911372336796,5.036541848047296,118.8919248291135,36.51162148082864,5.047674293575551,117.72579156718955,36.979134074459004,0,0.006712271153283211,0.8227501696478043,1.5271402745464258
CMP-0667,LOT_02,4.956458636781938,123.50395820932593,31.658101406274948,4.962778130643645,123.92051607548278,33.2342699187371,4.992252667632742,124.7067831721128,33.35899489436415,5.000030511279624,125.17503705977953,33.89728241051343,0,0.0063194938617074925,0.4165578661568503,1.57616851246215
CMP-0668,LOT_10,4.9697267252403385,122.07597858004155,34.72985104853113,4.96687490431579,122.53434419429979,35.91187158908773,4.975632137415777,122.56874834836196,37.65465004086979,5.006959263695548,123.36665546846305,37.6757958643659,0,-0.0028518209245484982,0.4583656142582413,1.1820205405566
CMP-0669,LOT_05,5.016133821826848,117.33853512627847,34.89419867473225,4.807705246834005,123.10236716162504,43.362782595159565,4.481438996955832,139.01146723727686,53.53937686427674,4.3614320798314,158.70770894165568,62.240184703681024,1,-0.20842857499284317,5.763832035346567,8.468583920427314
CMP-0670,LOT_05,5.010356895832854,120.73311760709937,36.92564299729805,5.013804584643471,120.78470386307224,37.42725762139547,5.007348609060442,121.50571652640623,36.86888932719781,5.024837455442018,122.49760159986087,39.43302759166238,0,0.0034476888106169667,0.05158625597286459,0.5016146240974209
CMP-0671,LOT_10,4.919900524339684,122.87448491569047,35.15182304863588,4.930933267961775,123.15085435006907,36.202213913110995,4.923744204436674,124.00691548474076,38.36612926804508,4.960612089035082,123.8333811573383,36.17528724871527,0,0.011032743622091168,0.2763694343785943,1.050390864475112
CMP-0672,LOT_05,5.077743091551357,117.94161631345786,34.443747677470235,5.094296351297149,118.73807427333021,35.343954216888314,5.098226348252158,119.25956058188342,35.83013530856871,5.10281996723129,119.94401433209715,37.492187431155905,0,0.016553259745792026,0.796457959872356,0.9002065394180789
CMP-0673,LOT_08,5.057557277404691,117.85742964655374,35.787735935045404,5.06032746393868,118.43652029921306,37.13199323410282,5.071075496598702,119.6587180156555,38.64598311865705,5.103872370595262,119.81866339539806,40.54268188828686,0,0.002770186533989083,0.5790906526593176,1.3442572990574178
CMP-0674,LOT_02,5.068514155899528,118.01751137600095,34.153491321399905,5.084128080340145,118.7641554091031,34.576703005558926,5.086439907174979,119.2934150308535,35.283520003211066,5.121208721564849,121.48211921709536,36.91215957237963,0,0.0156139244406166,0.7466440331021431,0.4232116841590212
CMP-0675,LOT_08,4.983737304320719,118.11950022794242,35.70132468796314,4.998257520678561,118.52686658703743,37.69380219485503,4.9972258108899625,118.99103726666797,38.81338352779994,5.036098618553958,120.16565484780904,40.03659937804962,0,0.014520216357841953,0.4073663590950076,1.9924775068918947
CMP-0676,LOT_08,4.966744591398603,121.83616392070077,36.3570937252346,4.991873458146139,122.00247672225507,36.90350216743406,5.014220572686648,121.70706737829065,37.94950525432824,5.033069546644766,122.71428909847985,38.55935016734453,0,0.02512886674753556,0.16631280155429806,0.5464084421994642
CMP-0677,LOT_02,4.975371574901912,118.63431745106895,33.89348273332325,4.982661527053028,119.07769658793772,35.83054868325378,4.986748749906273,119.68094165279528,36.34210720001563,4.990869611536199,119.22551131907142,36.57345568500491,0,0.007289952151116275,0.44337913686877073,1.9370659499305276
CMP-0678,LOT_01,5.009184841738003,122.15234731056917,32.320003209656726,5.013694073724515,122.3789691686991,33.18786466258995,5.039830616130121,122.7449044482167,33.964106176490105,5.0627986416523605,123.60791963395306,34.579791177936514,0,0.0045092319865114305,0.2266218581299313,0.8678614529332265
CMP-0679,LOT_05,5.0210241006368,121.03068030814552,32.94926044925232,5.032775594810658,121.50716565654633,34.221599147838376,5.055245800575944,122.15040053778371,34.8700024711485,5.071442195227938,122.0706342683912,35.16518155314277,0,0.01175149417385768,0.47648534840081425,1.2723386985860543
CMP-0680,LOT_09,5.020683337624879,119.8597180965257,33.767680340759846,5.034660882385633,119.96547261771683,34.4440910653101,5.0517149309736,120.15652177381213,35.448719439616525,5.043520430484272,120.94906846282683,36.92021747044358,0,0.013977544760753524,0.10575452119113038,0.6764107245502515
CMP-0681,LOT_04,4.959299485256063,119.0839222752407,35.95543304463044,4.959086949421237,119.54830895591266,36.7624909954497,4.967536522671453,119.74552419713784,36.63651881934365,4.989501801740429,121.03037466765699,37.328751029451176,0,-0.00021253583482572225,0.4643866806719643,0.8070579508192637
CMP-0682,LOT_03,5.0541591457422586,121.19182209352465,34.3749947319859,5.054724182044751,121.70801770939465,35.498887261409344,5.0661612947120895,122.15397732035939,35.75756139934796,5.0831779478709285,122.94344495660141,37.65954496177868,0,0.0005650363024924943,0.5161956158700036,1.1238925294234434
CMP-0683,LOT_03,4.96878106077133,122.56287019491332,33.898963296167246,4.874228589419151,133.02960529507442,39.45938649106442,4.673561280206694,143.09435155608043,49.64000230981503,4.364790584613672,167.7668321903916,68.37913749189586,1,-0.09455247135217881,10.466735100161102,5.560423194897176
CMP-0684,LOT_09,4.993037134390475,120.40704596555302,34.23859311638659,5.026615131624222,120.95377871423409,35.20768702093506,5.054477897288094,121.34421465378244,36.51140082624372,5.013260483712562,121.72695169111131,38.046943355636856,0,0.033577997233747325,0.546732748681066,0.9690939045484726
CMP-0685,LOT_09,4.955508918189068,121.13489286074092,34.06544915762343,4.962823139011514,121.81017386568836,34.79339806681643,4.943341752738478,121.9198485350066,35.59837585967657,4.945554676042056,122.66159365703969,35.67972085382124,0,0.007314220822445705,0.6752810049474363,0.727948909192996
CMP-0686,LOT_09,5.108257129738283,117.88360579531586,35.38513802005688,5.108653092418315,118.32174267490495,37.28687268403478,5.111652764202418,118.73593143623381,37.61560805042093,5.151576879971612,117.69010932364294,38.93263482680948,0,0.0003959626800318361,0.438136879589095,1.901734663977905
CMP-0687,LOT_06,5.043177275386558,122.40405456794095,32.881940730680725,5.074112141924266,122.61940280307024,34.526256071518645,5.086359557402301,122.9682924739361,35.12157260668073,5.0934418861110595,123.72361173400213,35.79013259042142,0,0.030934866537707606,0.2153482351292979,1.6443153408379203
CMP-0688,LOT_02,4.96146635885362,117.56990094585225,33.77403244631316,4.9599666125266655,117.98586996330215,34.99026989904736,4.971777267839335,119.07817339630034,34.6850433921874,4.989353431850949,118.98908008256433,37.64280617294494,0,-0.0014997463269548206,0.41596901744989623,1.2162374527342052
CMP-0689,LOT_05,5.008632564242838,118.51186157416304,35.92051996903168,4.99984380372161,119.1672268618929,36.90893324691363,5.002537873154144,119.59746690205888,37.629335129619434,5.04578987893122,121.78397369351715,39.88482990623393,0,-0.008788760521227346,0.6553652877298646,0.9884132778819463
CMP-0690,LOT_07,5.031489091214264,121.34665833211497,33.61225891632917,5.028881098242057,121.83400214633161,35.01611271767989,5.014703974228036,122.11773278603529,36.10243857217509,5.049715570507469,123.5421389566311,35.88701875441881,0,-0.0026079929722069295,0.4873438142166435,1.4038538013507207
CMP-0691,LOT_10,4.898541814058587,119.88217444100539,33.298311607630986,4.908154257418138,120.36742906521445,34.20042450157727,4.905518091935186,120.99722591098836,34.84175594419368,4.9502275548332335,121.2772429389503,35.428706563283995,0,0.00961244335955147,0.4852546242090625,0.9021128939462812
CMP-0692,LOT_10,4.991394528427581,117.46159085727476,32.97505721899283,4.867767393884931,121.90625073494797,41.093347286492204,4.5768089165801,137.47998911318402,48.953683282856474,4.278094096692626,160.67240122249652,64.64942703616887,1,-0.12362713454265073,4.444659877673217,8.118290067499373
CMP-0693,LOT_07,4.918233643422543,117.75962782939784,35.524290901414574,4.928201060204481,118.46942368250899,36.06429597533028,4.946821077811701,118.9352625167904,36.39277337795982,4.955907213618739,119.43641775338638,37.561000620013964,0,0.009967416781938354,0.7097958531111459,0.5400050739157081
CMP-0694,LOT_02,4.99352348070313,119.692623862965,34.3811102751338,4.990473995314194,120.20757694614397,34.97975308827309,4.9851690622995335,120.63536699291319,36.14676636035918,5.014186265468014,120.94200584196518,36.52267624197881,0,-0.003049485388936013,0.5149530831789804,0.5986428131392927
CMP-0695,LOT_01,5.039868249459974,116.25196845013932,32.87688813751553,5.044725591147341,117.18599327872549,34.715597817522664,5.0653229074842985,117.79295599221413,34.58445933351643,5.067860754404955,117.91138251944551,36.062262350624486,0,0.004857341687367622,0.9340248285861747,1.8387096800071348
CMP-0696,LOT_10,4.976444499527665,121.7385990919377,32.096067848581,4.987194613751125,122.06277964723489,32.89124993412315,5.001764010043313,122.22758728845187,33.77336600377939,5.00294784964694,122.73248621464644,34.514791945314414,0,0.010750114223459839,0.3241805552971897,0.7951820855421516
CMP-0697,LOT_03,5.00035472376628,119.44364675666785,34.08307619439956,4.929846835461429,128.2741266017911,39.50900784546513,4.640153298665021,137.71906503234356,51.399037293364195,4.420983941549681,169.81721826492122,55.29189088261915,1,-0.07050788830485111,8.83047984512325,5.425931651065568
CMP-0698,LOT_02,4.98222666662763,118.86256028175329,39.43863588596465,4.98560051512589,118.94882489097613,39.63866990048523,5.006990054466321,119.84976069848106,40.097771304798805,5.0311795085185995,120.3196198908974,41.48708579569636,0,0.003373848498259946,0.08626460922283741,0.20003401452058256
CMP-0699,LOT_09,5.043872791107682,120.79458913119005,33.984787547301956,5.052130720637419,121.69084182213443,35.11039444595005,5.075170602040658,122.3528073183092,36.0470733179489,5.074304698637721,123.13953713479692,37.685308234198594,0,0.00825792952973714,0.8962526909443795,1.125606898648094
CMP-0700,LOT_08,4.965311873722605,120.77111761109694,34.899488095297876,4.972229314609154,121.80687280609015,35.129962441443965,4.996607007495016,122.04807152281401,35.99556018611566,5.043601064990958,122.32568830867812,36.55086431758215,0,0.006917440886549109,1.0357551949932144,0.23047434614608875
CMP-0701,LOT_02,4.957639152118432,121.7681127018806,34.19820584590506,4.840339634125899,127.10973443828046,37.48795859267372,4.504925068253389,143.51828540150092,45.51059555676648,4.359894663047981,175.58774332137497,62.406117277225505,1,-0.11729951799253335,5.341621736399858,3.289752746768663
CMP-0702,LOT_01,4.92408060150662,124.07992832014392,33.49754929526064,4.932118023431654,124.53808981612272,34.85270387124393,4.94905331034172,124.79004950480342,35.48979026252228,4.947579574760818,125.912569565222,35.91804633935705,0,0.008037421925034316,0.45816149597879985,1.355154575983292
CMP-0703,LOT_08,4.99956253016217,117.68002112061352,33.052761482539076,5.000818246071394,117.98591647708066,33.84563297046166,4.996133770639938,118.69458220346893,34.25414102280247,5.0029419362023555,118.78943204502202,36.63990407341869,0,0.001255715909223909,0.30589535646714694,0.7928714879225822
CMP-0704,LOT_05,4.995015523505627,117.13391046006264,33.28593731020444,4.99223142410523,117.8952807047971,34.55121887177026,4.989307116471368,118.2259692116494,34.93857378365159,4.994514199777616,119.12543122040519,36.32118989514281,0,-0.002784099400396478,0.761370244734465,1.2652815615658213
CMP-0705,LOT_06,5.0654740170233366,121.34271394989625,34.366011394239216,5.081451925868633,121.77294741099053,36.1811494196034,5.097516116614382,122.35165551857143,37.044685750818154,5.13625725441585,122.05607224407213,39.65177968173838,0,0.015977908845296263,0.43023346109427507,1.8151380253641847
CMP-0706,LOT_02,4.929692551209217,118.49558053671389,32.523789105914624,4.946229118665073,118.78792194664459,33.60812293901697,4.973242374117561,119.08631686807475,34.27407109250478,4.940161786466753,119.59374339216899,37.66734183923567,0,0.016536567455855966,0.29234140993069957,1.0843338331023489
CMP-0707,LOT_03,4.969415598190914,119.91473320868714,35.19507612829046,4.975224901119456,120.52074504784136,35.71835238326025,4.9708490859946926,121.13180368495642,35.93403150647806,5.009805246176707,121.5136047416429,36.256025008286485,0,0.005809302928541982,0.6060118391542204,0.5232762549697938
CMP-0708,LOT_10,4.91574266877055,121.38672401931132,34.62692850612411,4.944253510935618,122.10098658818583,35.096582253008194,4.923942412977997,122.37445621114843,35.28595295159301,5.0007682726731595,123.09582925854576,37.843317296354726,0,0.028510842165068162,0.714262568874517,0.46965374688408446
CMP-0709,LOT_08,4.998368648874554,122.21307863718489,35.4674371335119,4.997795310439788,123.03758146480217,36.32102938401874,5.000962508581638,122.68872987412746,37.43822917959941,5.019815563233025,124.08754429310312,37.99876964713009,0,-0.0005733384347665904,0.8245028276172803,0.8535922505068427
CMP-0710,LOT_10,4.981520978658478,120.92632174225456,35.95867665955003,4.989210662774733,121.61610924111791,36.91918956904129,4.991647266502878,122.17563391359012,37.03949635979436,5.013865028956317,121.84501818835473,38.097008001054284,0,0.007689684116254369,0.6897874988633532,0.9605129094912641
CMP-0711,LOT_10,4.991244152366425,123.2192674046182,34.824385008377845,5.007680006160757,124.18973018408067,36.02641293243789,5.006201825491937,124.50145960325992,36.8267420365494,5.015022113255538,124.91068668417395,38.814616059845484,0,0.016435853794331656,0.9704627794624798,1.2020279240600473
CMP-0712,LOT_08,4.917655375897567,118.36366096419957,34.30399341962991,4.9336462653592195,119.09227608190069,36.65497738676685,4.9366611659149795,119.46755746759808,37.749262394585706,4.940001930980122,120.02179515115543,38.32294689974002,0,0.01599088946165228,0.7286151177011249,2.3509839671369406
CMP-0713,LOT_08,4.990881952034861,122.5424621005138,35.008235611304535,4.988334477251719,122.9908423259179,34.96269418973622,4.980170709723724,123.6814941163638,35.639023969759386,5.02678464204168,123.00739620047887,36.76872507187721,0,-0.0025474747831415456,0.44838022540409384,-0.04554142156831631
CMP-0714,LOT_03,5.04779242913066,121.34552553633324,35.963378225132445,5.073206529511501,121.77190811447593,37.6309186427828,5.067543437248305,121.94764478954623,38.807291928531974,5.063111714743325,123.05829092868541,39.71196919775986,0,0.02541410038084102,0.4263825781426931,1.6675404176503577
CMP-0715,LOT_08,5.002802447314776,121.01852998584981,34.00602567491033,5.005740384239874,121.6134158738185,34.991381770345015,5.0096306754803095,122.0885806439092,36.58866152426418,5.016880016105076,122.37740606717749,35.62542639061502,0,0.002937936925097695,0.5948858879686867,0.9853560954346818
CMP-0716,LOT_04,5.03284417556202,121.67239623136173,35.1623264024458,5.052402511292828,122.31864231173778,36.71880151729193,5.077167051124992,123.28963577056994,37.4339549340088,5.045861350445598,123.65050168358049,39.34324406875015,0,0.01955833573080845,0.646246080376045,1.5564751148461298
CMP-0717,LOT_06,5.097273622793228,121.23970796065306,35.343215887907945,5.093423791579971,121.80132726755588,36.06696420947229,5.106596441781458,122.31768122344877,37.10283100389736,5.111477177389201,123.26883736292217,35.88844075917224,0,-0.0038498312132571044,0.5616193069028128,0.7237483215643437
CMP-0718,LOT_10,5.060124488957628,123.74009701691243,36.09794200757759,5.086973319183453,124.27388421606418,37.09937329554113,5.10491455383187,124.77292593119685,37.50819456153245,5.0966685143008155,124.7178077630261,39.52207497143333,0,0.026848830225825182,0.533787199151746,1.001431287963534
CMP-0719,LOT_06,4.971665812158135,121.01011269239925,36.170672270915105,4.970360672193084,121.25257575844412,37.647927248725615,4.959733673615755,121.91682180859087,39.25638184810262,5.022745368260947,122.62151205376017,40.21497486098331,0,-0.0013051399650514384,0.242463066044877,1.4772549778105102
CMP-0720,LOT_01,4.8832802168553116,119.07132864783873,36.2727377736149,4.889907346776892,119.81928430956013,37.253060743459805,4.9018835046819556,120.23688191028636,37.791805264055775,4.898965147513938,120.95486745797852,38.63340877080151,0,0.006627129921580099,0.7479556617214058,0.9803229698449059
CMP-0721,LOT_05,5.054970822048492,117.742151288014,32.450785179820336,5.064928964492175,118.8219114107259,34.08388956886762,5.066612269864574,119.4492650510553,35.24768302258946,5.057561199677518,120.5067243452432,35.94995026741087,0,0.00995814244368276,1.0797601227119031,1.6331043890472827
CMP-0722,LOT_07,5.001189232971693,122.28908027861578,33.86722676269789,4.994119532923849,122.85367133719579,33.84539771961133,4.9996029789968155,123.70973362415344,34.9349446713657,5.034966654238354,124.1638470197972,37.77366531063805,0,-0.00706970004784413,0.5645910585800067,-0.021829043086562194
CMP-0723,LOT_02,4.978093976439368,121.91360253982974,34.90763768592426,5.005282425233808,122.30743934874934,36.61120094878275,5.024179518191968,122.79770102802324,37.68242211771271,5.0305077129843925,123.48541668887525,38.44570409030724,0,0.02718844879444049,0.3938368089196018,1.703563262858495
CMP-0724,LOT_10,4.983246444001874,116.63371004410355,36.262922498798936,4.980894804280119,117.0901806330564,37.58694501953945,5.003485755036618,117.05778505200523,38.34102098192691,5.010089698269096,118.11618868768757,40.66220498567829,0,-0.0023516397217546725,0.456470588952854,1.3240225207405132
CMP-0725,LOT_04,5.040516300838426,118.92582776076303,32.362189103621006,5.048931176932761,119.67193935594936,32.73056279471466,5.0939711162419705,119.92057487758836,33.57406822177753,5.04454852857581,120.69274453029738,34.623564537307715,0,0.008414876094335,0.7461115951863349,0.3683736910936517
CMP-0726,LOT_09,5.141291348447545,119.0093256619626,34.25830616404096,5.160981707241082,119.8721766386323,35.82152459804311,5.152964005395684,120.43634934148069,35.680838356850614,5.19901580886753,120.05458256936707,37.178963539155724,0,0.019690358793536866,0.8628509766696908,1.5632184340021524
CMP-0727,LOT_08,4.986953268830234,123.03816735346577,36.08485937328842,5.003400516370876,123.29228717306883,37.93454332206112,5.001354539206698,124.31354990296495,39.745640850523905,5.033653647018151,124.80829372190854,37.468207511615624,0,0.01644724754064164,0.25411981960306207,1.8496839487727001
CMP-0728,LOT_02,5.055108281995977,121.84902053662817,33.17041499285018,5.062171061597299,121.84174743558795,34.37691141293656,5.043921135578897,122.68089078842422,35.76827384329526,5.072683725309169,123.102385400815,36.20323243368815,0,0.007062779601321623,-0.007273101040226493,1.2064964200863741
CMP-0729,LOT_04,5.031124631161996,116.71762953955117,32.25510475650593,5.039905347995326,117.17538088362892,33.3912556217818,5.040162735641781,118.2410883833646,34.271558116471525,5.064562983565651,118.27399782233245,36.193583516940265,0,0.00878071683333026,0.4577513440777494,1.136150865275873
CMP-0730,LOT_04,5.022100894985414,121.47196820973119,32.263078044429214,5.014232418479556,121.9567564606709,33.164241103088266,5.032929566140279,122.46276153132595,34.25517357031537,5.00932051308833,122.95138417546656,34.09139571272204,0,-0.00786847650585809,0.4847882509397152,0.9011630586590513
CMP-0731,LOT_10,5.044597529018683,120.69662019708176,32.79650092865433,5.050762251086464,121.37560573537161,33.91019092295354,5.0360773477306,121.6738875819634,33.95950166021514,5.0368670810943605,122.4344373234386,36.358429597801624,0,0.006164722067781625,0.6789855382898509,1.1136899942992073
CMP-0732,LOT_02,5.030131340743988,119.97617829822836,34.58991467187505,5.029400647473365,120.38816236387827,34.92924047921196,5.0267231645664605,120.91484042500967,35.6703374354415,5.1106952082312604,120.71526456512576,36.82916150254654,0,-0.0007306932706230285,0.41198406564990364,0.33932580733691253
CMP-0733,LOT_01,4.982645340894241,121.68976005246628,34.32550019117312,4.990732144893679,122.10369645997184,34.62497431914451,4.990950609316783,122.4891154454467,35.4618872608477,5.021911090638175,122.98639820511633,36.423233307959435,0,0.008086803999438175,0.4139364075055596,0.2994741279713935
CMP-0734,LOT_05,5.026986725862818,118.60820422569992,36.12068485734466,5.05015112534136,119.07062122036132,36.609029216961716,5.059900646145065,119.6752318197669,37.25126921633836,5.058870357153774,120.35238732571003,39.00709183671707,0,0.023164399478542208,0.4624169946613961,0.48834435961705225
CMP-0735,LOT_08,5.022818909268973,118.46534561311725,35.32151161305546,5.034330481585763,118.58755612770872,36.36205245526125,5.05204846946638,119.27870185230186,37.220735330809404,5.014786760706771,120.22609665880204,38.690870589295315,0,0.011511572316790009,0.12221051459147247,1.040540842205786
CMP-0736,LOT_02,4.960611847992086,120.46244841858905,36.019676289947384,4.9657322194286095,121.12755350006486,36.1232928753973,4.960095334262203,121.00824429711224,36.47459030396245,5.015893763119491,123.15645461735757,38.31096524998165,0,0.005120371436523108,0.665105081475815,0.10361658544991315
CMP-0737,LOT_01,5.023666994541651,116.87403829672184,34.14125123602819,5.048015925286154,117.16489628285616,34.76673878639742,5.058213830125876,117.74983896070758,35.25423676329768,5.069555212951193,118.46886604972588,38.33590024540834,0,0.024348930744502617,0.290857986134327,0.625487550369229
CMP-0738,LOT_05,4.997935134232971,123.05490469195902,34.176251212552856,4.994691603905349,123.60495448709082,35.714338725096816,5.0101073109333445,124.07584978982665,35.790142038529396,5.013524218999982,125.22153195024899,36.72704505986544,0,-0.003243530327622146,0.5500497951317982,1.5380875125439601
CMP-0739,LOT_09,4.965114771468112,120.49584600903802,35.66495786188401,4.979443040516046,120.800484056315,35.84196601471717,4.993378867064007,121.1487083438702,37.56112220456057,5.037133234436345,122.79582895351302,37.0898772938894,0,0.01432826904793405,0.3046380472769812,0.17700815283316018
CMP-0740,LOT_02,5.043547625862574,121.5167084670888,34.46840308370921,5.066339274892227,122.01680346436211,35.53245614617693,5.05327177311557,122.710232955234,36.202250289390726,5.095634852134238,123.13436031426443,37.67720540750795,0,0.022791649029652916,0.5000949972733082,1.0640530624677211
CMP-0741,LOT_05,4.990055373155747,117.08960516109403,35.8534334095609,4.99196531790663,117.3247527925576,36.3423117424896,5.006215303596984,117.79579715162915,36.07597022765317,5.004292199045577,118.90936840504499,37.9812752057429,0,0.0019099447508832412,0.2351476314635761,0.4888783329286994
CMP-0742,LOT_06,5.052149571866358,121.59097851640907,36.53262663147757,4.7635218913636725,133.05802459329328,43.487227284619465,4.62787691859605,144.71579752256514,53.7305226427922,4.463297128326545,180.686620217565,59.97370614602102,1,-0.2886276805026853,11.467046076884216,6.954600653141895
CMP-0743,LOT_05,4.987964597709364,121.04543963903225,34.61550700146125,4.994564776700396,121.75286662676731,36.24539592991304,5.020824270358342,122.20239771294966,35.975501436036446,5.011600654972539,122.37387662042879,38.141615914704566,0,0.006600178991032379,0.7074269877350616,1.6298889284517841
CMP-0744,LOT_07,4.9989630072267195,117.92144874153688,33.07892384492243,5.021189922052429,118.22751721886334,34.079089657550604,5.0455076447514715,119.0018084567322,35.27651376000828,5.047247252342459,119.58951887313177,37.177560163635526,0,0.022226914825709265,0.3060684773264626,1.0001658126281754
CMP-0745,LOT_08,4.9735733396924955,121.39274014344417,34.059356099435895,4.999774401087082,121.88010417781089,35.10198048511561,5.026645564070608,122.3252492086181,35.990119002979704,5.037756870767065,122.14396886989405,36.873741955205574,0,0.026201061394586667,0.4873640343667205,1.0426243856797157
CMP-0746,LOT_08,5.003280007417129,122.93466762415495,32.636114962719624,4.996379989737668,123.5886049274795,34.06901857018601,5.003481239635191,124.20872324749321,35.24162205900171,5.000102725620633,124.23518073995484,36.22079951354492,0,-0.006900017679461357,0.6539373033245397,1.4329036074663861
CMP-0747,LOT_09,4.990102618403249,119.51152673659112,35.626938657564146,5.000015634703161,119.90235001983055,37.25122154794285,5.001926772478848,120.31472111092411,37.25547272998303,5.005743117166243,121.16038805800008,39.507703113026736,0,0.009913016299911703,0.3908232832394276,1.6242828903787014
CMP-0748,LOT_04,5.027549114297283,124.17542807259031,33.878211758829636,5.021354876862936,124.465317473376,34.52638584091384,5.016739972813682,124.99341572766946,35.95271329369235,5.072148058322334,125.7174717242993,38.23940361327705,0,-0.006194237434347549,0.2898894007856967,0.6481740820842035
CMP-0749,LOT_07,5.052658903394408,116.32281121650188,33.86749546595029,5.067860025718637,116.80233492049211,34.77201908451454,5.060148175226336,117.29909420366211,36.07385032888344,5.088259384049357,117.38722198067158,35.77398831603668,0,0.015201122324228322,0.4795237039902389,0.904523618564248
CMP-0750,LOT_07,5.019616687620718,120.68720452471942,33.7992393491065,4.759078716521615,129.52723005206374,38.45267825064362,4.494346557714276,147.9567847473893,49.89774603794267,4.20513370532597,153.21768085189893,64.000816240045,1,-0.2605379710991027,8.840025527344324,4.653438901537122
CMP-0751,LOT_02,4.91244420692572,117.7553192584949,31.23360670242929,4.848937901654551,128.8100913168064,37.82283449175166,4.596263496880561,148.50131920474865,47.579331461036645,4.14529268925336,164.58976484914126,56.182262264702615,1,-0.06350630527116863,11.0547720583115,6.589227789322365
CMP-0752,LOT_02,5.0690152863865405,119.85983239794469,32.36489921995576,5.069772629565825,120.10432479447306,33.299027457099776,5.082882714110017,120.4533596751895,34.487550755343214,5.091348674375274,121.63548098710912,35.0132721946352,0,0.00075734317928422,0.24449239652837207,0.9341282371440158
CMP-0753,LOT_06,4.954833500412207,117.94739889980849,34.683588910168545,4.947638139503549,118.50631146857405,34.73093702538614,4.960063203364407,118.60093594534514,35.340290321696095,4.979728947486196,120.65833031051223,35.86853660876122,0,-0.007195360908657911,0.5589125687655638,0.047348115217594966
CMP-0754,LOT_07,4.963812066261223,118.26025935487841,33.927540005045685,4.982052731017593,118.66264818203234,36.05219635418111,4.998292419856013,118.85964498368011,36.668843763108576,4.986015791216793,120.0626825085057,36.74117262892891,0,0.01824066475636954,0.40238882715392776,2.124656349135428
CMP-0755,LOT_08,5.034147339656916,122.46612054964554,37.070813286159265,5.049445354856391,122.94954264237393,38.46812619231626,5.042277845594915,122.89614547576906,39.48644498115951,5.049331786513414,123.91688927629119,40.56382780501451,0,0.015298015199475046,0.48342209272838943,1.3973129061569978
CMP-0756,LOT_03,5.046889576926253,121.66415037658346,35.29250010075153,4.874788812902782,129.8796745539361,40.39818447573915,4.58417581771309,145.09759011551577,47.68680698878098,4.478159162345599,170.37585864078,69.40145916978928,1,-0.17210076402347063,8.215524177352634,5.105684374987618
CMP-0757,LOT_06,5.010744562337673,122.06838019153354,36.9075277949521,5.023575551531166,122.54545771973348,38.35481329000948,5.0200136719327695,122.83006963554888,39.12816311856703,5.0087484101624025,123.95925535651519,39.58448218003682,0,0.01283098919349257,0.477077528199942,1.447285495057379
CMP-0758,LOT_06,4.989336020216012,120.0785736431411,34.48452008536544,4.998662309743708,120.56664811666302,35.26100460655188,4.9970643928791265,121.3910902939697,35.008801755418524,5.014548006563519,121.33219838072091,37.59603779593307,0,0.009326289527696652,0.48807447352191957,0.7764845211864397
CMP-0759,LOT_07,4.994882013300512,122.14014722074091,35.498277450193136,4.993047131191823,122.54265187699679,36.94130312652348,4.985035508202977,123.01905859648508,37.73674290026034,5.005331469993408,124.89052776839624,38.61111795896544,0,-0.0018348821086888734,0.4025046562558714,1.4430256763303433
CMP-0760,LOT_02,4.899203281776315,118.46739775956144,35.79162198799911,4.917911157744834,118.84980495221221,36.76427108038984,4.914481961196471,119.00648380859724,38.08266879663994,4.926831138827161,118.64299878795818,40.176556005584736,0,0.018707875968519083,0.38240719265077416,0.972649092390732
CMP-0761,LOT_03,5.0820453252747155,119.71651581162472,34.75499509669721,5.079763594829211,119.88954907169921,35.671801964399144,5.095205741440334,120.48120669416244,36.231171424164536,5.10016875081615,119.97094407403523,38.03993558095553,0,-0.002281730445504948,0.17303326007449016,0.9168068677019363
CMP-0762,LOT_01,5.0986830447091425,120.0149592928581,33.58599597178088,4.9461468880047015,127.35935969282642,40.23805777493648,4.7695874957102,138.18921755480062,51.39741398189791,4.262473752579262,172.40799091762267,61.203105831992346,1,-0.15253615670444098,7.344400399968322,6.652061803155597
CMP-0763,LOT_09,5.013339592289733,118.37101702427718,35.292962127568344,5.035410321165738,118.97699513419717,36.66708479898267,5.038472127540361,119.41628900627353,37.407721143532484,5.054383561115002,120.56097429220334,36.789345816312135,0,0.02207072887600514,0.6059781099199881,1.3741226714143266
CMP-0764,LOT_01,4.996025181215257,117.2569977171117,36.007650824881196,4.998780179295808,117.68559118724107,37.93204177875822,5.023929784038894,118.35793726898461,38.922430246080424,5.015486578846901,119.68527981992612,40.57377588391041,0,0.002754998080551019,0.4285934701293712,1.9243909538770225
CMP-0765,LOT_10,5.028341900099464,119.88826174024311,32.85659274958075,5.042627761756579,120.3344563081808,34.121925212344486,5.059253864975292,120.65197710171765,35.238347594556586,5.052669660103881,121.11801537159032,35.696108087047385,0,0.01428586165711554,0.4461945679376953,1.2653324627637375
CMP-0766,LOT_02,4.985971380597282,122.74488636112851,37.67522730528029,4.799035423754559,124.90289573173465,45.24199162018719,4.430204842793447,138.10670878910838,59.90130309670415,4.172791433432568,148.18660955801846,67.88107274798745,1,-0.18693595684272246,2.1580093706061376,7.566764314906905
CMP-0767,LOT_02,4.984538463802476,119.21928559358149,35.8424131261244,4.875559745269111,129.21287096498324,41.450105359060785,4.620006207121485,148.69516129738335,55.778083088251755,4.338841218315219,154.02110326832292,68.04407881732016,1,-0.10897871853336483,9.99358537140175,5.607692232936387
CMP-0768,LOT_07,5.062948874778605,117.28790558253075,34.10398247910503,5.069370249807972,117.94684898899209,34.839927211410775,5.07292426478376,118.02325121584703,35.881630869397405,5.086142268316041,118.6198264715023,36.6323166318251,0,0.006421375029367127,0.6589434064613329,0.7359447323057466
CMP-0769,LOT_06,4.95791701844482,122.50450489493124,35.11366224202828,4.974614559411939,123.08485527693239,36.09599496588131,4.97939007262471,123.83432268367753,37.47716324978689,5.016298326352261,123.49211946010854,39.13992378015677,0,0.01669754096711884,0.5803503820011429,0.9823327238530268
CMP-0770,LOT_01,4.962248523122758,119.66134460646305,36.2466926528731,4.977653164963039,120.11026732409219,37.665525586312086,4.98975107367443,120.43837588443039,38.11150794483284,5.005857861851471,121.06900845618439,38.56512146358118,0,0.015404641840280675,0.44892271762914504,1.4188329334389849
CMP-0771,LOT_02,5.07960598239944,117.19402002969058,34.728937105414985,5.082606205555048,117.49893552561511,35.485541747035796,5.119164719690603,118.04194657663896,35.88968772763708,5.0660336373482995,117.63825425244127,37.056371231740805,0,0.003000223155607884,0.3049154959245328,0.756604641620811
CMP-0772,LOT_05,4.988797464688275,115.45563239912829,34.8624776074302,4.89018395344563,126.70131489385668,38.02080838555449,4.509958539131714,146.09040078863325,50.93164617526865,4.487968661909937,152.53481064778148,66.21738104876529,1,-0.09861351124264495,11.245682494728385,3.158330778124288
CMP-0773,LOT_02,4.999197618795833,120.80060681299737,33.87380259006193,4.995492598145289,121.17853448669652,35.96729050953434,5.014987912369594,121.76089493782983,36.27910381444174,5.033717614164966,121.49968784953963,36.71364534978843,0,-0.0037050206505435668,0.3779276736991477,2.093487919472409
CMP-0774,LOT_02,5.097724545598072,123.79578846478522,34.32314460762419,4.914014594688172,128.51506438366565,40.44019069590431,4.623180952398036,137.3810283421703,55.1611163040997,4.167623149908812,164.94853765156228,60.08102444266741,1,-0.1837099509098996,4.719275918880427,6.1170460882801265
CMP-0775,LOT_08,5.022972925798347,120.75700265057073,35.103205438542595,5.04091832297994,120.94292283629859,35.57074732943212,5.046867427876645,121.0099438199966,36.16731507215477,5.053425717078389,122.59776472963193,37.68477429126529,0,0.017945397181593492,0.18592018572786628,0.46754189088952813
CMP-0776,LOT_07,5.015083735940486,118.92866545753587,35.20057521161977,5.032377999279808,119.6673457228244,36.13442018015255,5.017665339622013,119.65200504559782,36.77121387509411,5.005619969256848,121.56489795569281,38.61196676527234,0,0.017294263339321603,0.7386802652885223,0.9338449685327816
CMP-0777,LOT_09,5.051405954798805,117.77272568869799,33.47265985459842,5.0537464953985385,118.29554317161285,34.78305857417212,5.081636578899773,119.10903456129687,35.58344542878949,5.0941569348736655,118.96004336462467,35.32636576260254,0,0.0023405405997332096,0.52281748291486,1.3103987195736977
CMP-0778,LOT_01,4.9596869742861855,118.73602585640165,33.56093790613717,4.965075878510389,119.36002929922037,35.41856645746846,4.949195681396503,119.47370891115015,35.822843328104376,5.000390716059121,120.25755557773385,36.83927907898556,0,0.005388904224203017,0.6240034428187187,1.8576285513312882
CMP-0779,LOT_05,4.999062002028818,118.3675615467589,35.40541935085309,5.006729319944292,118.81935889800181,36.14921924155217,5.030604068654124,119.39432296589985,37.467069682496984,5.053455842853855,120.04884928243513,37.74403754964405,0,0.007667317915474037,0.4517973512429023,0.7437998906990799
CMP-0780,LOT_05,5.023283235113918,125.20673555361527,35.46515433274203,5.040260115504059,125.76482033187447,36.415605036807975,5.0463782422602455,126.35309348527204,37.4761929127149,5.0833478734969475,126.91924561102635,38.045293696467795,0,0.01697688039014089,0.5580847782592002,0.9504507040659433
CMP-0781,LOT_09,5.0830606921786154,118.9176527729583,36.45116069020686,5.095826200753041,119.47839913912618,37.392436752570696,5.094009217423641,119.6878385189786,39.05666944697317,5.118105422329785,121.04103301222001,40.500362302686895,0,0.012765508574425155,0.5607463661678764,0.9412760623638334
CMP-0782,LOT_02,5.0211752882963925,120.0900215509827,33.26417929547467,5.0293204885373495,120.70752286903054,34.01466466796924,5.034447840606772,121.15551281241484,35.870429333624294,5.01263950979526,121.95834451854417,35.81199340616751,0,0.008145200240956996,0.617501318047843,0.7504853724945733
CMP-0783,LOT_01,5.0333688121916715,121.44904718804112,35.27902568365213,5.054296225356238,122.20281378706123,36.687213654627435,5.056103338589029,122.8511462518251,37.73681398419672,5.057983596683306,122.4180943400341,37.06899315752779,0,0.020927413164566033,0.7537665990201106,1.4081879709753053
CMP-0784,LOT_04,5.014901985743346,117.63643684469517,36.569048498827044,5.02642416723631,118.40632736767824,37.75431643381884,5.020429163658123,119.04381173166529,38.889371781254894,5.035471695518569,118.6852808690233,39.83455328526413,0,0.011522181492964023,0.7698905229830757,1.1852679349917992
CMP-0785,LOT_02,4.979641165978671,123.44920221298659,31.813761998721745,4.990989122020122,124.23508074100685,32.3686098407781,4.998601107985716,124.61417002669764,32.82672601970196,5.015881574842408,124.5873699405073,34.27983481571392,0,0.011347956041451113,0.7858785280202625,0.5548478420563541
CMP-0786,LOT_05,4.989245314430668,117.99959160002845,36.545278097902255,5.006547884046836,118.2913541657677,36.89822431539098,5.0022690178069285,118.95493611541386,37.836010764872256,5.04234953829575,119.12827905674239,38.158436925390895,0,0.017302569616168384,0.29176256573924775,0.35294621748872856
CMP-0787,LOT_06,5.009327402792699,116.90015032176925,34.1452843635158,5.029421366002114,117.25689540843527,35.55253627424155,5.004456070559291,117.58907791054231,36.26685895130248,5.084272172068962,117.67236396842804,38.089330910599216,0,0.020093963209415477,0.3567450866660238,1.4072519107257477
CMP-0788,LOT_03,4.9639255176377866,119.25295210245461,35.212443160717854,4.959110667965861,119.66193146008234,36.85049918119106,4.976950490128828,120.11490607323736,37.7070353621093,4.990728775276456,121.0481365340374,38.40536786328778,0,-0.004814849671925359,0.40897935762772875,1.6380560204732078
CMP-0789,LOT_01,5.033862881517661,118.31408026830822,33.46966413984411,5.040596843551695,118.8262332878371,33.585418207064585,5.058017240554874,119.71247196699164,34.67365527698002,5.0470757874956105,119.42903158913686,35.82530008240385,0,0.006733962034034313,0.5121530195288813,0.11575406722047177
CMP-0790,LOT_01,5.022152058712796,121.20344274521128,36.63783579334199,5.0208308244235,121.74776653478114,37.45609829136133,5.02935129876447,122.50708919058175,38.74266122788695,5.0687996974311735,122.96056165996526,39.368084858756696,0,-0.0013212342892954254,0.5443237895698587,0.8182624980193367
CMP-0791,LOT_09,5.06698675224493,119.35620317242866,35.75884559000436,5.083776717502355,119.60714007061864,36.297172393774545,5.116982016108187,120.1942707253237,36.80687956162529,5.101249777279804,121.15025852303506,39.04462397756199,0,0.016789965257424377,0.2509368981899769,0.5383268037701825
CMP-0792,LOT_04,5.081714192183594,121.93229606199736,34.77128712598762,5.079796967752727,122.64309779000955,36.00950087613493,5.06792999208156,123.07347436740204,38.37258734753117,5.100127002901015,123.27211249284171,37.202703575889615,0,-0.0019172244308673925,0.7108017280121857,1.2382137501473096
CMP-0793,LOT_01,5.070371955695862,120.49637056818432,36.88102885299918,5.071888751800382,121.02888876436732,38.02455561048555,5.102625455778511,121.62454167640946,38.511799739617445,5.093170228578789,121.1906821631372,38.167780623869334,0,0.0015167961045206013,0.5325181961830054,1.1435267574863701
CMP-0794,LOT_03,4.981262805684683,119.47716540203946,36.24642001904992,4.9011133249369125,128.5461413116946,45.13852926437664,4.604007766138323,144.37280587110575,59.52387548897515,4.118960389339929,161.34749056894128,69.39471690660292,1,-0.08014948074777006,9.068975909655151,8.892109245326722
CMP-0795,LOT_08,4.960511883829332,119.09648815385435,37.75906334934084,4.865713078118416,125.72483279224087,43.05471358288228,4.598368413402611,144.75647397926633,57.11851693939872,4.3857301145395695,153.46048699038695,69.88662092294393,1,-0.0947988057109157,6.6283446383865225,5.295650233541437
CMP-0796,LOT_09,4.996332260271161,119.25465767442724,37.97939702073429,5.006398121832157,119.89857004074682,38.70962719904616,5.026746766606694,119.9618813430256,39.278593426186845,5.002232637043636,120.59608337981209,41.71000323123101,0,0.01006586156099587,0.6439123663195829,0.7302301783118708
CMP-0797,LOT_07,5.075863259102852,119.94484537279337,36.49065065758442,5.091174118684239,120.46813275891007,37.86580845224288,5.128773190034117,120.7769520851575,38.18620800215484,5.090815827771132,121.96534674377835,40.769302550745564,0,0.015310859581386893,0.5232873861167064,1.3751577946584632
CMP-0798,LOT_09,4.893199322528033,118.65048652015383,35.821781266710495,4.902532091138204,119.1865560695049,36.560109057572696,4.927743428008851,119.78951361003129,37.653340793754595,4.925713404798738,120.44874015131032,38.926966408117465,0,0.009332768610171627,0.536069549351069,0.7383277908622006
CMP-0799,LOT_05,5.039575408597326,122.31028293238968,35.62416072242557,5.039922903410011,122.64801946647488,36.406586681799105,5.052764862032059,123.1113486360826,36.64472064898365,5.037328502723709,122.59875857902153,35.9110067427047,0,0.00034749481268470106,0.3377365340851952,0.7824259593735334
CMP-0800,LOT_07,5.116011518757142,123.59355904758286,33.532652881815544,5.127510551731048,123.80064314557282,33.87659811638648,5.119548462766593,124.23299354024027,34.5853683112805,5.152564591147185,125.13225134042496,35.60709337767035,0,0.011499032973905976,0.20708409798996286,0.3439452345709384
CMP-0801,LOT_08,4.932775148787141,117.00205530790338,35.97387170169234,4.939396070306259,117.12783125533849,36.94232722535053,4.930663750329468,118.12594490103038,37.45291636455712,4.973026190022641,118.67231276903098,38.1783844633049,0,0.006620921519117751,0.1257759474351161,0.9684555236581929
CMP-0802,LOT_09,5.0276733950694075,120.23109234482021,35.541651138964724,5.024377101133816,120.84189958876311,36.298569041878366,5.039618869483078,121.61789624242856,37.4329732956375,5.051351495643606,122.16296373685537,38.8492978849894,0,-0.003296293935591166,0.6108072439429009,0.7569179029136421
CMP-0803,LOT_02,5.008197849672119,121.86413361795222,34.26441858535473,5.0048451749453395,122.46277965286878,35.16140674304676,4.996732263769324,123.11294223168272,36.67697325056139,4.992250324019558,123.97394215047701,35.131752730450216,0,-0.003352674726779803,0.5986460349165554,0.8969881576920287
CMP-0804,LOT_10,5.092025795612129,119.34335190297426,35.13490759373149,5.109654457619865,119.50005720016213,36.170954994151366,5.120617653699284,120.55875349213676,36.35308457865246,5.1220236712908624,120.03587930475032,37.343425551198266,0,0.01762866200773594,0.15670529718786952,1.036047400419875
CMP-0805,LOT_02,4.972221640178674,118.96430819771493,34.15515938458191,4.977483608404597,119.21141912885707,35.025794613299304,4.982095508029815,119.48408011693607,35.903317741451794,5.002281398006961,119.93309552171122,36.9104872926863,0,0.005261968225923397,0.24711093114214577,0.8706352287173971
CMP-0806,LOT_03,5.1060216629301065,117.89181961974053,33.62832865011716,5.105427630160187,118.60323040773498,34.42906400032931,5.119022743814131,119.70232060771924,35.223831603174084,5.139552604595333,119.86344078238518,35.958490118972556,0,-0.0005940327699196501,0.7114107879944527,0.8007353502121504
CMP-0807,LOT_07,5.066993989322209,118.82509806958176,34.28304841919586,5.066109111085941,119.14024618741843,35.06966625803159,5.039638882717282,119.57024648506575,35.61567913941083,5.1019093330581775,120.35173655659683,36.50355631315215,0,-0.0008848782362678165,0.31514811783667085,0.7866178388357312
CMP-0808,LOT_08,4.988269098073955,122.9719131089517,33.76654297931534,4.9910714914244485,123.24619627862826,34.02552323959725,5.005676545778831,123.80706727795022,35.46690416601493,5.031899671578987,125.44475463589417,35.96642502556437,0,0.0028023933504934817,0.27428316967656485,0.2589802602819091
CMP-0809,LOT_08,5.034828908373816,120.23706848289268,35.976899457516026,5.033437666181432,120.80738932069802,37.079499266492995,5.0455231917798375,121.10240954824087,38.4741615907697,5.094443817760992,121.25221730754922,39.65585445016736,0,-0.00139124219238429,0.5703208378053404,1.1025998089769686
CMP-0810,LOT_06,5.033430497474123,116.25969076691649,34.21254897815111,5.03030025085658,116.7165684679266,35.631945827335024,5.012440551900675,117.10872456107191,36.175261442926995,5.0819212245340175,117.93244897185176,36.690172136716285,0,-0.003130246617542909,0.4568777010101144,1.4193968491839115
CMP-0811,LOT_01,5.035718265838701,118.16353307518915,34.599394192425365,5.04336717435462,118.55593668975798,34.74428811426452,5.04320284862377,119.4726964815176,35.353715870733936,5.061302101745401,119.62619951318477,38.51880123003422,0,0.007648908515918151,0.39240361456883477,0.14489392183915584
CMP-0812,LOT_02,5.054697267679176,118.80363965589761,34.610901109246264,5.064822794910278,119.14881306752774,35.509042218944785,5.088143558947477,119.40870369920017,36.30908673442661,5.098997465943397,119.73658004312136,38.38537325303675,0,0.010125527231102716,0.34517341163012816,0.8981411096985212
CMP-0813,LOT_09,4.899592609709989,119.25277511597305,35.55738862421796,4.927046059898014,119.86635294679537,37.12049674010713,4.918909491293685,120.32830619809948,38.53086996127156,4.929291388890016,121.34896426128192,39.7071510317874,0,0.02745345018802503,0.6135778308223223,1.5631081158891718
CMP-0814,LOT_01,4.983564868743201,118.02740969085512,37.66306894115497,4.999883493920442,118.59553291579022,38.456644067053844,5.010451568364291,119.14494809678122,39.45658190942063,5.0345702996898805,119.20429715286267,39.28336649466424,0,0.016318625177240698,0.5681232249350927,0.7935751258988759
CMP-0815,LOT_04,4.9838169502503185,118.98162033977647,35.737622288302504,5.013642920605181,119.09270221499575,37.87471480346171,5.020146793218396,119.69704481964753,37.96729872464985,5.053580352009708,120.11343848317162,39.82554087451108,0,0.029825970354862896,0.11108187521928414,2.1370925151592033
CMP-0816,LOT_07,5.003689840692371,121.69165664763315,34.64558204677522,5.0254318341488124,122.41823568201143,35.325034355404796,5.059358542030774,122.93182417130895,36.14990698079871,5.047411458600867,123.45289355748199,35.22092767007799,0,0.021741993456441122,0.7265790343782754,0.6794523086295783
CMP-0817,LOT_04,5.081316785110784,123.1721659834424,36.27790749868338,4.9193934132438395,129.156136110235,41.29153599676998,4.59526938656452,137.89719667708303,56.236763906327404,4.592183398888955,173.9285698534096,67.395569998978,1,-0.16192337186694417,5.983970126792599,5.013628498086597
CMP-0818,LOT_07,5.060075983861739,120.10586814810708,31.885556564762506,5.0703547942767395,120.73018270259097,32.81792153647938,5.077642252495646,120.94094729088548,33.11705216484337,5.127117764572061,122.66735588753103,34.8158038314825,0,0.01027881041500045,0.6243145544838882,0.9323649717168756
CMP-0819,LOT_10,5.0321287424969725,123.5192983432284,32.70615383008296,5.0467675754939965,124.12710279175741,33.96995708752759,5.081409840511723,125.23790825540875,34.65321524859126,5.080231048937123,125.16921964462044,35.464264853175834,0,0.014638832997023954,0.6078044485290093,1.2638032574446285
CMP-0820,LOT_06,5.033574976425013,120.43385737083398,33.67822818577083,5.038939370026456,120.84267588679904,34.25700620830548,5.053642463750541,121.46810951568696,35.54676500874908,5.041786923063243,121.55393654368464,37.50066176985047,0,0.00536439360144314,0.40881851596506635,0.5787780225346495
CMP-0821,LOT_08,4.9912448139302175,122.26606163744329,36.75771302107255,5.012376894936106,122.7713751597148,37.321495032328045,5.051255091102495,123.52826785280145,37.89316554163185,5.060853271874994,123.50357070208524,40.45005775487897,0,0.021132081005888814,0.505313522271507,0.5637820112554977
CMP-0822,LOT_02,4.953925861415947,121.16351660604192,36.17328605594199,4.990074953411811,121.51505638251516,37.889557694438906,5.000335143682314,121.64264712744098,38.629564109521766,5.0101242486338045,121.9856112859575,40.13929658952013,0,0.03614909199586336,0.3515397764732313,1.716271638496913
CMP-0823,LOT_09,4.972907795531007,119.70305586318607,34.99318496480982,4.985081011805817,120.42502201563407,36.12915484150287,4.974040562376371,120.75632569403746,37.01216536695119,5.027563501504899,122.07394523640235,39.548903114772834,0,0.012173216274810272,0.7219661524480046,1.1359698766930464
CMP-0824,LOT_09,5.038165458775125,117.09107693119407,35.64482235974222,4.834402253702081,124.96599853968456,46.18957994305043,4.689585267650419,137.0547238984598,58.41783921263648,4.512286547061863,169.86535759455126,75.61695705051183,1,-0.20376320507304335,7.874921608490496,10.544757583308211
CMP-0825,LOT_10,4.980408835487623,119.3784210340556,37.31372280026623,4.9934746108642685,119.26186000546585,39.52419205809564,5.006220546218853,119.8648707071863,40.86753946481304,5.0227826674105005,120.63531431432425,41.185213284203705,0,0.01306577537664566,-0.11656102858975714,2.2104692578294163
CMP-0826,LOT_07,5.01401163907366,122.86322930454918,34.02829616242532,5.016731399125462,123.60743315662516,34.799673559854774,5.020573000417945,123.9954898747413,35.56718306935954,5.005258637207421,124.33776310035435,36.98396797516655,0,0.002719760051801856,0.7442038520759837,0.771377397429454
CMP-0827,LOT_05,5.09196961110974,123.02496689332881,36.371978576110905,5.100482265202068,123.40035307933744,37.3809177923651,5.119265946748661,124.14693441881114,38.492460659123026,5.1180587557745465,124.79378419925857,40.389615796431904,0,0.008512654092327487,0.37538618600862605,1.0089392162541984
CMP-0828,LOT_10,4.99839934724183,118.33230261498798,33.71364885591784,5.001587171005908,118.88371765472297,34.97355073269566,4.990369186236747,119.2325191222139,35.895193465348356,5.003593572803956,120.10066973125278,36.7276080999624,0,0.0031878237640778906,0.5514150397349908,1.2599018767778176
CMP-0829,LOT_04,5.019614016478955,118.30294217146015,34.63608143027893,5.034290800252026,118.6505241347968,34.80720301006698,5.02124219256668,119.0251088755797,34.947993871914406,5.047336362348501,120.48299556038313,35.70432429991603,0,0.014676783773071023,0.34758196333665126,0.17112157978804987
CMP-0830,LOT_04,5.1066152277135695,120.81626016595142,34.4484150687866,5.115046401368377,121.40213266763007,36.296301034100324,5.117083597256219,121.67484958276358,36.406896667710214,5.137108322018573,121.69928898272111,37.925274934242886,0,0.008431173654807722,0.5858725016786508,1.847885965313722
CMP-0831,LOT_02,4.974580180631659,120.79386065601123,32.59386199746716,4.9858952501761875,121.05322859483908,33.381037747502226,5.029063288790031,121.83288090801135,34.11683145608657,5.069874088371852,121.59564124965243,36.313210853162516,0,0.0113150695445281,0.25936793882785025,0.7871757500350682
CMP-0832,LOT_01,4.987803862117603,117.30442049963888,35.385913872636316,4.99836356465339,117.74288753980217,36.93194238519947,4.999857080058348,118.34094306414437,38.14221985533514,4.988699140475466,118.36868036896497,38.975031159052136,0,0.01055970253578753,0.43846704016328886,1.5460285125631543
CMP-0833,LOT_09,4.989206010063604,119.36705791470023,33.69110595467951,5.002505850985375,119.8076343999606,34.55408982326665,5.011097523397047,120.47312281858771,35.07222454667702,5.0070626892071965,121.02349649302765,34.13350990176058,0,0.01329984092177039,0.4405764852603795,0.8629838685871434
CMP-0834,LOT_09,4.942434525029632,122.40651644603358,34.33860085618566,4.7643987192662705,130.30927147552703,39.44554221348829,4.537198981118577,146.1422074501047,48.053239010611534,4.027551019031542,172.33964372296884,60.92995860337178,1,-0.1780358057633613,7.9027550294934485,5.106941357302631
CMP-0835,LOT_08,5.003031844879514,120.61320101957165,32.857765034324075,5.020631259033323,121.2660105475366,34.345109603463385,5.035129595304432,121.9571351776233,36.23762252575255,5.034600827015777,121.74316479709182,35.117861696886216,0,0.017599414153808723,0.6528095279649477,1.4873445691393101
CMP-0836,LOT_04,5.088439362934933,118.15080051613154,33.909018780982166,5.095199452559621,118.89565189056074,34.26536768174201,5.075700159686288,120.0459062335294,35.22155432520205,5.1242877186779925,119.79309888796075,36.63799562071643,0,0.006760089624687993,0.7448513744292029,0.3563489007598477
CMP-0837,LOT_05,5.00525789422613,115.45821821419952,34.54622357927865,5.011616250522786,115.89768016780944,35.270682675368164,5.006677871634668,115.85107061272817,36.14305619895187,5.025613770786861,116.2100393945251,37.32070940563518,0,0.0063583562966558205,0.43946195360992135,0.724459096089511
CMP-0838,LOT_07,5.026296912330125,119.07795209667577,31.764657669788825,5.043124587453204,119.33134188865395,32.796292797209446,5.041000560801714,119.71472393338955,34.1724390430844,5.073756951469272,120.89636186179868,35.0606011929067,0,0.016827675123079366,0.25338979197817935,1.0316351274206212
CMP-0839,LOT_07,4.984123750306672,119.55018213630278,36.83549723052796,4.989061457027603,120.103154038114,37.94837590207034,5.016426584431814,120.56303081342216,39.162269376416916,4.974964154344852,120.29614432164203,38.121700426370715,0,0.004937706720930635,0.5529719018112189,1.1128786715423757
CMP-0840,LOT_01,4.979100726144014,121.34733387557748,36.345241360848924,4.982327107786952,121.73462434407054,37.28471753951777,5.013982597331167,122.74277278235715,38.48162178443845,5.008947502283022,123.4023156929206,39.08004357379812,0,0.003226381642938314,0.38729046849306314,0.9394761786688477
CMP-0841,LOT_03,4.951064281529021,119.64998127125678,33.32388793432409,4.971314359718017,120.25871874946338,35.038669133098004,4.956875117674304,121.32922783354,35.05243142620128,4.967348198216353,120.94830797603184,38.084845686673894,0,0.0202500781889956,0.6087374782066064,1.7147811987739132
CMP-0842,LOT_07,4.987808537473922,118.41474513070968,32.93609727400895,5.009134810710852,119.0744729829194,34.61232246255513,5.025087082615569,118.78184224535275,34.7900309962144,5.038432236827786,119.8896144703014,36.165248889012624,0,0.02132627323693015,0.659727852209727,1.6762251885461765
CMP-0843,LOT_07,5.022809631870715,121.00238244581624,34.049596626822414,5.034572509459713,121.23482946057695,34.98468263639932,5.006653565780817,121.26439461883658,35.62352671427332,5.102074872385212,121.33445792386452,35.98981816236743,0,0.011762877588997966,0.23244701476070873,0.9350860095769065
CMP-0844,LOT_04,5.08847114530073,120.40434499397615,36.053212778456235,5.0950951077939655,120.80222067618828,37.09430495449011,5.095220766934574,121.5195014778036,37.09116900501732,5.132894848445302,121.82187718233966,38.92252825960942,0,0.006623962493235602,0.3978756822121312,1.041092176033878
CMP-0845,LOT_10,5.059932573656659,119.58280200393327,35.41759769880923,5.061137253523506,120.07699107668817,35.73152167474924,5.072635487337824,120.68818334586923,36.691829038341744,5.063065556913703,120.90596558463793,38.16127699153454,0,0.0012046798668468028,0.49418907275490653,0.313923975940007
CMP-0846,LOT_10,4.985634730882994,123.80693521725111,33.573516321700815,5.006438915563884,124.07599908455012,34.900906864586524,5.027061203935744,124.422889538033,35.09216843815547,4.987030251487816,124.76844233008745,37.32188178294838,0,0.02080418468089018,0.26906386729901044,1.3273905428857091
CMP-0847,LOT_06,4.9261785101044575,119.53222361579208,33.279434143701906,4.935398705085513,119.93200772187058,33.684251075583106,4.935515602917179,120.15176066319798,33.8272887254644,4.977053621591301,120.75192028964511,33.92247071632417,0,0.009220194981055307,0.39978410607849924,0.40481693188120005
CMP-0848,LOT_07,5.045735585690913,118.47728273348525,37.24661581720044,5.047168965141298,119.07796434464855,38.76493510949595,5.0639218747259696,119.16561615225623,39.09370082103517,5.09057038494903,119.67565861648256,41.545476320617716,0,0.0014333794503844643,0.6006816111632958,1.5183192922955087
CMP-0849,LOT_06,4.930694636148952,118.783464850575,33.68704042934041,4.942950632654534,119.30210436651818,34.91836537746323,4.945592795108143,119.52303534512981,35.809729920235384,4.942358854594393,120.84131562972948,36.82674746819194,0,0.012255996505581734,0.5186395159431783,1.2313249481228183
CMP-0850,LOT_07,5.023108781137511,119.84727100113656,32.5129224247472,5.022494482143617,120.55881274190949,33.554864598669496,5.007270965108165,121.16444636192404,34.075235188734624,5.025004483093441,120.98637637909256,36.35480817572444,0,-0.0006142989938942023,0.7115417407729296,1.041942173922294
CMP-0851,LOT_04,5.006006338295562,123.156726137807,35.83078729452548,5.007546092140235,123.96259682862836,36.15322559467299,5.0215261346205615,124.60893222235403,36.512667803072766,5.041497953177999,124.70565176415788,38.70933953668736,0,0.0015397538446721981,0.8058706908213651,0.3224383001475104
CMP-0852,LOT_09,5.016748804511444,119.17578665461279,36.724555674451736,5.026308997213734,119.92563256135682,37.978362056968265,5.034396370328012,120.66193335424111,39.175391289231825,5.055747197303559,119.77948187404422,39.192313664356746,0,0.009560192702290138,0.749845906744028,1.2538063825165295
CMP-0853,LOT_10,5.04412305750329,121.41290531355934,33.911371457626956,5.034170741232122,121.79912279396974,35.950378979443464,5.031221581848982,122.06084559058996,36.25158777428855,5.078466430763113,122.67766493815719,37.449653996284155,0,-0.00995231627116766,0.3862174804104086,2.039007521816508
CMP-0854,LOT_01,5.028974704396777,118.16141951657949,33.16462413340733,5.050556404045577,118.66477714932783,33.39009212347927,5.033809668742173,118.82996553476791,33.570349829427755,5.029634864627548,119.11502365600359,34.65482767416419,0,0.021581699648799635,0.5033576327483473,0.22546799007194096
CMP-0855,LOT_04,4.986657836395087,119.66485032451158,35.763883045698414,4.994284655684421,120.24488091728892,36.90419048417428,5.00612348416841,121.5748207426146,38.15975340619646,4.992650215990286,121.4299920103835,38.2708010388465,0,0.007626819289334286,0.5800305927773479,1.1403074384758654
CMP-0856,LOT_05,4.931240629144587,117.78444110383204,35.51586134373519,4.951217320280567,118.38496997358264,36.9429200110028,4.966824598662025,118.93671880329234,37.491073373873576,4.987477356454903,119.89740958999596,38.89242745793898,0,0.019976691135980218,0.6005288697506046,1.4270586672676089
CMP-0857,LOT_07,4.998978911009189,120.15137174073193,35.726338861629344,5.008000848449647,120.48730367618332,36.9153216493911,5.017419523299313,121.53997860312566,38.109545924537294,5.016091202720787,121.85183378577851,39.16161431717589,0,0.009021937440458316,0.33593193545138433,1.1889827877617591
CMP-0858,LOT_01,4.973777289358548,120.37735229671905,34.851359526361264,4.984362083589131,120.70031250691827,36.13931536031785,5.000631547726874,121.58587959199481,36.934302434324465,4.996125293424169,122.09495969589028,37.5039518550381,0,0.010584794230583228,0.32296021019921284,1.2879558339565875
CMP-0859,LOT_10,5.06286394505672,120.75324596935899,34.270255426103354,5.073955822319774,121.32925974837482,34.99018460350942,5.1039525666536525,122.00328499864538,35.34407312584842,5.131613295849089,122.37795438595991,36.11490216922943,0,0.011091877263053718,0.5760137790158382,0.7199291774060654
CMP-0860,LOT_08,5.074389179858267,123.64996983243364,36.51422758022138,5.097582266344138,124.39329292419336,37.79268565660341,5.112517893161302,125.05525188253634,38.96069337817506,5.10275030621361,125.75927228884942,40.95957913444102,0,0.02319308648587093,0.74332309175972,1.2784580763820301
CMP-0861,LOT_03,5.023827315461934,118.70068489918373,33.02477207505874,5.045304505862985,119.11049464717904,34.03399636441885,5.046152630247864,119.99352109165294,35.26058444356085,5.060489715039911,119.52054596479766,35.756452520532285,0,0.021477190401051338,0.4098097479953111,1.0092242893601053
CMP-0862,LOT_08,5.009431785203988,120.21819608890398,35.31754813920472,5.0270197475189695,120.70982424809097,36.54255486443447,5.022215959402793,121.97597948118357,37.200625204776344,5.051091607676649,121.99305701048408,38.21392245451404,0,0.017587962314981276,0.49162815918698755,1.225006725229754
CMP-0863,LOT_09,4.954298095371331,120.87717885107928,32.526167242611905,4.981825179795497,121.53577302807496,33.845728421438594,4.965775548108999,121.79801442608705,35.34040098184112,5.084850007736289,123.13311926060348,36.675283149639355,0,0.027527084424166404,0.6585941769956776,1.3195611788266888
CMP-0864,LOT_02,4.957625140214492,121.99034816640066,33.34818899435461,4.955519288563093,122.23564230131296,34.836050317605405,4.96465807773918,122.76589973128428,35.62834834908006,4.953004957739129,122.90027684830426,36.33970935260264,0,-0.002105851651398538,0.24529413491229946,1.4878613232507973
CMP-0865,LOT_08,4.945934677180188,121.15535125773398,35.99145659595024,4.942998285953789,121.59602490488439,37.91948653660859,4.938286842488615,122.2240162502229,38.77224750361003,4.984856037110607,122.74375832556309,39.574450154269584,0,-0.0029363912263988823,0.4406736471504047,1.928029940658348
CMP-0866,LOT_07,4.922078586374429,120.16273988790748,34.86245722657576,4.918887471821189,120.91135760942706,36.395674020507926,4.913224636418141,121.32113991977194,37.083131185830815,4.915757095811197,120.97795947554593,37.859199898978055,0,-0.0031911145532399487,0.7486177215195795,1.5332167939321621
CMP-0867,LOT_01,5.008848888204274,122.32571260663268,36.2631742192479,5.017582031672687,122.45763026732844,37.621025389577426,5.029777914208655,123.08493560009384,39.38907678972868,5.021085799082074,122.02022230076741,38.77826172732962,0,0.008733143468412585,0.1319176606957626,1.3578511703295248
CMP-0868,LOT_05,5.001346295087402,117.56872774080264,32.87042392523536,5.007800204929229,117.81950880682628,34.13074063436262,5.0116288015998345,118.13137344152676,34.55160243290111,5.033062659460841,118.84081341870629,36.292306450252696,0,0.006453909841826366,0.2507810660236345,1.2603167091272596
CMP-0869,LOT_04,4.948343470827096,118.53923974653748,34.407987642291594,4.978995423207979,118.76947248245412,35.19849939063315,4.990469429109637,119.17847265647237,36.535484161352024,4.992825464597922,119.65220178287882,37.85020220152621,0,0.03065195238088325,0.23023273591664406,0.790511748341558
CMP-0870,LOT_07,5.070374918697416,119.72669223178171,34.92572868240139,5.080842111145258,120.25609211347422,35.50205462522749,5.1048910181280895,120.81807485179107,36.27962653081983,5.075419203614077,121.28723521771953,35.987484782650846,0,0.010467192447841889,0.5293998816925125,0.5763259428260952
CMP-0871,LOT_10,5.014349759654381,123.7597000498906,35.857861198498156,5.038833780380737,124.38874248451131,37.420387943341964,5.076690690674884,124.66919143482063,37.82183572627621,5.072209998390283,125.38690325748018,39.59667100958753,0,0.024484020726355915,0.6290424346207146,1.562526744843808
CMP-0872,LOT_08,4.970187064148764,123.24152933755005,33.35020832927013,4.987050986741179,123.84637499469613,33.56070168048501,4.984589281791275,124.14756782641118,34.64299373714331,4.9997102846225685,124.80358009139073,34.39458379489723,0,0.016863922592415648,0.6048456571460861,0.210493351214879
CMP-0873,LOT_07,5.024950044864847,118.91874902286955,34.02105900939822,5.0540768914143825,119.03540470146822,35.16038254361361,5.045904333047764,119.41390435514913,35.6413353097766,5.054357337745998,120.05312556632138,35.10595922576876,0,0.029126846549535124,0.11665567859867565,1.1393235342153858
CMP-0874,LOT_04,4.995485501232501,117.28144690718797,37.26982808217407,4.999540917484528,117.733950058695,37.97371850021672,5.00831742567807,118.62639328674682,40.01022640217846,5.034453701558541,119.27794694218089,41.34686048539839,0,0.004055416252026767,0.452503151507031,0.7038904180426471
CMP-0875,LOT_10,5.03962005661952,120.28797471862315,35.525511551677205,5.031405886985842,120.84639857071238,35.753637791454054,5.017026849711675,121.40426217741995,35.99659849385402,5.051263611959774,121.91561583038731,37.90007747210776,0,-0.008214169633678381,0.5584238520892342,0.22812623977684865
CMP-0876,LOT_03,5.0449341191240595,119.82152952706784,35.66161352025674,5.04296972298459,120.28586401570864,37.2102607618918,5.06752238746172,120.54667621083132,37.73748166660438,5.043195988383314,120.9576575565782,38.09100672932658,0,-0.0019643961394697484,0.4643344886408016,1.5486472416350594
CMP-0877,LOT_08,4.9607473568099465,119.81878743467765,34.66925238855296,4.981298544125929,120.19646906731676,35.38164433472754,4.978608227201543,120.35521621129321,36.44623683045103,4.998596328199319,121.22387399722841,38.401357259683856,0,0.02055118731598249,0.3776816326391099,0.7123919461745771
CMP-0878,LOT_04,4.91768828460826,121.29566934619113,35.33847038856678,4.9230723746168,121.86120608359673,35.47527877095639,4.9550120097584465,122.5156893127183,35.84267989854006,4.93136417018041,122.009632845823,37.22411297108739,0,0.005384090008540454,0.5655367374055942,0.13680838238961002
CMP-0879,LOT_01,5.038835111685489,122.55359437938895,34.958959264933284,5.045778642857026,123.14059129981531,35.949139783685766,5.0395459546135575,123.44478790383913,36.60092178031175,5.070742374746559,124.14525965875355,38.117435287675455,0,0.0069435311715366765,0.5869969204263583,0.9901805187524815
CMP-0880,LOT_06,5.033260887204246,120.00683176801702,38.82906358122523,4.8638791686954255,128.65374875823576,49.07289232453798,4.646801477968902,141.30124882326737,56.11448762634016,4.1310839595677535,166.9283712115786,66.26442509356816,1,-0.1693817185088209,8.646916990218742,10.243828743312754
CMP-0881,LOT_10,4.928803386569497,122.68625444346779,34.58330404112259,4.926652489980566,123.43679256287581,35.331235634603935,4.941671599356527,124.18921747751612,36.368252799891096,4.902719778970585,124.7844709133647,37.250744624471835,0,-0.0021508965889305287,0.7505381194080201,0.7479315934813471
CMP-0882,LOT_05,4.994546252551239,116.77993441211784,35.2882563719927,4.990902338814146,117.22276647020651,36.366388587761804,5.01701289513396,117.47688252224859,37.892182273684796,5.0298394038844485,118.00806159896123,37.47938917463972,0,-0.003643913737093385,0.4428320580886691,1.0781322157691022
CMP-0883,LOT_07,4.9631357925229596,122.39871361056343,33.980714255257595,4.96412908272244,122.94543888081229,34.63769082667788,4.974257332622972,123.74123567982984,35.49630549251224,4.986548371936495,124.0480122352665,35.28321163444957,0,0.0009932901994806898,0.5467252702488565,0.6569765714202873
CMP-0884,LOT_09,5.007996578836295,121.78579465396685,35.90871620170568,5.01597709252024,122.49227323226899,36.76240085289932,5.029684449081405,122.89892840312518,37.79327975536093,5.028447296867484,124.31604903673977,40.37629104267983,0,0.007980513683945034,0.7064785783021392,0.8536846511936389
CMP-0885,LOT_03,4.923039275957048,117.15724451345001,34.51765915005318,4.933451585609636,117.61760302983008,34.6965915252367,4.960725461204491,118.76386249983716,36.13708536482301,4.975162050985365,118.73066283240288,36.02219362865499,0,0.010412309652588547,0.46035851638006875,0.17893237518352123
CMP-0886,LOT_09,5.1052794018420755,119.29602377498588,34.31756412826409,5.1263524384331145,120.030760985135,34.89361322537668,5.132430169234553,120.38018933636458,35.72845791490723,5.168426171852144,120.62874722457096,37.76534507516623,0,0.021073036591038985,0.7347372101491203,0.5760490971125947
CMP-0887,LOT_01,5.015941544218544,119.80616286074147,35.86207209067399,5.022570081839672,119.9471082360711,36.74181150353844,5.028725677703633,119.96941299790616,37.5052939086412,5.001227877347484,120.77326481849336,38.93668829717418,0,0.006628537621128139,0.14094537532963614,0.8797394128644527
CMP-0888,LOT_07,4.979446526355659,119.82893919610386,33.82390334378326,4.989554691549884,120.34055647742221,34.3737783548325,5.003570179557521,120.91899227394634,35.090673398041965,5.05797563227562,121.27020528408006,36.15039095853409,0,0.010108165194225194,0.511617281318351,0.5498750110492452
CMP-0889,LOT_05,5.03429486799217,118.62750606396109,34.14807777950337,5.038912452396784,118.93051736079138,34.272536113231006,5.041968354389396,119.69251795460507,35.171026015963626,5.090123957800547,120.30599551328598,36.69170796145024,0,0.004617584404614128,0.3030112968302916,0.12445833372763815
CMP-0890,LOT_01,4.99514272024984,120.12615134700991,34.982803367509796,5.020580587561676,120.62665441030173,35.65866468047124,5.039395720631118,120.88177646698462,36.7254004367782,5.048857406244513,121.53195307639848,38.111313938140704,0,0.025437867311835838,0.5005030632918164,0.6758613129614446
CMP-0891,LOT_10,4.976861730766664,125.72452715456905,35.23373760446031,4.9808978102688295,125.94886680735843,36.88644070285744,4.985647319475973,126.2114611872358,37.85459030986197,5.013892186896943,127.2658432739632,38.90224104130493,0,0.00403607950216589,0.22433965278938217,1.652703098397133
CMP-0892,LOT_10,5.011601853784035,120.67279253125774,35.63732779385222,5.032546381297091,121.18407550366291,36.22892616093704,5.04038200575053,121.91020974928341,36.13566218174462,5.016931337389652,122.64321356435907,39.44502441441811,0,0.020944527513055533,0.5112829724051693,0.5915983670848206
CMP-0893,LOT_09,4.980022744354149,119.47833977551676,35.45829651313462,4.977094042064041,119.75689627541828,36.30767092667401,4.984913408095629,119.91910974371304,37.5024947640686,4.988742822601821,120.54598747238487,38.533797958857924,0,-0.0029287022901076654,0.2785564999015264,0.8493744135393868
CMP-0894,LOT_02,5.041873840645291,118.13315492439867,32.90392010440479,5.048775965007305,118.64520215898567,33.28354213235603,5.037959661581802,119.19989149368706,33.70465184869855,5.039725730667167,120.1278728051427,34.77810639401436,0,0.006902124362014206,0.5120472345870013,0.37962202795124256
CMP-0895,LOT_06,5.014737943102765,119.57700050780629,31.017256633181454,5.013370078192228,120.05185861586254,32.1996212018278,4.996524967856406,120.5357781035044,32.43848915822079,5.038062481494021,121.04215822301263,34.79442248377146,0,-0.0013678649105370866,0.47485810805625306,1.1823645686463493
CMP-0896,LOT_03,5.022949494963702,121.72078717794115,34.47448628611424,5.061180669076373,121.97702335864217,35.21060839715958,5.0847010478175765,122.70283975010047,36.25430290673076,5.094687042236235,121.93524478133915,38.48204735278985,0,0.03823117411267152,0.2562361807010234,0.73612211104534
CMP-0897,LOT_04,4.898323671051602,120.51313700696238,34.15474658128273,4.914044872567415,121.07655109745615,35.33777048003232,4.908160747243943,121.55946036121057,36.04768695606765,4.943951073401564,122.57119959517289,37.45815121763921,0,0.01572120151581302,0.5634140904937652,1.183023898749589
CMP-0898,LOT_05,5.005378940478338,125.22215245681852,37.46900799048168,4.7066589623404536,133.3488387642082,44.867187278364696,4.480737388231078,143.18324482701678,52.26998835036347,3.945756081969055,160.359978692556,72.97892289818213,1,-0.29871997813788465,8.12668630738969,7.398179287883018
CMP-0899,LOT_09,5.056217508069935,116.90973818977672,34.16718485449763,5.060500757417083,117.83852657742395,34.824674470177904,5.038176279109582,118.1639820428402,35.85244964388029,5.096182448348755,119.97679642414533,37.95019252696661,0,0.004283249347148299,0.9287883876472307,0.6574896156802765
CMP-0900,LOT_06,4.955429226621261,123.24805486269472,34.44715467451065,4.958847654259115,123.6646401022639,34.821010555062244,4.96187235289155,124.09470760327038,35.986338857968306,4.971085887557095,124.03091048134465,35.537992830856886,0,0.003418427637853938,0.41658523956918714,0.373855880551595
CMP-0901,LOT_04,4.972284364439342,119.06508707901585,35.58273039919875,4.996189826976235,119.40905816218705,36.62718181730647,5.020563883036315,119.67622387512787,37.41936576002482,5.015429914914482,119.75341054466529,38.76198085311897,0,0.023905462536893296,0.34397108317119773,1.0444514181077196
CMP-0902,LOT_08,5.0277542124798025,117.62622705067858,35.01495557789184,5.051571553116361,118.54172701706104,36.65502021237764,5.0439154805316075,119.17704282167412,37.213446924897085,5.077249564978959,119.15561866417258,37.284241458895806,0,0.02381734063655827,0.9154999663824555,1.6400646344858032
CMP-0903,LOT_06,5.0143999877736904,120.80589571982871,35.32452548446906,5.028445262522148,121.41179807164605,36.18718476999175,5.0396886209434415,122.43477558410696,37.05820028449232,5.049296532451226,122.46324032525925,38.012857955338774,0,0.014045274748457182,0.6059023518173348,0.8626592855226889
CMP-0904,LOT_06,5.010433926218272,118.9885695960817,34.78172760578418,5.012528779153009,119.51017195698857,36.07382507787219,5.019350056254345,119.40765842592178,37.16901084989993,5.034932456008205,120.01355623198184,38.692441271730814,0,0.0020948529347375455,0.5216023609068685,1.2920974720880167
CMP-0905,LOT_02,4.997131669017639,115.46226984924535,35.26749438089486,5.00306974533673,115.85089999088072,35.89863150016675,5.011161508473832,116.20534338653057,35.77028637857256,5.0485111030702745,116.72872116289982,37.31308348746414,0,0.005938076319091046,0.38863014163537457,0.6311371192718909
CMP-0906,LOT_10,5.038536603372646,117.40313606180695,35.20098095278695,5.04270011335391,117.79805212969448,35.649201187299,5.043395321866085,118.30069584714654,36.566857300473494,5.046988263728251,118.75258492847577,38.35996473207533,0,0.004163509981264468,0.39491606788753586,0.44822023451204984
CMP-0907,LOT_08,4.952460802729892,117.89463165576694,35.39151726949715,4.957008288043216,118.15127103051992,37.05365886553214,4.980809630758193,118.07157924361218,37.11644480153111,4.988877429469589,119.00883411400119,40.25411858101611,0,0.004547485313324273,0.2566393747529787,1.6621415960349921
CMP-0908,LOT_04,5.0149732761927,117.95627461634912,35.737160442296705,5.0122156366451955,118.71732352303114,36.94822973680583,5.009843177993831,119.45872675147083,38.868992181374,5.0278632946490065,119.99253011787678,38.60276628105303,0,-0.002757639547504631,0.7610489066820207,1.211069294509123
CMP-0909,LOT_09,4.999973524324707,120.08715465966122,37.69849666526712,4.9920234931976735,120.53097796783966,39.34255527418264,4.998396920760692,120.97957550794416,39.72592576174155,4.993371385592418,120.61805108492308,40.839183076067314,0,-0.007950031127033519,0.4438233081784375,1.6440586089155147
CMP-0910,LOT_09,5.005901941682854,118.42466359515254,34.28061352242724,5.011379887752278,118.91503055869447,35.01635239422482,5.005453096403221,119.44076049187882,36.350094002357125,5.0339492116680935,119.61012033957516,36.917835270149915,0,0.005477946069423645,0.49036696354193055,0.7357388717975795
CMP-0911,LOT_05,4.979982281545476,118.13307928398697,33.871852471502045,4.98587993653008,118.83157093918827,35.41788267989209,4.981958059106713,119.17614772721525,35.9715877012478,5.022070846841082,119.90432421550408,37.49211457000492,0,0.005897654984603484,0.6984916552012947,1.546030208390043
CMP-0912,LOT_08,4.970179329579453,122.72777314870811,34.9973830138697,4.971620205117534,123.18184509994855,36.61334717597364,4.9752430730777775,123.96671243966199,37.10067427958788,4.9763069311819885,124.5116438052457,37.91416912745704,0,0.0014408755380808103,0.45407195124043653,1.6159641621039356
CMP-0913,LOT_01,4.9563203032766205,119.85711451201134,34.1768385641607,4.969810068843311,120.73467416100242,34.99148626271698,4.987816712951189,121.24200635350267,35.803515114248576,4.986505966428681,121.30596543782664,37.25959822214295,0,0.013489765566690792,0.8775596489910811,0.8146476985562856
CMP-0914,LOT_01,4.954759995813063,122.0283465244966,35.14851443405352,4.7933550479459015,132.7084597539892,38.39439213075402,4.411315077657713,144.91297936016255,46.15378448859845,4.28303657186235,163.26365054337796,68.24476584260165,1,-0.16140494786716175,10.68011322949259,3.2458776967005036
CMP-0915,LOT_10,5.016773735109715,120.113982503325,37.59576025602928,5.005642230635179,120.68940719157905,38.232197098957315,4.980302770313112,121.08124816235028,39.95622149441259,5.012521246827172,122.08478994486136,41.19113485660801,0,-0.011131504474535703,0.5754246882540457,0.6364368429280347
CMP-0916,LOT_05,5.006022780920564,116.56740418691777,33.92575420524103,5.025092857163864,117.07954000632519,35.10942492596287,5.03709022085911,118.23714118961412,35.69416501036857,5.07720105802359,118.14629161742856,38.46478410562751,0,0.019070076243299816,0.512135819407419,1.1836707207218424
CMP-0917,LOT_08,4.980315660803827,120.27894467170007,36.83356439399919,4.994103756857406,121.02302120970546,37.498453847362214,4.99176123999455,121.52785273164665,38.27912775816667,5.010386569480922,121.54370534687011,40.45737511924372,0,0.013788096053579224,0.7440765380053875,0.6648894533630241
CMP-0918,LOT_10,5.071303906110634,120.02548673040812,35.972643396221066,5.086881002540271,120.36063178233795,37.15624485699731,5.125805996707277,120.93611545826805,38.40688322677715,5.120746439432115,121.51415661152043,39.305427831177106,0,0.015577096429637116,0.33514505192982824,1.183601460776245
CMP-0919,LOT_04,4.932391797147447,120.4946057781929,34.72388317887902,4.93847652871093,121.25379865399862,35.35731005484709,4.92755499280628,121.99251352161437,35.447113126570144,4.919917667151759,122.7079324989936,37.48428785529708,0,0.006084731563483103,0.7591928758057094,0.6334268759680697
CMP-0920,LOT_06,4.977878621261019,117.23118773678196,33.2213191795735,4.985156732266706,117.47670716519835,34.37484563309633,4.988219863196189,118.03221797940795,35.25241969720955,5.012892723355196,118.72644842884284,36.09972516047293,0,0.00727811100568676,0.24551942841638663,1.1535264535228293
CMP-0921,LOT_03,4.878555484545331,121.29305149171898,35.22491329433038,4.894195973197767,121.53568277262953,36.06702670674918,4.887823031349283,122.25906318549339,36.16446843571494,4.895622877559321,122.80283983676551,37.563527080927386,0,0.01564048865243528,0.24263128091054398,0.8421134124188043
CMP-0922,LOT_02,5.045335971477009,121.89542351318373,36.0831067888115,5.063823068216411,122.34910765739612,36.98081030149319,5.0641018490384075,122.8994264077109,37.51686113783027,5.075161744097872,123.64905787438757,39.928441697904695,0,0.01848709673940263,0.4536841442123887,0.8977035126816943
CMP-0923,LOT_01,4.964724221398362,116.32405072158149,36.07194183438433,4.967005885871895,116.76931227322642,36.18704357932377,4.963517732161708,116.81864404825265,36.769891947613615,4.979114855994236,117.81429247900053,39.17882195080791,0,0.0022816644735330627,0.44526155164493275,0.11510174493943737
CMP-0924,LOT_07,4.918891518189476,121.21603087122571,35.16763204616219,4.927913253869114,121.71149096523827,36.26990826020532,4.927534952003911,122.15678570798087,37.66187782215124,4.933835138180604,122.19654697715072,38.22054238190624,0,0.00902173567963871,0.4954600940125573,1.1022762140431297
CMP-0925,LOT_03,4.982776641146259,122.89724376912784,34.94209385618466,4.994562412090741,122.97121409749761,36.161156602405136,5.005962900010388,123.2717396490858,37.051181838106324,5.017964844433901,123.44147013331865,38.426639583829065,0,0.011785770944482188,0.07397032836976791,1.219062746220473
CMP-0926,LOT_09,4.988602926226324,118.26481159512578,34.733629895297405,5.007149058176968,118.51954782726632,36.0229090246895,5.006978841299161,119.09216675168024,36.540743387166714,5.015808719075337,120.28109528538384,36.8956397522627,0,0.018546131950643918,0.2547362321405444,1.2892791293920922
CMP-0927,LOT_01,5.034276096323641,117.33780596192163,33.07762923662689,5.036759842557177,117.8693875442256,34.19060058367142,5.027684394242682,118.10756030669151,34.58485934018141,5.053144906394879,119.86173527287114,35.44405093117266,0,0.0024837462335360883,0.5315815823039713,1.1129713470445282
CMP-0928,LOT_08,4.943342985242808,121.27108914248447,34.93798760546735,4.944380719761108,121.6985300257288,35.5422324549885,4.958819088978947,123.0038430077677,36.61766465783462,4.962520949458961,122.36604228198482,36.46751238948062,0,0.0010377345183005815,0.42744088324432994,0.6042448495211517
CMP-0929,LOT_06,4.976694950165459,122.42666796588523,35.031660408327625,4.9944425575194105,122.98590736629183,35.943092468388805,4.990119288349798,123.44224638858303,37.16411780283623,5.004279855281422,124.20577806409341,37.076903762769604,0,0.01774760735395109,0.5592394004065966,0.9114320600611805
CMP-0930,LOT_06,5.015647066824498,117.59577848232699,34.66397821471758,5.034961475917682,117.84397197419635,35.128503095405115,5.043919021595885,118.98397119332601,35.59221405338537,5.064866955909392,118.97403967799703,36.65688717519268,0,0.019314409093183826,0.24819349186935824,0.4645248806875344
CMP-0931,LOT_01,4.982109760494175,116.67745619445374,34.963345647700514,5.0011006955604005,117.18894134940967,36.50859952811173,5.019805607249576,117.6710789575106,36.99463675160832,5.011375421253172,117.45368611244112,38.29493641603307,0,0.018990935066225845,0.5114851549559347,1.5452538804112166
CMP-0932,LOT_03,5.085771054889961,121.05664064655775,33.70271902979304,5.0813773721347735,121.51533022911684,35.10860125320691,5.088068127084358,122.17792548161852,35.81803852858082,5.115717380829086,121.71670121776401,38.391946949323795,0,-0.004393682755187811,0.45868958255908865,1.405882223413876
CMP-0933,LOT_08,4.986390800266553,119.7683441992662,34.638347141044775,4.998946846117067,120.35984910792237,36.16752789695631,5.030066079356028,120.95939557195538,37.82436501654046,5.020806296973516,121.89856928904884,38.510503635281225,0,0.012556045850514508,0.5915049086561766,1.5291807559115327
CMP-0934,LOT_09,5.009061707718992,121.00634375501825,34.95170280289609,4.879704533618869,130.73706967367204,40.916643089902244,4.4807442622411635,145.53678179684698,50.62010506483101,4.114808330656727,157.4120023346703,58.60915420248286,1,-0.12935717410012249,9.730725918653789,5.964940287006158
CMP-0935,LOT_05,4.965893686507771,121.05948564811965,38.04554516150465,4.98409940248792,121.78400528507056,38.85684014578128,4.995669382971179,122.41195000633965,39.32706119895989,4.995584801076937,123.2112812642371,41.729074349861364,0,0.018205715980148973,0.7245196369509159,0.8112949842766284
CMP-0936,LOT_06,4.940242140961064,119.40881603356469,32.83800329824119,4.950994165059411,119.95989665581898,33.7026480877223,4.964619833395159,120.58496702754414,34.631079109175865,4.946963559213472,120.83326449306263,36.03052247033531,0,0.010752024098347412,0.5510806222542897,0.8646447894811118
CMP-0937,LOT_05,5.0275420100224055,121.75630382384765,34.70505845244116,5.049026087497279,122.49673859013383,36.395250819471755,5.065902570032062,123.70477976503109,36.88760926308959,5.111507639220858,123.88088833446305,39.46756068589313,0,0.021484077474873686,0.7404347662861852,1.6901923670305976
CMP-0938,LOT_04,5.0422237351481884,122.85394832732872,33.36896203441419,5.050590472330034,122.92569778968249,34.27979554598961,5.048350349428133,123.36036748329246,36.541617224791935,5.104946542465978,123.20597402133217,36.72438618726913,0,0.008366737181845885,0.07174946235376467,0.9108335115754187
CMP-0939,LOT_06,5.008915380157927,120.55196441483,32.980082940707206,5.008602086617066,121.0864237585182,34.02978420469809,5.007973645885807,121.34811091656204,34.78489457986249,5.046325105676732,122.04818087304476,37.32796886920661,0,-0.00031329354086118144,0.5344593436881979,1.0497012639908831
CMP-0940,LOT_10,5.009655490072741,119.29140914179199,35.881941419619665,5.0118396112504895,120.17688869259074,36.03663521808166,5.047571814845694,120.70388523332339,37.11284750895512,5.058530109312328,121.60571944017377,37.45261370784721,0,0.002184121177748466,0.885479550798749,0.1546937984619987
CMP-0941,LOT_04,4.955635414391959,124.23685702238795,35.57855372895285,4.961303136672757,124.5581991454663,36.46691019174871,4.941973961706699,124.93362580474867,37.13544656982091,4.959814863690508,125.93212174291848,38.2918971615172,0,0.005667722280797705,0.3213421230783524,0.888356462795862
CMP-0942,LOT_06,4.983733303246573,120.7102149466317,35.10983181570049,4.986723552365697,121.23534564143978,36.08449383691736,4.979631589018465,121.6487942333876,37.1741629721278,5.018166317563627,122.12036347523808,38.62591207274614,0,0.0029902491191240443,0.5251306948080838,0.9746620212168722
CMP-0943,LOT_09,4.987437251835316,122.99513227217427,35.24487743980731,4.9946835937386584,123.8039598724156,36.10140822220554,5.038204592297948,124.15057493532937,36.395543857579895,5.011356354241621,124.6794177419971,37.45523224112612,0,0.00724634190334239,0.8088276002413295,0.8565307823982309
CMP-0944,LOT_10,5.015931328390263,120.92849914734316,34.30718109929462,5.020154634542811,121.6336108184867,34.469260212999735,5.0130116674509555,122.05941826680443,35.94478386581689,5.032664295083421,122.8416865971238,36.49144315651021,0,0.0042233061525482896,0.7051116711435412,0.16207911370511852
CMP-0945,LOT_08,5.036798160186139,119.6022021405148,36.38732629087911,5.038605339125136,120.10708075448737,37.33607293542277,5.03356880705533,120.22295685060328,37.845867254491196,5.061203961705036,120.72862464233512,39.07201408500052,0,0.0018071789389972892,0.504878613972565,0.948746644543661
CMP-0946,LOT_03,4.981467503975813,122.04717329325001,36.05777048895512,4.990598284605542,122.59590383825284,36.64364029115804,5.024964864854913,123.71623259020701,37.52605210651103,5.062412001326772,123.25581265248516,37.642776899102884,0,0.009130780629728719,0.5487305450028259,0.5858698022029216
CMP-0947,LOT_06,5.115603327560148,119.43768174518809,33.71051628079397,5.116618738964374,120.16568616759675,35.20916715494849,5.1193365661690695,120.1029509327736,35.44487038259385,5.171043615714365,121.51009010987148,37.261536255395136,0,0.0010154114042260076,0.7280044224086595,1.4986508741545208
CMP-0948,LOT_05,5.097916313640575,119.92812079607741,34.9736423592025,5.102095846819455,120.37120013858038,35.23047987130244,5.089740051176694,120.35440247790861,36.57264837476217,5.0908678023612035,122.34618128793346,36.64617755834292,0,0.004179533178879424,0.4430793425029691,0.256837512099942
CMP-0949,LOT_05,4.921690661453976,122.56755779613094,37.102798441449835,4.922630151451306,123.00122734281145,37.649900473169346,4.9308222510344395,123.5335760870437,38.27420894361163,4.906252323543488,123.71078768526644,40.21271548401258,0,0.0009394899973296233,0.4336695466805054,0.5471020317195112
CMP-0950,LOT_10,4.9836279686219145,118.13844690993847,34.08492294620358,5.007717449687734,118.41049145857805,35.44533449454619,5.018423278001286,118.98393465751447,35.87915635403888,5.020681902366776,119.40763136849208,37.02880092285883,0,0.024089481065819207,0.2720445486395846,1.3604115483426114
CMP-0951,LOT_09,5.108635331180996,120.55638005872474,32.13163601672174,5.130265521989383,121.0156059303975,34.13759869819017,5.162329388776962,121.36402571528403,35.29855009012576,5.1383864190344255,122.01695134360484,36.678386549673334,0,0.021630190808386907,0.4592258716727571,2.005962681468425
CMP-0952,LOT_02,5.044760291444312,120.14997926382566,38.72513585012182,5.051110087379041,120.32853913748579,39.01778620251716,5.083220203330876,120.80554326153175,39.8973149515442,5.060259609780554,121.1021878978362,40.38810951375772,0,0.006349795934728952,0.17855987366013437,0.2926503523953343
CMP-0953,LOT_06,5.02175026889017,120.67887677063497,34.36118189955066,5.0171629626371415,120.8697168514351,36.874507695398194,5.049335564303491,121.77177162150247,37.33720429190475,5.0373531573124035,121.46203545524351,37.82484201926548,0,-0.004587306253028167,0.19084008080012893,2.5133257958475355
CMP-0954,LOT_08,5.066309248171479,121.68149073384794,33.544927997566965,4.900568445663605,131.1797370777211,38.68847090478596,4.61195504597049,141.393544611407,49.553700090489336,4.407917171261942,179.1227973419322,67.69728914151284,1,-0.16574080250787393,9.498246343873149,5.143542907218993
CMP-0955,LOT_10,4.994262562915488,121.63251922917438,32.92957640876908,5.006992295356731,122.28944547185105,33.01120952435841,5.012933578854688,123.28330853198857,34.08718003323709,4.989583152375485,123.61861520305686,34.41302008897574,0,0.01272973244124298,0.6569262426766755,0.08163311558932662
CMP-0956,LOT_02,4.9654959116699615,119.89393511117606,34.19368584715558,4.975527488897346,120.28047907639386,35.08191672637834,4.9678934137726865,120.92767695501806,35.9695593307003,4.963196845415263,121.77693740649482,36.940886358654744,0,0.01003157722738468,0.3865439652177969,0.8882308792227604
CMP-0957,LOT_05,5.016412112117999,122.3304063169218,34.56005671669188,5.036756405980269,122.85499124048326,35.81387342894523,5.052810843572238,123.72721033807612,36.97457961572488,5.047897496374072,123.53435771848334,37.77407011086936,0,0.020344293862270213,0.5245849235614628,1.2538167122533466
CMP-0958,LOT_04,4.947390389933683,115.74389506140392,32.676105863256936,4.977244453544798,116.11259501147796,34.62783601316751,4.993291772562132,116.59766760498714,34.67753345475689,4.997337831456319,118.05868689496208,37.8739454083809,0,0.029854063611114867,0.36869995007404555,1.9517301499105741
CMP-0959,LOT_10,4.952141732737543,118.29481631321508,36.91723239104405,4.9784589370986305,118.83399488020859,37.765692173282474,5.011689594548545,119.0404228179491,38.59160383708266,5.007718257089553,119.40259457662039,39.25696079616943,0,0.026317204361087754,0.5391785669935132,0.8484597822384217
CMP-0960,LOT_10,5.070836342799404,123.82873455411418,35.17218879535484,5.078154156928976,124.20876633911551,36.173061952080005,5.079900830657424,124.67965726640895,37.179678363581964,5.090047898073169,125.11397230780847,38.024698364022164,0,0.00731781412957222,0.3800317850013357,1.000873156725163
CMP-0961,LOT_01,5.0381098301468406,116.45852794204711,37.3614197885019,5.04946512477887,117.08053145724442,38.723958680076336,5.048844237378412,117.30622389039064,39.00782403774942,5.064523764182299,118.43013380301993,40.256949059899675,0,0.011355294632029889,0.6220035151973065,1.362538891574438
CMP-0962,LOT_06,4.88160393905694,119.2288655960495,36.750706051417346,4.889894226166611,119.56303686881627,37.42228444034855,4.854473887720587,119.75949627769269,38.75090512660484,4.898242170828686,120.33076468781566,37.55683469071942,0,0.008290287109670835,0.33417127276676695,0.6715783889312021
CMP-0963,LOT_10,5.030864704033078,117.40512193712114,34.05414141264017,5.04057298060309,117.66589639068978,34.05206947088337,5.048184824791499,118.33767895934176,35.14799813074834,5.078077728313933,117.88911775979987,36.09839099874492,0,0.009708276570012053,0.2607744535686436,-0.0020719417568031417
CMP-0964,LOT_03,4.99563896572514,119.57643673273172,34.009327729088724,4.975461061182984,120.30880253684586,35.17432281182627,4.9631967143699365,120.95074203274369,35.75067040832554,4.987081614854629,120.92459523610134,37.60386718994808,0,-0.020177904542156178,0.7323658041141385,1.1649950827375477
CMP-0965,LOT_09,5.0565872405303,119.64223718046655,34.778770415011685,5.073511881733067,120.00871984029732,35.544693828688246,5.0880976107789095,120.04630655955819,36.45524335207235,5.078397652549439,121.4364561365249,37.98202449016817,0,0.01692464120276682,0.36648265983076556,0.7659234136765605
CMP-0966,LOT_03,4.919652067572272,119.79320920965236,33.234100159378585,4.929283428542502,119.83015327427441,33.463684025190965,4.957118932675105,120.44086922707638,34.08677610145113,4.931108562088777,120.28802631548086,35.62380862926179,0,0.00963136097022943,0.036944064622048245,0.22958386581237988
CMP-0967,LOT_04,4.990761813999483,120.11744098448906,32.91724479791694,4.997154821747712,120.65283926550266,33.73085194231035,4.999870393744098,121.25091215318726,35.288263583090846,5.0200542091538685,122.22493240723924,36.22813384432538,0,0.006393007748228818,0.5353982810135989,0.8136071443934085
CMP-0968,LOT_07,4.969514003832668,119.5861450100312,34.695839643853006,4.984976776198308,120.24462757447357,35.75836773940895,5.008127374858946,120.57562813137916,37.001056515858515,5.025292965042025,121.5833757474359,37.86570356619392,0,0.015462772365640198,0.658482564442366,1.0625280955559475
CMP-0969,LOT_07,5.009918113218011,120.60102095365025,33.005726505272776,5.024663955747406,120.85125720851389,33.79176735631806,5.035260370136551,121.13203629312405,34.633044375628224,5.045995095556131,121.44116638883446,36.24614692337752,0,0.014745842529395148,0.250236254863637,0.7860408510452856
CMP-0970,LOT_01,5.114398718736735,119.78104235333879,33.24305878251495,5.1145553010745965,120.51055844627845,34.038482957655724,5.104098843957147,121.26667227041678,34.63069601376668,5.1476236912969835,121.97834145910652,36.25805378870256,0,0.00015658233786197684,0.7295160929396616,0.7954241751407736
CMP-0971,LOT_03,4.95910249623641,119.48809999079208,38.39176029291218,4.987082520937432,120.24583816427086,38.99469832253923,4.986919799840876,120.49727015372873,39.40298487851885,5.036936613082951,121.12395460257294,40.905499790824074,0,0.02798002470102201,0.7577381734787849,0.6029380296270475
CMP-0972,LOT_07,4.916823601298301,120.10529164253828,33.354692406990615,4.923879452092717,120.48800750374643,34.035702033974985,4.937263179193313,121.05437152446419,34.725791739357994,4.951293138952541,121.05370023331966,36.58097072920653,0,0.007055850794416507,0.3827158612081547,0.6810096269843697
CMP-0973,LOT_07,4.960262059414851,119.51720507906664,37.805958885268886,4.969628921713825,119.78832437183796,39.26536841866141,4.972549995176949,120.3734520731437,39.76253814344812,5.015244388036689,120.49294449351498,42.38365480152344,0,0.009366862298974432,0.2711192927713171,1.4594095333925239
CMP-0974,LOT_10,4.985354680714226,122.79999157181356,35.25226133717201,5.018069340132283,123.24616348196597,36.38078276365235,5.056646579213015,123.29198651694328,36.36190774706158,5.022159176588095,124.65284982670264,37.092901816986796,0,0.03271465941805651,0.4461719101524011,1.12852142648034
CMP-0975,LOT_06,5.100719511660098,122.09096985102474,35.54607535624666,5.124310841011628,122.6987506392477,36.31604032893306,5.117141754355895,123.02794095813978,37.0960033916595,5.14781120911862,122.63115284020432,38.14039206099387,0,0.023591329351529744,0.6077807882229678,0.7699649726864024
CMP-0976,LOT_02,5.027376872243992,123.2536017650127,35.2784803031679,5.028281243481515,123.38998588829241,36.621985782224094,5.025244933089353,124.15003698144082,38.12069585830538,5.017399748161932,124.6669321676719,39.65608371049557,0,0.0009043712375227386,0.1363841232797114,1.3435054790561907
CMP-0977,LOT_06,4.957317397760315,117.43963898849915,35.785209132720574,4.97145066399517,117.40006061291103,36.63479332205665,4.993461461450287,117.94445341027827,37.50792678180658,4.984150790260796,117.8705901423737,38.621148662944265,0,0.01413326623485478,-0.03957837558812116,0.8495841893360776
CMP-0978,LOT_07,5.030762726016648,121.39299984859092,35.12879212874486,5.051711809662496,121.81801491496377,35.406779843805,5.06886761470377,122.35592878128054,36.45524560164493,5.046422782696838,123.71341295926929,37.97518177473591,0,0.020949083645848354,0.42501506637285047,0.2779877150601351
CMP-0979,LOT_02,4.985600155450044,118.12909370807071,36.615730115648375,4.984582457629405,119.08136667302912,37.30912764569871,5.020390035848489,119.52602453750731,38.89950100010886,4.989885087492874,120.09078486230247,39.95292710983516,0,-0.0010176978206386522,0.9522729649584107,0.6933975300503334
CMP-0980,LOT_05,5.055038091682894,119.02505577039688,35.12721255927472,5.077521977442874,119.38400467005309,36.41348308983392,5.084234573846208,119.94576690202787,37.25575819804114,5.0817563144271745,120.25365807399186,38.529428891495286,0,0.022483885759980282,0.35894889965621246,1.2862705305592002
CMP-0981,LOT_02,5.050497777840818,120.579960996987,33.85528072592075,5.0522575469218385,121.47472320404307,34.35033800788465,5.063965441194096,122.08300781834768,34.994676182142996,5.052213471630291,122.08227488453983,35.91313400604143,0,0.0017597690810200461,0.8947622070560755,0.4950572819639021
CMP-0982,LOT_06,5.0663860196590464,119.98174801305474,34.21429834827858,5.077455600097719,120.61533919411373,35.04198849524979,5.100985319525358,120.73399516180676,36.427640311308,5.097276553302274,121.59133301823786,36.48757703567791,0,0.011069580438672233,0.6335911810589892,0.8276901469712072
CMP-0983,LOT_02,4.96186116655251,121.17534644120471,33.558082366543005,4.956376684695267,121.49353337903715,34.365665707790846,4.961194166355332,121.95486550656432,35.68196888081678,5.001361773457097,123.4962646317318,35.06573985443199,0,-0.00548448185724304,0.31818693783243646,0.8075833412478417
CMP-0984,LOT_09,5.034924257852988,119.09193756894994,36.291179704773846,5.046995392154137,119.9077784109573,37.81253776174019,5.072910641552522,120.2842169283492,38.56380733875605,5.0608903230027895,120.15483233913235,40.989953166136615,0,0.01207113430114859,0.8158408420073613,1.521358056966342
CMP-0985,LOT_05,5.065229625372998,118.7392647065057,32.24279829731709,5.085303322901934,118.98355265988249,33.144910564505096,5.098395168513691,119.59919226330412,34.36911109260699,5.116920351427284,120.2584989231635,34.512309138859905,0,0.020073697528935952,0.24428795337679787,0.9021122671880093
CMP-0986,LOT_02,4.924722501497495,123.12427539690566,32.896152764272664,4.931258103109932,123.36050054910031,33.53106962133984,4.9414595293414125,123.70187311954551,34.90319275041265,4.955796123429188,124.12904568448602,35.4242040773606,0,0.0065356016124367144,0.236225152194649,0.634916857067175
CMP-0987,LOT_10,4.94306145529923,118.63869657172079,35.71218472802656,4.9565951211595,118.92862026344103,37.08674802267987,4.953232009056705,119.81976829559794,38.15147260080468,4.9539566321465855,119.66408191270932,38.64957953105697,0,0.013533665860270716,0.28992369172024723,1.3745632946533135
CMP-0988,LOT_09,4.989801155099375,117.70902217323643,32.908611280666136,5.005291388443354,118.26626954614926,33.96138005926865,5.019352366327761,118.58059380189175,34.85337623815622,5.076061499743039,119.85355310652284,35.730653298500776,0,0.015490233343978588,0.5572473729128262,1.0527687786025126
CMP-0989,LOT_05,5.0534347076492345,121.57321070754962,34.18425804608526,5.049117630820463,121.84215721891168,35.40645697732497,5.0577775198155255,122.54963482419386,36.24967854650907,5.088452807462793,123.0269447891078,38.06949328145352,0,-0.004317076828771249,0.26894651136205994,1.22219893123971
CMP-0990,LOT_04,4.938282721475127,119.27129666022475,36.61935317735036,4.967088018735804,119.73844950374738,37.31356314540627,4.947763490571937,120.49751863296933,37.83846785780903,5.046254712122968,120.36874754373012,40.9977832228948,0,0.028805297260677598,0.4671528435226264,0.6942099680559082
CMP-0991,LOT_09,5.011607189432179,121.54276105310093,34.662121711225126,5.029987016537702,122.20595248497067,35.96029096152219,5.039739916016989,122.35347045817883,36.721898273784575,5.053508309812019,122.26792704945176,38.09567921431527,0,0.018379827105523106,0.6631914318697341,1.2981692502970645
CMP-0992,LOT_08,4.935168696460752,119.33398721861649,34.53223047974855,4.964469641795686,119.87801088785196,36.05025310540585,4.972702412228326,119.81583593280143,37.18642402981666,4.971305907203935,120.710210822858,37.207876106113474,0,0.029300945334933992,0.5440236692354716,1.5180226256573022
CMP-0993,LOT_01,5.046636905423731,123.17237901557033,37.591939186931164,5.036178163121149,123.43365490338451,37.687843397767885,5.055657119276993,123.72573036824477,38.24325323184592,5.0518462144826,124.62494024742989,38.49958655936272,0,-0.010458742302581925,0.261275887814179,0.0959042108367214
CMP-0994,LOT_04,5.000064810326555,122.39749187230893,34.96190389512337,5.002148213262735,122.46785013624141,36.43824168765351,5.001109238521877,122.6236190615159,36.38057907442412,4.9933661970398955,122.98724302601448,38.24716269869819,0,0.0020834029361793682,0.07035826393247646,1.4763377925301384
CMP-0995,LOT_02,4.987677613004095,124.44398457836905,32.443335325411006,4.999292407307219,124.97878557617724,32.92805662344943,5.010721193268931,125.70966388609926,33.776302364728345,5.0469816650036154,124.88994176712957,34.25426989320725,0,0.01161479430312351,0.5348009978081905,0.4847212980384228
CMP-0996,LOT_02,5.045601316663192,121.08102342253258,36.84982310977919,5.036435737876174,121.74014555507715,38.3820081909889,5.036555235383538,123.02891669044452,39.28018267301993,5.012580357026003,122.93078155404403,39.80612016699738,0,-0.009165578787017736,0.6591221325445673,1.532185081209711
CMP-0997,LOT_06,4.97010389638619,123.0049038365258,36.40917695896896,4.971824696509369,123.47449482041363,37.667635354351006,4.97636074756778,123.87417499925945,38.485997868483246,4.970508724828622,123.35811215112514,39.85894324421663,0,0.0017208001231789893,0.4695909838878265,1.2584583953820427
CMP-0998,LOT_05,4.950348064842764,116.45683528210286,32.52733332835805,4.964611616583957,116.91237364909084,33.39813310062399,4.954873089829597,117.21561892243928,34.38636068022908,4.983569871277827,118.32371067961184,36.17020671032472,0,0.01426355174119287,0.4555383669879802,0.87079977226594
CMP-0999,LOT_07,4.962167755046689,119.80462143825461,33.83526942199383,4.961621512933352,120.31857189509931,36.05042097336047,4.9642986920028065,120.81773013935178,36.19440303474497,5.006489534034182,121.75594341677503,38.6950082849332,0,-0.0005462421133373141,0.5139504568446966,2.215151551366638
CMP-1000,LOT_06,4.97863293226526,119.39516436030875,37.564817797829974,4.994960213294705,119.45131999603993,38.79222828564848,4.9962347423831615,120.22077154343692,39.79632352035856,4.980149358014249,120.58573508128767,40.960730467449764,0,0.016327281029445473,0.05615563573117299,1.2274104878185028
CMP-1001,LOT_05,5.074798297991086,120.8277779792286,35.0343476907117,5.096277973532969,121.77632612394655,36.49188306779574,5.10937106543509,122.40608528887722,37.41990494749487,5.116648341838435,123.85891153969973,37.8926403683426,0,0.021479675541882237,0.9485481447179467,1.4575353770840422
CMP-1002,LOT_04,4.993707152864971,117.03916165972255,34.71752338462024,4.998239394527432,117.65467712340609,35.76317349594953,4.992908991572713,118.595979497453,37.10824049818739,5.04996050516936,118.77315945544015,37.73458704132498,0,0.004532241662460912,0.6155154636835363,1.0456501113292873
CMP-1003,LOT_10,5.006502977735992,119.64864420135727,32.808448524215116,5.0177775327843825,120.06045082300861,33.68717244220596,5.033234306969132,120.9422107632046,34.062787396931974,5.031046368481795,120.67790947482871,35.02302797196677,0,0.011274555048390589,0.41180662165133697,0.8787239179908468
CMP-1004,LOT_05,4.99017748585924,121.171743313755,35.480668647177254,4.989608915868407,121.93057537853844,36.95287480041577,4.986091131109262,122.7978086461143,37.916344006713906,5.006479809809902,123.1096154007781,38.93225816391535,0,-0.0005685699908326569,0.7588320647834337,1.472206153238517
CMP-1005,LOT_05,4.98312869738639,115.94834648167723,35.79077381094789,4.9893921446025224,116.60393580360628,37.03161134208575,4.994177181435182,117.41083226092948,37.93403217300404,5.012665001550084,117.5348804602247,40.378455911877595,0,0.006263447216132256,0.6555893219290425,1.2408375311378634
CMP-1006,LOT_09,4.983866273127047,117.52532970984001,36.09009661598676,4.8047588228091636,124.58525854638737,41.314691667750985,4.5522234717835435,133.94376074962022,52.697970766905456,4.144668933308996,162.91429311978618,67.50418068839383,1,-0.17910745031788355,7.059928836547357,5.224595051764226
CMP-1007,LOT_04,5.064974647336024,119.95148716091356,37.39886173861681,5.070412468814892,119.97851079902733,38.35890586656356,5.106031916716053,120.63900129080946,38.90124425229464,5.096990492200587,121.4640732182536,40.290412715431984,0,0.005437821478867733,0.02702363811377495,0.9600441279467518
CMP-1008,LOT_02,4.974129102174025,122.0050214440895,36.1429058547227,4.977130827927045,122.42013339061995,37.65195517846238,4.989302646241109,123.02155490863814,37.633971501610205,5.010250801030287,123.56378181266123,39.60082716034946,0,0.003001725753019713,0.4151119465304589,1.5090493237396814
CMP-1009,LOT_04,4.970404874805826,119.51622893672177,34.30369523252256,5.002210170416259,120.1986030824905,34.81946077053671,5.042754610450172,120.5687460990596,35.63418845426885,5.040158514314885,120.21360881054169,36.62984009298393,0,0.03180529561043244,0.6823741457687191,0.5157655380141506
CMP-1010,LOT_06,5.010254003977207,120.74009936653088,34.88411095200147,5.019017530995417,121.45312564105798,36.03485391716849,5.029638906146197,121.99748681849603,37.7527984159336,5.042471010535099,122.19590138857512,36.50765464627964,0,0.008763527018210482,0.7130262745270954,1.1507429651670193
CMP-1011,LOT_01,4.994581157802292,118.88875708077953,35.52671596556871,4.998896077357209,119.20585922675244,36.83303788324742,5.029436994810379,119.37370894742847,37.75489581510133,4.980795984194133,119.46859016138886,38.36202522086568,0,0.004314919554916585,0.3171021459729104,1.3063219176787086
CMP-1012,LOT_07,4.961064698514726,118.3677990504689,35.05413092284167,4.971435534626225,118.71077275591797,37.047241706473294,4.977455084029494,119.2448482506434,37.64635193761807,5.000234965869248,120.32825153577004,40.37817266403695,0,0.01037083611149825,0.3429737054490687,1.9931107836316215
CMP-1013,LOT_06,5.0274840409775505,121.94907321892015,34.8621810909608,5.035613633244728,122.63621614806294,36.33952734398895,5.069099441702656,123.19578041469809,37.08607003017157,5.006416561644844,122.83058587906528,38.02412605984223,0,0.008129592267177799,0.6871429291427944,1.477346253028145
CMP-1014,LOT_09,5.040706528271662,117.37995807684209,34.24804350747457,4.867605203614738,127.78944424364099,39.335685383945105,4.531152845921266,146.59728657734553,52.83606608199872,4.080607518821326,166.6624742819146,57.74456808973264,1,-0.1731013246569244,10.4094861667989,5.087641876470535
CMP-1015,LOT_03,5.014300461657639,118.52488970955838,36.71135167761292,5.0244366558407885,118.84079023999595,37.48223775824208,5.0633647956502905,119.5401036078799,38.80646603602428,5.02360491644652,119.49637539390406,38.93709991353708,0,0.010136194183149705,0.31590053043757393,0.7708860806291611
CMP-1016,LOT_04,4.991299908445722,119.02101117748596,34.45389561124482,4.993359556578971,119.48504332010567,36.01050340316169,4.980662466305725,120.08898715019625,37.50054975060151,5.00969581460766,120.22060530553273,38.749888591922165,0,0.0020596481332493255,0.4640321426197147,1.5566077919168748
CMP-1017,LOT_03,4.948007794980714,116.25979805995144,34.772023602807806,4.945373844348044,116.75746395728561,36.32953841499816,4.983187675448239,117.28552274246857,37.63914633098596,4.973353097350176,117.56590715034808,36.789717331853446,0,-0.0026339506326698015,0.49766589733417277,1.5575148121903553
CMP-1018,LOT_10,4.947544890535944,122.76554182283554,35.80521144389338,4.947784762683471,123.32794149519934,37.87166697453604,4.9808195513964275,123.674127578359,38.3156765954437,4.969788923429792,124.24518463071442,40.83145688305022,0,0.00023987214752629882,0.5623996723637958,2.0664555306426635
CMP-1019,LOT_06,5.022933762771196,119.64181807826526,35.0556622040421,5.035423192913802,120.38156387932058,36.54455868581511,5.034177051803493,120.86398028901368,37.12029798938651,5.02178627353567,121.32687862552004,40.02036222786239,0,0.012489430142606395,0.7397458010553208,1.4888964817730113
CMP-1020,LOT_08,4.9987969103169965,119.88772370918065,35.43160320764648,4.999169660743057,120.10270159102066,35.74230437924917,5.029133667118029,120.30789579871211,36.29252328342258,5.061262312715316,120.73557376263243,38.01622405760991,0,0.00037275042606044195,0.21497788184001365,0.3107011716026875
CMP-1021,LOT_06,4.933421182147816,118.57329510459701,35.45354596437798,4.962711356721649,118.92099297286877,36.20673947232244,4.979004973042664,119.60689044107329,37.346866474473806,4.965784239424953,119.65496890440157,38.379140432164014,0,0.029290174573833205,0.34769786827176574,0.7531935079444594
CMP-1022,LOT_09,4.988075795894079,119.95539619983236,33.46110734429089,4.931237137488691,128.2639220941158,41.077739513626,4.605101214679049,140.8443637401243,51.01018268538261,4.332046469997132,177.06792641707628,67.42477524713108,1,-0.05683865840538793,8.308525894283434,7.616632169335112
CMP-1023,LOT_03,4.9548467911103184,122.12460400226998,37.610215656262156,4.958634050972593,122.75890065994258,38.70522812260296,4.966826116871427,123.81448836599608,39.278627299591584,5.003448303712943,123.94961231846361,40.69171666471111,0,0.0037872598622747944,0.634296657672607,1.0950124663408047
CMP-1024,LOT_07,5.0145067249211515,119.80714494017543,37.06916325947305,5.03699934745887,120.5475376044062,36.125261088663216,5.053601996844947,121.11117276232719,36.90782946162047,5.069194940138324,121.67781604065847,38.66750702252496,0,0.022492622537718887,0.7403926642307681,-0.9439021708098352
CMP-1025,LOT_06,5.038947209588641,121.08505318102968,35.74055785056029,4.946811274963319,131.12842875490065,41.57139977024086,4.780142981884443,143.7426962042782,53.845912927647134,4.162360605371038,164.30437705834288,64.00894608574092,1,-0.09213593462532188,10.043375573870975,5.830841919680566
CMP-1026,LOT_06,5.031867737033452,118.60750534110943,37.82327044050953,5.044395797686405,118.94874624809201,38.69002308439974,5.043686825806421,119.35701315452098,39.32569927645499,5.049372680312383,120.08377815388332,41.003002415125124,0,0.012528060652952533,0.34124090698257703,0.8667526438902087
CMP-1027,LOT_09,5.015547822607479,121.06384110223907,36.09532514294185,5.03105956642342,121.87838445738646,37.593859086407484,5.0812569893696535,123.30857861643635,37.514807792585124,5.007116793798703,122.8746888084631,39.99724503031174,0,0.015511743815941337,0.8145433551473928,1.498533943465631
CMP-1028,LOT_04,5.035179022302888,119.45951584920324,33.95907385487882,5.039750113704377,119.9194821753904,35.38083002690889,5.04244900325439,120.33279156451539,36.46593844893106,5.0557741857534735,121.4778374507131,36.64522504112084,0,0.004571091401489369,0.45996632618715694,1.4217561720300722
CMP-1029,LOT_10,5.02021442311324,118.27008101183317,37.01539310199114,5.049463791210942,118.64451016926503,38.759043438356734,5.023731808630932,119.46734384928044,39.13016205279253,5.088985244850385,119.1638721762867,40.7042534106553,0,0.02924936809770262,0.37442915743186234,1.7436503363655973
CMP-1030,LOT_01,4.989305965110896,123.65984805786088,34.83809330510989,5.020408981350155,124.08268554564232,36.5839756570133,5.006023592252463,124.49673282902886,37.11592066435062,5.071163093366097,125.17530993866036,36.9135091212953,0,0.031103016239258707,0.42283748778143604,1.7458823519034041
CMP-1031,LOT_08,5.046702514705609,121.61001496731255,34.54940085055832,5.051217416769433,122.25329261548256,34.98463930434234,5.068082451438688,122.86504801454363,35.64734450780895,5.079170976070347,123.3043397920199,37.38257490014757,0,0.004514902063823989,0.6432776481700131,0.4352384537840166
CMP-1032,LOT_09,5.030725099026435,122.05320265900454,35.48142713084667,5.046737257536351,122.53121879552259,36.92709341397819,5.057715964456048,122.68683641078621,38.13720149141982,5.034054332586195,123.67260866766678,38.61971513394061,0,0.01601215850991533,0.4780161365180504,1.4456662831315228
CMP-1033,LOT_10,4.9645355904591,121.02441202825567,35.085194948933,4.968362650944978,121.79204794226493,36.18758625408275,4.987824664946345,122.71702456111326,37.68767552197994,4.999958360022101,122.64071884176003,37.043823224052986,0,0.0038270604858778867,0.7676359140092615,1.1023913051497516
CMP-1034,LOT_01,5.05472921579087,120.70862963878658,29.833123925348154,4.948232323532193,130.57162794833806,35.381290634758685,4.787721647811436,140.93688696041212,45.393034860208154,4.175762029367027,168.13527680540852,59.90678405786239,1,-0.10649689225867665,9.862998309551486,5.5481667094105305
CMP-1035,LOT_10,5.015189693382449,122.62073779914611,36.87161280779208,4.901372904119545,127.22889278538553,40.8676843564764,4.678214054849013,135.28049525780358,50.914107531933745,4.231931596259534,154.28607224514917,66.49305451058368,1,-0.11381678926290384,4.608154986239413,3.99607154868432
CMP-1036,LOT_01,5.027120637059541,121.9757877618969,35.08243767450869,5.00667374545516,128.0950431570255,40.173330289667504,4.744457268058179,143.4314287962581,47.9958843174453,4.668141411456619,168.86497607250425,64.48347016920893,1,-0.02044689160438118,6.11925539512859,5.090892615158815
CMP-1037,LOT_10,4.996992532460922,121.0230706448672,35.450341482866,5.000751419117181,121.4942418131054,35.85818981071683,5.0181630214730895,122.22261643700946,37.15327041076949,5.0340823169806015,122.4301367448539,39.09976632677842,0,0.0037588866562590084,0.47117116823820027,0.4078483278508287
CMP-1038,LOT_09,5.069427315082855,122.9025734089407,34.811600517039665,5.0833061096517875,123.5574864456402,35.237029623272456,5.076401512066106,123.66769295184167,35.98297957901251,5.096639768467556,123.83965113149257,37.3565162054314,0,0.013878794568932484,0.6549130366994973,0.42542910623279084
CMP-1039,LOT_05,5.100648953956623,120.91290068082847,33.95505421795065,5.117116197730093,121.41476126549257,34.8349915910599,5.114192180912395,121.77549525372596,35.54609608542298,5.153198125573402,122.67027405569651,38.29545250540269,0,0.016467243773470308,0.5018605846641009,0.8799373731092501
CMP-1040,LOT_02,5.021214746228118,119.38753926905486,33.443805527229934,4.842720074135461,125.987861943531,35.60244530033223,4.5267248298724665,141.44205946110625,46.37134334146493,4.253570913966106,166.6743496848236,63.551398454895164,1,-0.1784946720926568,6.600322674476146,2.158639773102294
CMP-1041,LOT_04,4.993944202645531,116.45602094750286,34.37908919783496,5.016736822595362,117.0077468788824,34.66993415043817,5.06225126028312,117.13160432400886,35.348471859631566,5.015989102582318,117.4897458714256,36.30821325785005,0,0.02279261994983095,0.5517259313795364,0.29084495260321575
CMP-1042,LOT_04,5.06452657226098,119.22766365593507,33.48478466872261,5.079312965427578,119.82925637172092,34.604972836499336,5.093449062621179,120.29548643781781,35.454048263777274,5.0956799428551065,121.36437823523947,38.38774043706404,0,0.014786393166597911,0.6015927157858414,1.1201881677767247
CMP-1043,LOT_03,5.012793068284504,118.68415639803342,36.14746755665723,5.027204832375315,119.10006235642489,37.59850096617847,5.037489678900496,119.30904536488258,38.57430318888995,5.051944682443302,120.58027142948019,40.26373852623835,0,0.014411764090811019,0.4159059583914626,1.4510334095212372
CMP-1044,LOT_01,4.976395653179323,120.0034875001156,35.54496331950298,4.991233196956974,120.56376994174282,36.499582347767095,5.016185452257322,120.86147937351484,38.539284073844506,5.026494604560049,121.00002724015782,38.647765812516226,0,0.014837543777650453,0.5602824416272227,0.954619028264112
CMP-1045,LOT_02,4.925242797621165,117.9218721168022,35.813139416518325,4.917696632895481,118.132003202433,37.081556789985285,4.924358394642779,118.42326908555155,37.63419071632402,4.908280356638595,119.37422991766047,38.43632194597133,0,-0.007546164725683369,0.21013108563079186,1.26841737346696
CMP-1046,LOT_07,5.017339256829359,119.48674492909157,33.94302003554849,5.00744487258212,120.06023009826514,34.98251651935269,5.009684060716869,120.24901036662509,35.788897758679454,5.037054307792635,121.10910953892729,38.292968935746416,0,-0.00989438424723943,0.5734851691735656,1.0394964838042
CMP-1047,LOT_03,5.036913937804828,120.09732455678216,35.06778913178398,5.059877575777938,120.41771298115405,36.07944395581146,5.087723225817682,121.01041014860652,36.69491746312708,5.045754380470455,120.2825395100572,39.74038890762006,0,0.02296363797311063,0.32038842437189885,1.011654824027481
CMP-1048,LOT_10,4.970796343045687,120.69891377825968,33.578488792544974,4.977484330271724,121.01072569966108,33.87185200026272,4.955909556084156,121.03142848199244,35.18249588223145,4.977746691047524,122.27817175556252,36.637169912138894,0,0.006687987226037251,0.3118119214014001,0.2933632077177464
CMP-1049,LOT_02,5.006651146026384,119.16675926695177,36.80586389308495,4.950477839733608,130.0663829276937,39.5785190409246,4.656980624063309,139.57255197243697,47.10622896983586,4.343246877151328,160.1695276772045,65.13519013763172,1,-0.05617330629277539,10.899623660741923,2.77265514783965
CMP-1050,LOT_09,4.9256296830773385,117.79271838455408,35.585711964968326,4.927404206212704,118.3410435129909,36.09634828359508,4.911241204301944,119.26835756195729,37.095443239239565,4.940729188987942,119.08036265215009,39.26826857885526,0,0.0017745231353654134,0.5483251284368151,0.5106363186267515
CMP-1051,LOT_09,4.97081536612554,120.10133308035915,35.6032983739948,4.9753146750324015,120.58222665855843,36.31149320405317,4.991300562994935,120.68580840940325,37.3974782136767,5.00152893906726,121.48057239430476,38.671106920574836,0,0.0044993089068618985,0.4808935781992716,0.7081948300583747
CMP-1052,LOT_07,4.966493462933635,121.08745230957736,35.88052100773156,4.971420760545545,121.46884185112874,36.78903426585133,4.973140675753335,122.42637758409343,37.74727212294843,4.991712765216489,122.00247936428423,39.38022582348064,0,0.004927297611909687,0.3813895415513855,0.9085132581197684
CMP-1053,LOT_04,5.03863073315383,120.7746454419838,31.244828586296663,5.0470530255161865,121.29974936609332,32.07503050840608,5.059458480501534,121.25684296522061,31.459520208735718,5.047543660748781,122.4408729269769,31.495065525589368,0,0.00842229236235692,0.5251039241095299,0.830201922109417
CMP-1054,LOT_09,4.903861951540031,119.5147516549373,37.936848886933774,4.91169019159339,119.99325108587112,39.35646435732789,4.922009789960549,120.42875355481432,40.61978731940039,4.941127934603626,121.13756396665435,41.24544023527392,0,0.007828240053359359,0.4784994309338231,1.4196154703941133
CMP-1055,LOT_10,4.983176869006042,122.46250575871203,33.429280450566075,5.007514708551099,123.0569137753297,33.94501298904007,5.025149388069384,123.36182290583452,34.76172701621381,5.017782165808194,123.99045769326317,36.69815762408797,0,0.024337839545057527,0.5944080166176775,0.5157325384739977
CMP-1056,LOT_06,4.943731730411546,117.86380711668312,35.406163415398,4.957163601680504,118.2289181208057,37.20182115688902,4.979366025739548,118.54124521119026,37.64069349898102,4.972607337406239,119.06299091526863,40.20674715187444,0,0.013431871268958062,0.365111004122582,1.79565774149102
CMP-1057,LOT_10,5.033895278044461,121.64595045268909,35.0873910923998,5.047921464838152,122.26478796350754,36.33119395422424,5.046239407411015,122.56147503630372,36.98689662338121,5.0537881792572135,122.52823767718972,38.87195552298347,0,0.014026186793691053,0.6188375108184516,1.2438028618244417
CMP-1058,LOT_07,4.933031671185373,119.51816657654493,34.723571274121056,4.79212889261087,125.35432167924961,38.69257992012944,4.457330687524447,142.10609236397923,49.441720896537724,4.159315223611289,149.6870469421002,57.73052172875218,1,-0.14090277857450317,5.83615510270468,3.9690086460083833
CMP-1059,LOT_10,5.043829079136637,114.97568418773724,37.090566723225976,5.033400385731266,115.9629631153442,37.8956828084874,5.062756131642861,116.78820992236746,38.47743826283519,5.046205401367514,116.54438363377805,40.525578941642834,0,-0.010428693405371448,0.9872789276069511,0.8051160852614245
CMP-1060,LOT_10,4.9590508235974635,121.0745520239123,33.65423533789138,4.965761000679944,121.59597319688675,34.33302059326074,4.968387770466145,122.55646815722858,35.03090299311817,4.978568461484271,122.50841062785238,36.69658458406,0,0.006710177082480229,0.521421172974442,0.6787852553693625
CMP-1061,LOT_07,5.012791009502962,116.42268923185176,37.69138340511314,5.037399145110594,116.7625766453028,38.1301701362645,5.050819917565973,116.83481765895341,39.61231161311563,5.048030070395547,118.57348010945721,39.47064743995549,0,0.02460813560763242,0.3398874134510379,0.43878673115136024
CMP-1062,LOT_02,5.0633606303288685,119.35352104072234,35.40813761476361,4.967993568110769,126.24142613905401,39.51552897894207,4.654488185627958,139.12230276833782,46.81210123217232,4.362567331731225,161.91973323086256,69.2431115206801,1,-0.09536706221809954,6.887905098331672,4.107391364178461
CMP-1063,LOT_04,5.026346150926875,120.27358351216459,35.41795964047073,5.02203276144455,120.61460911397198,37.28962470446635,5.041907970732334,120.8855298166836,37.47621704042473,5.031718879265659,121.45689379036054,40.928941533143714,0,-0.0043133894823244034,0.34102560180738806,1.8716650639956214
CMP-1064,LOT_08,4.940522410793349,119.88279527277983,35.396507702567,4.937716945017476,120.46322837967035,37.000965678702784,4.949797014266237,120.72410883411546,37.53653045991771,4.924540225484239,121.39631076261908,39.24958964416671,0,-0.0028054657758733725,0.5804331068905242,1.6044579761357838
CMP-1065,LOT_04,5.039613974772557,116.41444532210312,32.34160616223866,5.039773736745519,117.22908240345498,33.78706701751484,5.0741294196788935,117.7321451894238,34.482322353533704,5.034823547024307,118.40392436591338,35.63013248398123,0,0.00015976197296208028,0.8146370813518615,1.4454608552761812
CMP-1066,LOT_06,5.080902542052642,119.74730879427088,36.99647216607153,4.851498808995511,133.12353325999672,42.436566473438475,4.692943592375387,147.5941727823611,52.58285229345882,4.075237503536867,155.77474015973513,66.08754719746673,1,-0.22940373305713102,13.37622446572584,5.440094307366948
CMP-1067,LOT_05,4.9942253026157335,122.78626019169907,36.05400227741762,5.0035210669211025,123.4074757834406,36.03067573851927,5.0042914023166265,123.99382208593627,37.388358489465496,5.0275164536142185,125.13659528342943,38.725027624939486,0,0.009295764305369048,0.6212155917415316,-0.02332653889834546
CMP-1068,LOT_08,4.992998467702312,120.81684337247714,34.327046670715454,5.018311369481477,121.09509814561868,35.48509989592765,5.039343071685553,121.50106404878035,36.01570022960302,5.036789743552477,122.50109740201127,37.085221497905366,0,0.025312901779165564,0.27825477314154057,1.1580532252121927
CMP-1069,LOT_09,5.019964823646779,122.01571486097903,36.13899759690116,5.051763716729599,122.73870926810034,36.776957815963755,5.068817736238072,123.07146265178727,37.34989473404484,5.043513708717293,123.59565267716707,39.21298524679151,0,0.03179889308281947,0.7229944071213055,0.6379602190625917
CMP-1070,LOT_04,4.945031579837566,116.95396133506337,38.16776890322085,4.9582831873679805,117.28914750114339,39.39866063307229,5.001120978535072,117.97528620903717,38.80512669855802,5.0313290211277195,117.3645242609982,41.233851076770826,0,0.013251607530414766,0.33518616608002105,1.230891729851436
CMP-1071,LOT_08,5.014220484249132,115.85795298240278,34.86463162176562,5.035693908476546,116.18930491748527,35.16948909179454,5.043604331944209,116.58780247046987,35.6718752566273,5.031926986954193,117.44889720807834,37.645699900947925,0,0.021473424227413496,0.3313519350824947,0.30485747002892083
CMP-1072,LOT_08,4.953637317769812,120.27298398801145,33.5525425128685,4.96542393759678,121.06659329373466,34.52263117225434,4.957219692085191,121.68422434293117,35.23380380749453,4.982420796846954,122.30425473017405,37.075461094477006,0,0.01178661982696827,0.7936093057232085,0.9700886593858442
CMP-1073,LOT_09,5.0160290596542145,124.12708298094678,36.800830998360944,5.034364520834866,124.65332417012281,37.29795938041346,5.061275316623876,125.19661241413822,37.809374873501895,5.049501711763112,125.17023288700373,40.14382261480215,0,0.018335461180651436,0.5262411891760337,0.49712838205251586
CMP-1074,LOT_04,5.009081623076417,119.91442885274947,33.978996684125235,4.752577990888491,125.08857505942933,38.8650286748463,4.618928788463347,138.07524711094035,52.63865963202606,4.008210346623995,160.0389071565923,62.234532082897495,1,-0.2565036321879264,5.174146206679865,4.886031990721065
CMP-1075,LOT_01,4.991128620307731,122.18437265766883,35.158830623123265,5.0024643094533126,122.35340403466725,35.70887726851789,5.028903593558776,122.2308013555881,37.180373594733204,5.032457599232397,122.97964337048538,37.043238087392055,0,0.011335689145581362,0.16903137699841864,0.5500466453946231
CMP-1076,LOT_08,5.070570290323971,119.76111845691301,35.20188759417857,5.074108476714868,120.28807525247824,35.864935749893924,5.082930331352256,121.33117406640766,36.61712872661871,5.0731480390893955,120.60488922848575,37.96662995578551,0,0.003538186390897202,0.5269567955652263,0.6630481557153516
CMP-1077,LOT_02,4.919024845343572,121.38050026915177,33.40975269231049,4.929487817936345,121.81283962566377,35.268947173449924,4.9420601555377885,122.89648121009814,36.34931837348113,4.9779959363825945,122.7084405224523,37.545349613042184,0,0.010462972592772957,0.43233935651200284,1.8591944811394328
CMP-1078,LOT_10,5.045247997429202,121.06198655636913,34.50809775081841,5.053660232491135,121.78951894668981,36.181053375184476,5.05476729155194,122.06639125438332,36.528986481049365,5.090254244805737,122.32478143565855,38.835136100001876,0,0.00841223506193245,0.7275323903206754,1.6729556243660682
CMP-1079,LOT_07,5.078192965692564,117.07548218379755,37.48929889963784,5.091381824335019,117.1607889124658,39.285238717548644,5.115965011898319,117.53232540744189,39.602878434927945,5.080000489458252,119.368511993371,40.54653321821917,0,0.013188858642455337,0.08530672866825739,1.7959398179108064
CMP-1080,LOT_01,5.013395956217508,116.72421306647777,33.52767740233317,5.033345648159113,117.31705518544165,34.33449242246348,5.043620248253084,117.68431402638164,35.10349351777896,5.0381094205079195,118.02693552567793,35.84594991242713,0,0.019949691941604897,0.5928421189638726,0.8068150201303084
CMP-1081,LOT_06,5.038505869600653,118.1352734632181,33.208409311186145,5.046933103169346,119.06633098287601,33.694556709337874,5.054514737323785,119.5929471069913,34.4402356223153,5.057768905684957,120.64387096897529,36.058123607692636,0,0.00842723356869346,0.9310575196579123,0.48614739815172925
CMP-1082,LOT_10,5.029468997483317,121.78789664361197,37.37660874946109,5.0527794371512,122.75285743553115,38.985279390164685,5.052737735503287,123.50705104807291,40.14049697965698,5.111185335255843,123.26927817719302,41.431640255279035,0,0.023310439667882932,0.9649607919191823,1.6086706407035933
CMP-1083,LOT_04,4.989262666770014,120.95893760838177,32.884492720877866,5.007194931585573,121.500149511419,33.96058916176382,5.046448356083284,121.88540449193864,34.93172187414981,5.029200345566358,122.59916909153937,37.73803228547804,0,0.017932264815558874,0.5412119030372224,1.076096440885955
CMP-1084,LOT_07,4.971636010025587,123.74180559089444,34.538466851841555,4.965584228553496,124.09363684960867,34.91517310482013,4.94858474655878,124.48473234829824,35.68006512218341,5.009194786856074,125.4083376556397,37.38224055132306,0,-0.006051781472090845,0.3518312587142276,0.37670625297857185
CMP-1085,LOT_05,5.069561641819937,120.78914178309232,35.63377630444689,5.066914718822937,121.50002894461339,37.5241915788276,5.08175900480864,121.82172176110315,38.24319415083367,5.078506304522685,122.31980411803325,40.042578029782845,0,-0.0026469229970000896,0.7108871615210717,1.8904152743807074
CMP-1086,LOT_05,5.050196830298568,120.74180508955644,33.70386803903273,5.055189910060075,121.12923687499887,34.6106330007235,5.092110615431293,122.21570675249316,35.8289336009468,5.077565185996747,121.44841076524666,36.78663964530757,0,0.004993079761506536,0.3874317854424305,0.9067649616907758
CMP-1087,LOT_01,4.9196947155104755,120.76896866666023,33.68864093352445,4.929599563655641,121.40218230472244,35.199625277915494,4.938689210641667,122.1305472697769,35.66839022860945,4.954510331351106,122.90328601194138,37.46530486042749,0,0.009904848145165346,0.633213638062216,1.5109843443910478
CMP-1088,LOT_04,4.986047881621828,122.03131212509588,33.362233074607765,4.986604730281754,122.65162987705823,34.14266127733686,4.974808857336509,123.5568754771708,34.392861133396906,5.002616130015361,123.34186955521467,35.90451448890469,0,0.0005568486599258904,0.6203177519623466,0.7804282027290981
CMP-1089,LOT_05,5.0055411762153454,121.96730719042178,34.086247682687414,5.036871393914837,122.08637743332099,34.29368022872627,5.073167666630583,122.7285899335549,35.2643732702543,5.065496900061198,123.37198106839621,36.53349440507343,0,0.03133021769949185,0.11907024289921253,0.2074325460388522
CMP-1090,LOT_08,5.030055689071535,118.0681910167498,36.22728635760919,5.0466624711869175,118.85387724609775,38.109406896059774,5.061619612381566,118.98561254080809,39.795668361660844,5.046299472486859,120.02285934293394,39.90401975492309,0,0.01660678211538258,0.7856862293479594,1.882120538450586
CMP-1091,LOT_07,5.012222979963398,121.02648298253627,33.776470564754945,5.020482230309652,121.37257598656812,34.67693477076621,5.028700796936641,122.42586723852956,35.34724051353184,4.997970263819039,123.07012175522851,37.03634226998703,0,0.008259250346253744,0.3460930040318573,0.9004642060112644
CMP-1092,LOT_05,4.978139231656945,118.10614868788623,37.90707214562974,4.988657680543545,118.25859845918994,39.07094216227236,5.016750256074068,118.80552885969598,39.420145426174706,4.988836194823052,118.79993899533032,42.28826855990992,0,0.01051844888660014,0.15244977130370785,1.163870016642619
CMP-1093,LOT_02,5.0192066962922235,120.28207357114711,34.326656799675,5.019002628731335,120.56929459119253,35.86997370740817,5.0327153215684115,121.21288769059106,36.79235311219823,5.045556402829571,121.33509725947842,37.70531022382355,0,-0.00020406756088853228,0.28722102004542194,1.5433169077331712
CMP-1094,LOT_01,5.070729508390956,117.55581602448049,34.68761175033833,5.089122361980893,118.43223197092364,36.5785915410037,5.0871859947566955,119.31474580638539,37.40790969205721,5.130010694758408,119.82637131133428,37.567420306951895,0,0.01839285358993692,0.8764159464431458,1.8909797906653765
CMP-1095,LOT_07,4.998992237248609,119.50736714538675,32.64250413234037,5.015828412414118,120.04911681894953,33.181412174985326,5.020940812460972,120.59546779368786,33.702094280458994,5.0358819549643155,120.1741504953478,36.26094953246689,0,0.01683617516550928,0.5417496735627765,0.5389080426449553
CMP-1096,LOT_06,4.945032324675484,115.08058230322463,36.543702411550086,4.96061324020272,115.62271944591843,37.97552641218239,4.983526716147171,116.1810508669345,38.64841930355348,4.972270408230415,116.83319045787104,41.09315151208587,0,0.015580915527236172,0.5421371426938038,1.4318240006323038
CMP-1097,LOT_02,5.01865762367262,120.76138193703332,38.60766420098596,5.045184405834805,121.59710378591096,39.20885737180253,5.088067143367149,122.07243874767498,39.89511178192578,5.0219994375665395,122.76024919818786,40.34217420532042,0,0.026526782162184404,0.8357218488776397,0.6011931708165719
CMP-1098,LOT_07,4.941921743338115,123.5953996755896,35.827360944315096,4.974720459095611,123.8907948692911,37.60195056666908,4.957679772840119,124.4532175122334,38.086139006698104,4.985761328390604,124.63254666033669,38.87017761838802,0,0.0327987157574956,0.2953951937014949,1.7745896223539859
CMP-1099,LOT_07,5.005801419864343,122.32738871325203,35.443025594931584,5.027466821877287,122.53175333886061,36.22654089207721,5.048131895664333,123.13471056559801,36.59595333474762,5.066148199720605,123.26611674788437,37.604650042962234,0,0.021665402012943424,0.2043646256085765,0.7835152971456267
CMP-1100,LOT_05,5.000308468266712,118.95417532994279,34.16469721212934,4.999610500268645,119.37502568073101,35.71470192987306,5.013278757213468,120.16260390496421,36.77273619871041,5.007365576129208,119.55045504333889,36.973218438110024,0,-0.000697967998067206,0.4208503507882284,1.5500047177437182
CMP-1101,LOT_04,5.049050996342986,121.94117693369941,38.31781946041497,5.0514137846310625,122.7606665949123,40.11345306324703,5.057929828260479,123.40273321399437,41.53381968781763,5.070235292177817,123.69247070630497,41.61158312635307,0,0.002362788288076345,0.8194896612128844,1.795633602832062
CMP-1102,LOT_10,5.003523580824424,118.58026134509315,33.38697706457476,5.017745497325866,118.78999889692894,34.79001701021507,5.034999487054774,119.16994093341977,35.558361883792834,5.013941075442782,120.16516819861162,36.93990840305608,0,0.014221916501442777,0.20973755183578646,1.4030399456403089
CMP-1103,LOT_10,4.967879229305414,116.96188345015813,36.43597756236895,4.852315149986034,123.89116584361625,43.04964286106401,4.45895357738874,137.4561789865682,49.40413837425733,4.142602575080797,150.52998194532208,60.693224996019374,1,-0.11556407931937951,6.929282393458124,6.613665298695061
CMP-1104,LOT_03,4.963577729392932,118.80734429398129,34.074633352822524,4.786991189578498,126.78489060580803,38.15455809099489,4.658776165974454,136.5894725956658,49.463140685716,4.437923392639868,157.9078191443859,62.52284154918544,1,-0.1765865398144335,7.9775463118267425,4.079924738172366
CMP-1105,LOT_07,4.979415799557717,119.20987877297627,33.61805327580515,4.980317585305322,119.7097575830213,34.62840126792833,4.966282256301205,120.89780918001905,35.298642839346805,5.001629830849666,120.39663886631458,36.41479363665486,0,0.0009017857476045776,0.49987881004503265,1.0103479921231795
CMP-1106,LOT_08,4.999853478708737,119.97082017914377,36.2072995228116,5.012125678079725,120.61167678322367,37.20239411190889,5.0255944664063135,121.03928507841869,38.50394997907771,5.038578126670044,121.53263935596722,39.05206600426783,0,0.012272199370987558,0.6408566040799002,0.9950945890972847
CMP-1107,LOT_08,4.9971819449390535,118.88231668957728,36.14735083290239,5.015462704864535,119.73908805715743,36.845535977580006,5.035459285741816,119.66634686227263,38.06005751009095,5.006331062564391,120.24692250537129,39.11131624079266,0,0.018280759925481505,0.8567713675801514,0.6981851446776162
CMP-1108,LOT_09,4.962082324499854,119.03036795500331,36.09443898787779,4.962753420535677,119.51953698215881,36.90511084560812,4.985051782105612,120.27391350838367,36.78746994689006,5.003655608910963,120.2141590289294,39.09414460448546,0,0.0006710960358224938,0.4891690271554978,0.810671857730334
CMP-1109,LOT_03,5.127567447681055,120.25433112257006,34.31022842353047,5.1352458353343,120.46052513112247,36.034710066612696,5.149939081948249,120.64585575923311,36.32655092154832,5.155551482917276,121.92652282779171,37.11391813962312,0,0.007678387653244911,0.20619400855240144,1.7244816430822283
CMP-1110,LOT_04,4.995418322402155,118.13951322998581,34.298464360140535,5.022903861173452,118.36187056267674,34.93251788216746,5.0471926149429756,118.92680767571284,35.336897473038434,5.062199725900748,119.86801842926133,37.19763041698192,0,0.027485538771297335,0.22235733269093316,0.6340535220269246
CMP-1111,LOT_02,5.01423380326492,117.37614187757325,36.99167732169967,5.041235894151678,117.82895090760519,38.16972956791507,5.069022924794418,118.91561915917549,39.74822023566042,5.026525143884503,118.67117406344143,40.57028016910164,0,0.02700209088675809,0.4528090300319434,1.178052246215401
CMP-1112,LOT_02,5.0891383372520185,123.25875034560526,33.77610478811191,5.097514337052961,123.60883951836733,34.67854056605882,5.1041328518129605,124.39511689279139,35.034308234191904,5.065179344953846,123.80656797724993,35.855899275893435,0,0.008375999800942502,0.3500891727620683,0.9024357779469128
CMP-1113,LOT_08,5.024289795824752,117.84041218894228,33.1833491146101,5.024995321648231,118.11728138871032,33.90610224246228,5.026036010709805,118.82399843380247,34.21133754992747,5.037843389081636,118.84477004875194,36.55321022329234,0,0.0007055258234789363,0.2768691997680435,0.7227531278521795
CMP-1114,LOT_06,5.05253483616996,117.69525964799038,34.92595008734777,5.05677592599966,117.95005042841326,35.892194566855245,5.092769842373189,118.19417778753542,36.62846707593636,5.0505312936078095,118.22043654246126,37.262392703380925,0,0.004241089829700506,0.25479078042287995,0.9662444795074734
CMP-1115,LOT_08,4.988698749246039,116.70333471859325,34.061080682739544,5.003716333980075,116.93168570401434,34.883507835317005,5.0181089903791465,117.19700562740724,35.85427003339743,4.993293808392375,118.37591049048045,37.176148421791964,0,0.015017584734036582,0.22835098542108767,0.8224271525774611
CMP-1116,LOT_06,5.0562409013152925,119.34130188152677,34.07321583130713,4.974868115520155,131.02283348599636,39.03305927213049,4.60970854853571,147.21655718978943,53.10899511069974,4.270835437557503,168.03476084782807,58.4915557723926,1,-0.0813727857951374,11.681531604469583,4.959843440823356
CMP-1117,LOT_06,4.9391565703303115,118.02069470714319,34.02137461340545,4.9584417688383375,118.71296633960586,35.396331072566255,4.975043429387322,119.33681423175278,36.33511129734367,4.98659370994677,119.95064763143796,36.272793339984354,0,0.019285198508026014,0.6922716324626634,1.3749564591608063
CMP-1118,LOT_03,4.948553918775898,122.21429001530802,37.48115015537542,4.936863439571776,123.02725293768236,38.52451084214118,4.9620542368591565,123.67919308405783,40.044708368941144,4.961058288238926,123.3455257082759,40.439970935122616,0,-0.011690479204121473,0.8129629223743393,1.0433606867657659
CMP-1119,LOT_09,5.032886586107634,119.86860522271911,34.10673602132769,5.032026802274519,120.29024214621245,35.209021846177855,5.01263592521068,120.55621922299794,35.010675823790656,5.039685305194958,121.88889951335607,36.260128740794784,0,-0.0008597838331150243,0.42163692349333814,1.1022858248501635
CMP-1120,LOT_10,5.142441256365616,122.90707626251469,35.20027007058682,5.161025600923581,123.13313970202734,35.41356274388154,5.171456072559772,123.75272287106786,36.760764886006164,5.169650358095554,124.22983744420816,37.54085198912392,0,0.018584344557964982,0.22606343951264307,0.213292673294724
CMP-1121,LOT_08,4.957264774868022,120.55941481676993,35.29257497029262,4.962864657208462,121.19256966997465,36.806490764508766,4.983025301648094,121.37983667395643,37.65631364793976,4.964636025951193,122.24084704312456,38.08046140689284,0,0.0055998823404399545,0.6331548532047151,1.513915794216146
CMP-1122,LOT_04,5.039166573450992,122.30597861068478,36.577583135293246,5.046460576335256,122.72085666197928,38.448445049643325,5.053983781582669,122.81448246923769,39.75217841647624,5.06933608970053,124.47382872396878,40.642820792028004,0,0.007294002884263406,0.41487805129450805,1.8708619143500798
CMP-1123,LOT_02,5.076306040438735,116.92306730992603,34.121956543095486,5.077432410720183,116.98405135421137,35.55854475710379,5.079071134510439,117.75566176670534,36.55308800272109,5.109575260052737,117.75635161379105,36.94714624191575,0,0.0011263702814483523,0.060984044285348205,1.436588214008303
CMP-1124,LOT_09,5.045958409165409,119.89923598903252,33.94709551605156,5.043968228251425,120.44006859209729,34.670061748587294,5.052892119440579,120.86843495742269,35.24784626124502,5.069844299466616,121.71732063416934,38.24228490430792,0,-0.001990180913983508,0.5408326030647714,0.7229662325357324
CMP-1125,LOT_07,4.959069981429913,116.79811045854595,34.978354616419765,4.851971343637368,126.2004338948648,42.795426974909624,4.569555338663722,138.42456808959486,56.86273107089584,4.198196325233259,147.9833408402566,71.22744863254934,1,-0.1070986377925447,9.402323436318852,7.81707235848986
CMP-1126,LOT_04,5.049955457515768,120.86055073686143,32.790762352295474,5.058525194817939,121.03702170269125,34.11529329257492,5.0894947484417,121.16458611392555,34.57956141230871,5.060877808395496,121.81006906672208,36.445231819134015,0,0.008569737302170921,0.17647096582982158,1.3245309402794447
CMP-1127,LOT_05,5.053268988503799,122.20351852265856,33.322728356945525,5.0771282779485265,122.9967329796338,35.09906832256411,5.084761055652761,123.27118023764072,35.406947726824065,5.07509268021703,124.00257818296623,37.77734980775645,0,0.023859289444727594,0.7932144569752495,1.7763399656185825
CMP-1128,LOT_10,4.975722144181883,119.92262346583942,34.84371866989783,4.979369341683231,120.56977337179154,36.02514279320945,4.991496689310026,121.17726500355032,37.13286841718819,5.011478082065839,121.15052839373061,38.742205632203806,0,0.0036471975013485647,0.6471499059521193,1.181424123311615
CMP-1129,LOT_09,5.0117114845723085,120.68895495345011,36.62267550074618,5.011249928287457,121.45395182418095,37.6342586789011,5.013657629526228,121.7929243942238,37.93357479972981,4.996431630612322,122.79265176436056,41.21896779923867,0,-0.00046155628485156086,0.7649968707308403,1.0115831781549147
CMP-1130,LOT_08,4.952478604203482,121.50316637829067,34.93154463699287,4.9708227966262335,121.9828222736609,35.641230887359676,4.977435164966137,121.76819544698411,35.86948871453544,5.009788384110608,123.57877219575032,38.76616373143353,0,0.018344192422751426,0.4796558953702288,0.7096862503668078
CMP-1131,LOT_04,4.968249673540643,122.64931135309726,37.434581358025326,4.9918761509707155,123.1020608601433,37.781293424738045,5.001266677121338,123.60650296561238,39.36407583478377,5.01643197697316,124.11040144958368,39.840089543252816,0,0.023626477430072512,0.4527495070460361,0.34671206671271904
CMP-1132,LOT_10,5.031322004303078,118.55092513196401,33.41356940806165,5.055027589517125,118.72271687307688,35.232443137664035,5.036367409058319,119.04735453322758,36.51837012295576,5.07503442729869,119.06447847119595,37.57358566096483,0,0.023705585214046643,0.17179174111286954,1.8188737296023874
CMP-1133,LOT_06,4.968803885460854,119.9307880009388,34.12711758207147,5.003149212149346,120.38278457057545,34.940239105161915,5.005024669967029,121.41586982342692,34.92070566621413,5.030337860587334,121.26313958463724,35.80151902144831,0,0.03434532668849144,0.45199656963664836,0.8131215230904445
CMP-1134,LOT_02,5.015847699695292,118.27121356068783,35.38934589233006,5.043139231982155,118.8053336961313,35.66258965306781,5.040437288054452,119.21971197450772,36.28647209357048,5.066179508884474,119.96155516717033,39.0470120171629,0,0.02729153228686343,0.534120135443473,0.27324376073774914
CMP-1135,LOT_03,5.057690306512429,122.52604915356204,35.34866464100895,5.065226362560339,123.15055843407185,36.243124734169186,5.044390728628676,123.8196007189636,37.48925047265647,5.114048107167926,123.78517921259557,38.424056986858204,0,0.0075360560479103,0.6245092805098125,0.8944600931602338
CMP-1136,LOT_08,5.00426912798519,120.22971207657243,35.05570402306545,5.0163866220010185,120.87784828337149,36.66584778535761,5.015041635690614,121.32615787693504,37.25454372541378,5.025073174857018,121.06983257571848,38.68522575003998,0,0.012117494015828179,0.6481362067990659,1.6101437622921608
CMP-1137,LOT_05,4.999552105180146,120.83687385581827,37.116679542745445,5.005354459884916,121.10255143295149,38.07145946924864,5.043607878835465,121.25428126542297,39.19652731703878,5.048512724470618,120.91978432325436,40.399637488135426,0,0.005802354704769641,0.2656775771332178,0.9547799265031927
CMP-1138,LOT_09,4.986633239931007,118.70712287782057,34.114006471214026,4.99334755497225,119.14670367148301,34.868617949835645,4.998180426182014,120.003941218637,35.061403560378075,4.978366386506819,120.75009622510017,36.71500374236318,0,0.006714315041243424,0.4395807936624436,0.7546114786216194
CMP-1139,LOT_09,5.010463835038957,118.95189754576327,35.75889669147095,5.010841209300867,119.39153231019344,35.65154856382858,5.038424766323824,119.83870600122555,36.78660060969715,5.040372700986192,120.6664392003791,37.6453281409691,0,0.0003773742619106457,0.439634764430167,-0.10734812764237489
CMP-1140,LOT_01,4.9519357793694025,117.65764288754053,34.848341099742115,4.955138015565445,118.44273572219042,36.03591331439567,4.954390794713636,118.86127359063875,36.90241660538972,4.973777956442467,119.57860873865755,38.09083694996552,0,0.0032022361960422074,0.7850928346498875,1.1875722146535566
CMP-1141,LOT_04,4.9813195477554,121.12098541019671,34.45644644815463,5.0036851888894525,121.61160807033693,36.13504448028062,5.030963740478417,122.42699412988927,36.33328866317712,5.024028002248916,123.22299481407808,38.35292026008705,0,0.02236564113405226,0.49062266014021816,1.67859803212599
CMP-1142,LOT_07,4.930605634744219,123.83757986121613,33.81293839615188,4.920661383326717,124.26735471365112,33.58919647039134,4.91438450615485,125.53490826358245,34.199176081639735,4.9121056399671215,125.28000365693417,34.87095347436576,0,-0.009944251417501881,0.4297748524349885,-0.2237419257605353
CMP-1143,LOT_03,5.013536685506758,117.70588192625509,38.89854221718583,5.028572922707031,118.1767807667586,39.752063091870184,5.030268922958291,118.44850672281635,40.15786472877959,5.08213949971627,118.90047378789798,40.04852796655945,0,0.015036237200273028,0.4708988405035086,0.8535208746843566
CMP-1144,LOT_03,5.046386230999957,119.49535188681733,34.798877599795446,5.068084375514148,119.83991856898287,36.1150864608609,5.068066128267334,120.51268156000857,36.71951883547607,5.083253392017034,121.2499853977385,38.7135063070069,0,0.02169814451419061,0.3445666821655351,1.316208861065455
CMP-1145,LOT_08,5.079957379224083,121.17866162299593,34.41328728701317,5.083426535591185,121.88364112438435,35.47098733003975,5.090973240664294,122.41813367705313,36.43988576735824,5.10229275264257,123.48548455780585,38.47845811100934,0,0.0034691563671023218,0.7049795013884221,1.0577000430265784
CMP-1146,LOT_03,5.068735949524782,120.01699353627644,36.03549650750692,5.088780512713501,120.72080119227977,37.493496081376094,5.108248350624726,121.80793962697119,38.02364818874335,5.105676096962297,121.6135459539547,39.19904236556505,0,0.020044563188719167,0.7038076560033204,1.4579995738691736
CMP-1147,LOT_01,4.948697977047686,120.3396298174922,32.86720823348767,4.964905134354884,120.68255061030416,33.299227271433146,4.9778202863221095,120.97233023615938,33.81214772338996,4.988340926658876,122.08254533712137,34.644506881135776,0,0.01620715730719713,0.34292079281196663,0.4320190379454729
CMP-1148,LOT_05,5.001174183334114,121.07850516051616,37.194132787790934,5.000460887351177,121.51491174026208,38.78202580032856,5.040057305393257,121.71698444046945,39.21261984042523,5.028082889243374,122.22604016916553,40.1746403967206,0,-0.0007132959829370122,0.43640657974592045,1.5878930125376272
CMP-1149,LOT_10,4.934525885245031,122.99666821555903,34.13784617212567,4.947983804457613,123.8148383597794,35.300507968276726,4.953521438734626,124.53029104658782,36.013924867110504,4.978410825449505,124.71249786059049,37.989430285867954,0,0.013457919212582325,0.8181701442203746,1.1626617961510561
CMP-1150,LOT_07,4.949323918795316,117.18214315026411,34.915355856205494,4.9440285366072185,117.54377683525075,35.36160155392109,4.976223680050301,117.746572729598,35.51832870245942,4.968995307282534,119.38718741253159,37.268747890524544,0,-0.005295382188097442,0.36163368498664283,0.44624569771559663
CMP-1151,LOT_02,5.0439114669108225,120.85082996922378,34.12648890739971,5.058471045973689,121.07867315015325,34.81465113270341,5.089942985738017,121.96927095557558,35.8333934823711,5.039883971546155,121.47456238616168,36.27107318981216,0,0.014559579062866312,0.22784318092946876,0.6881622253036994
CMP-1152,LOT_09,4.937479442474702,119.50737255283553,37.650942857233034,4.951487801243289,120.05113787862774,38.14216514772379,4.936903029442601,120.18267895096483,38.10247057370328,4.972988506488119,121.24308078083142,39.36993318546831,0,0.01400835876858686,0.5437653257922079,0.4912222904907537
CMP-1153,LOT_10,5.0978848671173616,121.54082070149843,34.73773924406248,4.984790079311174,132.24444066885437,37.726897037376645,4.854813165920632,148.2221792337444,52.41806704273115,4.357713292444549,179.21455928151286,67.59235415706361,1,-0.11309478780618765,10.703619967355934,2.9891577933141633
CMP-1154,LOT_07,5.026263860324894,120.43714249854798,35.571221771542206,5.033024173201082,121.07588448904052,37.099429832543635,5.057970762883523,121.70416755889346,38.36887613690548,5.070445384883377,123.4141384423826,40.0738834885826,0,0.006760312876187946,0.6387419904925338,1.528208061001429
CMP-1155,LOT_09,4.9869429872620445,119.33643028880005,35.7671338515888,4.989940424810151,120.07486572310412,36.072352348641154,4.975452547765405,120.53433092072652,36.4510728240434,4.984775747730465,120.7563307456017,37.463163685378014,0,0.002997437548106774,0.7384354343040798,0.30521849705235127
CMP-1156,LOT_07,4.968976460584287,118.92173128349985,34.99270142266806,4.869688539121058,129.86322221447745,41.21435276639416,4.689392023527005,145.57676030207872,55.78114206437946,4.540108977075015,174.34285224975616,59.46781610210624,1,-0.09928792146322873,10.941490930977594,6.221651343726094
CMP-1157,LOT_09,4.998685802122894,118.12165393580777,33.05094998113928,5.016749026383183,118.47026876572849,33.17349973538648,5.039597619283331,119.1079636358623,33.91556268665736,5.018457994527962,119.41354804404324,36.14596981580184,0,0.01806322426028828,0.3486148299207201,0.12254975424719561
CMP-1158,LOT_02,4.92180111916302,118.74446935417518,34.96003446981019,4.746986524268832,128.03010250450922,42.59328538648271,4.601186652180216,140.88537059282172,54.39883645480643,4.321504170187243,169.07507086003395,61.097509226590844,1,-0.1748145948941886,9.285633150334036,7.633250916672523
CMP-1159,LOT_03,5.011613901562718,117.10147523043725,35.10889257065301,4.817853085149708,122.96307654336353,40.17086844581195,4.650220007977277,136.06910390401387,54.164741001287865,4.1582249753914615,162.4960770444002,59.39312018564403,1,-0.19376081641301024,5.8616013129262825,5.061975875158936
CMP-1160,LOT_03,4.998845466565423,123.7467652816269,32.565409292479494,5.02169027899962,124.57767008915607,33.948318040610246,5.026733221959055,125.505740710678,34.58743736066525,5.027574567285406,125.38353591706024,35.492163049315415,0,0.022844812434197337,0.8309048075291656,1.3829087481307525
CMP-1161,LOT_01,4.961327582368911,119.94070602215726,32.834342165901795,4.971635689186403,120.20952081331271,33.24409925443918,4.979996370534962,121.02661249286699,34.26430609830908,5.001818096909059,121.1445622233232,34.975587042318764,0,0.010308106817491947,0.2688147911554495,0.4097570885373827
CMP-1162,LOT_08,4.97184114188396,121.6688683088954,36.85392040840109,4.9734272740542025,122.02997920976875,37.581072655193786,4.961422834667902,122.3891583902786,39.03179752380354,4.972515763207496,123.69257726409573,39.234317088831325,0,0.0015861321702423936,0.3611109008733564,0.7271522467926985
CMP-1163,LOT_10,4.992800902508892,118.1796338696152,33.96844883962126,5.016182694177476,118.774541206643,35.48285772920998,5.006448854662626,119.47098974259036,35.797136070849746,5.009436323916819,119.89392427606977,37.665688395939114,0,0.023381791668583674,0.5949073370277915,1.5144088895887222
CMP-1164,LOT_04,5.035877920631383,121.74713263526735,37.20459400879055,4.826360770716091,132.7511651261678,46.028061243333916,4.532986669672759,152.3088518518088,60.97803011083397,4.125548569830322,182.7297423873441,70.41542813295034,1,-0.2095171499152917,11.004032490900443,8.823467234543365
CMP-1165,LOT_01,4.965729887082135,117.35455534998842,36.31186404452058,4.974809199634945,118.2745212519409,37.62596874273381,4.997258244375804,118.7018898027181,37.88045357364707,4.977337580028361,118.58989777999635,40.35428451858829,0,0.009079312552809249,0.9199659019524802,1.314104698213228
CMP-1166,LOT_05,5.0476250269796035,120.27182880461513,34.56077246634433,5.045928998629918,120.83215535120766,35.45145595812093,5.0694617575492495,121.11753214844498,36.55950984486945,5.098745966954369,121.96843330853753,38.079689120314434,0,-0.0016960283496851858,0.5603265465925347,0.8906834917765991
CMP-1167,LOT_04,5.018578021084691,121.39991770347102,34.945585957226065,5.020834135727863,121.65828256633479,36.5790479900444,5.015708745157725,122.38204191626983,37.58705630523628,5.059189842625778,122.40092655504318,37.946464058457835,0,0.0022561146431723245,0.2583648628637718,1.6334620328183362
CMP-1168,LOT_09,4.985382916339624,117.53794332678744,37.90778831351052,4.795812508041497,123.55067790281741,43.54458466124146,4.591391149567514,132.77423070901625,50.11082590625364,4.3916591955427755,164.56794173766443,68.98460934712737,1,-0.18957040829812755,6.01273457602997,5.636796347730936
CMP-1169,LOT_01,4.9645954224829385,119.39781735632462,35.13445561235253,4.9763721885605605,119.98556985302889,36.13375330851137,4.965714752311429,120.38348955175839,37.2370824959318,4.982974532432981,121.32196049287808,38.15912781487762,0,0.011776766077622014,0.5877524967042689,0.9992976961588411
CMP-1170,LOT_09,5.05970719462698,116.52373711123144,33.98701865260303,5.082031481723767,117.38974694386215,36.130014894938874,5.092786814678842,118.02711615774682,37.33872880855671,5.127532987166933,118.54629291119953,38.870934033695725,0,0.022324287096787465,0.8660098326307093,2.1429962423358475
CMP-1171,LOT_02,4.954081538154996,119.34157256124755,34.21584620288327,4.95219258361921,119.51125151640537,35.00403245358719,4.958234348722666,120.04276263921372,36.081901374007266,4.9759550284913265,120.38279592764007,36.27193140096569,0,-0.0018889545357856363,0.1696789551578206,0.788186250703923
CMP-1172,LOT_06,4.99490888913553,119.13242040998618,34.720318576380095,4.997581445661983,119.52628562530396,35.439089419735,5.003271384391976,120.22301211234938,36.4426454540053,5.048516193807599,121.13215017135997,39.00422683832266,0,0.0026725565264529294,0.3938652153177742,0.7187708433549034
CMP-1173,LOT_03,4.975629211118143,121.652029794991,34.01582460493537,4.970924655874327,122.45729447344054,34.39123380761903,4.987507432718261,122.69319506159053,35.75456761901495,5.016183655589741,123.72188337715214,37.38832557519999,0,-0.0047045552438156335,0.8052646784495465,0.37540920268366307
CMP-1174,LOT_02,5.1117087340413025,121.49233046698582,33.64917266056446,5.122404801128744,121.9618300617428,34.52396063134563,5.107547712710256,122.57788942507584,34.631084141875355,5.091896655518297,122.78982324118115,35.91924570863184,0,0.01069606708744164,0.4694995947569822,0.8747879707811705
CMP-1175,LOT_05,4.957457856202348,119.65271626965459,34.04876908985586,4.971331292964881,120.4312483993497,35.30695280998345,4.996727207376411,121.26398640624423,35.59752242645009,5.000113586818605,121.92882707603243,36.958184427544666,0,0.013873436762533053,0.7785321296951082,1.2581837201275903
CMP-1176,LOT_01,5.026520322960822,117.03674225642465,33.36799312540056,5.029852759484988,117.62684509905078,34.47744938617839,5.05533832267827,117.85028408274175,34.789712900544636,5.060330998859981,118.22751164699727,35.994646253782854,0,0.003332436524165594,0.5901028426261377,1.1094562607778329
CMP-1177,LOT_10,5.077064523590808,117.94142216739924,36.53255541758017,5.086470537780909,118.08833923971723,37.08519198976611,5.082123527788853,118.49338090417504,38.09494913398946,5.143448994525738,118.37276634225799,38.69737007223012,0,0.009406014190100898,0.14691707231799,0.5526365721859392
CMP-1178,LOT_10,4.936601026925535,120.19089537321913,35.00221998678027,4.928463003454707,120.69452547880823,35.3995219903247,4.9386404192417315,121.57537442677005,36.43105597086267,4.9520133453428485,121.43014260010654,37.45301611100052,0,-0.008138023470828593,0.5036301055890959,0.3973020035444321
CMP-1179,LOT_06,4.995039061809323,120.43475264787783,33.02515726993688,4.997695694061546,121.07626459838703,34.44617374562398,5.009099672924137,122.01995431869658,35.50018345385466,5.013033143704285,121.46638822186675,37.59716034564711,0,0.0026566322522230124,0.641511950509198,1.4210164756871038
CMP-1180,LOT_06,5.089915571146526,124.33369491100783,33.069589539825856,5.087072233705254,124.261054928494,34.528770608340736,5.106919474017568,124.79038862853176,34.71570399281904,5.105291559922759,125.35340767599786,37.15495114184407,0,-0.0028433374412717427,-0.0726399825138202,1.45918106851488
CMP-1181,LOT_05,4.993793456504298,122.3629637878505,35.94759511616516,4.784446802969256,133.14140452316298,43.78595240023787,4.63123458328057,142.83377330396922,55.363413017106645,4.440784603527845,177.83280794648778,70.88583936429131,1,-0.20934665353504123,10.778440735312472,7.838357284072707
CMP-1182,LOT_06,5.006018792358452,117.51414795318352,34.25522028494646,4.90710524601675,125.09373219054378,39.322992162869305,4.7546605221456595,142.903202385799,52.90021223691312,4.117934543418502,174.86973605566874,55.46085777950972,1,-0.09891354634170213,7.579584237360251,5.067771877922844
CMP-1183,LOT_05,4.999824243757159,120.38502602426222,33.42635601149445,5.001767429374583,121.12193953244046,33.650182588814836,5.018383015924286,121.5107844596297,33.96982901407705,5.0612060664139715,121.64468825180974,34.74610098902726,0,0.0019431856174243478,0.7369135081782474,0.2238265773203878
CMP-1184,LOT_07,4.9615720682948945,120.0127613139891,35.23309894497709,4.973918648951244,120.4879831445404,35.88201809343097,4.993569694591434,120.95447531458915,36.43420943740348,5.023518522933195,121.42732716434467,38.75560737462824,0,0.012346580656349637,0.4752218305512912,0.648919148453885
CMP-1185,LOT_05,5.034557890405555,119.99873300624847,34.903937464023464,5.042116689220722,120.06535387224585,36.263340866897394,5.055783672716498,120.81301115210844,37.00484009116141,5.075413192459793,120.37660034081513,37.327928379488135,0,0.0075587988151673,0.06662086599737904,1.3594034028739301
CMP-1186,LOT_08,4.993282540208419,118.4549488244428,33.64492718724437,5.006629063988072,118.86984738560326,33.92838168384254,5.054800565579353,119.35874419945684,34.18680015737469,5.013232354769411,119.78327590109866,35.788184914036776,0,0.013346523779652841,0.4148985611604701,0.2834544965981678
CMP-1187,LOT_02,5.092760408593413,119.1351541119758,35.63965406038984,5.112980210536691,119.87418457291813,37.295590169104244,5.118900034423489,120.37253779483565,36.855878885822406,5.12906000976468,121.41981166188312,40.01305935298895,0,0.020219801943277993,0.739030460942331,1.6559361087144069
CMP-1188,LOT_01,5.0849569721464976,119.23198943131038,33.92579026397015,4.911548885385179,124.98705938163815,40.85938281152546,4.8055108074351205,138.9018966049034,49.34586138841338,4.165161378590583,166.33215389146898,61.92423184361475,1,-0.17340808676131836,5.755069950327766,6.933592547555307
CMP-1189,LOT_05,4.99476712339567,119.48430139585966,37.64646790251124,4.994155853714392,120.050586631633,38.10108372617206,4.995787752053338,120.63363231774066,38.7954022307405,5.01403603659012,121.21694768574898,39.70613206921321,0,-0.0006112696812783369,0.5662852357733357,0.45461582366081643
CMP-1190,LOT_08,4.98472601283812,119.80488907689485,35.54196691188179,4.996996014849769,120.43373466180343,36.70044911262414,5.014031474773112,120.83612290755389,36.96606356358138,4.988443236794711,120.59837958798228,40.110630486807565,0,0.012270002011648629,0.628845584908575,1.1584822007423554
CMP-1191,LOT_01,4.958956549435126,122.37288194423961,31.696189958126826,4.966605610416294,123.16368682484466,33.052794739864616,4.971546628505932,123.08079363438611,33.19155047878915,5.014388552347482,123.9895662242178,34.99533545713386,0,0.007649060981167466,0.7908048806050516,1.35660478173779
CMP-1192,LOT_01,4.934858054345622,120.81458035968036,34.370576778996494,4.947795082201377,121.19897017557295,34.58401874896592,4.951384494224198,121.89120346070536,35.581048793504436,4.968413699548072,122.64803610207812,36.42114353893054,0,0.012937027855755012,0.3843898158925896,0.21344196996942344
CMP-1193,LOT_02,5.047830898837673,120.58305709544354,34.16456283473994,5.042940601372395,121.3040493504232,34.79253030914762,5.054021566659738,122.50982925536657,35.993285080014275,5.095163593148935,122.03498694415262,37.64931142660379,0,-0.004890297465277804,0.720992254979663,0.6279674744076829
CMP-1194,LOT_08,5.0183008460384295,124.04168342607912,34.58203126377544,5.0284933905751945,124.36104049577753,36.02626554172948,5.030083987100895,125.16785362052319,36.001308920857056,5.059466152011867,125.039193842746,38.61067965319365,0,0.010192544536764991,0.3193570696984125,1.4442342779540382
CMP-1195,LOT_06,4.9806720191562,118.29922339988272,36.25668163298129,4.980185645661947,118.74580767213617,37.42930142283253,5.014388063543675,119.24301809186862,38.10804612956331,5.005658342964267,118.70907556429896,38.47038486227996,0,-0.00048637349425373344,0.4465842722534461,1.1726197898512396
CMP-1196,LOT_04,4.964351542463367,116.79833342151318,36.286667976751374,4.976949109758941,117.32638647096968,36.939672401174185,4.988140004228896,117.980721308802,37.60722437422255,5.005840554543748,117.92835623005712,39.017660651565954,0,0.012597567295573597,0.5280530494565028,0.6530044244228108
CMP-1197,LOT_02,5.066379440247483,120.57113683086584,35.04742093228662,5.071891551085889,120.70963987956236,35.374971084086376,5.07937072650641,121.17715334482384,36.88108259848962,5.118187533673401,121.36639680881906,38.02963165615759,0,0.005512110838405526,0.13850304869652064,0.32755015179975544
CMP-1198,LOT_07,5.03413081715019,121.61203545621349,36.863139218221605,5.039204383602363,122.31489619364967,36.92673220016097,5.068647618825446,122.80739117680412,37.72486820116812,5.018455653488554,123.12056325002598,40.01111571985181,0,0.0050735664521726065,0.7028607374361826,0.06359298193936525
CMP-1199,LOT_08,5.001727756385706,122.1253382791994,35.287251447806185,5.002409641074725,122.63662841516918,37.08785989965679,5.019874317245268,123.10169452298109,39.015731809223446,5.045593955125949,124.04499537286841,39.34173387185229,0,0.0006818846890190855,0.5112901359697872,1.8006084518506071
CMP-1200,LOT_07,5.038136603659142,115.63436930889573,35.592404319244174,5.046528545065786,116.03441405426841,36.49468567922206,5.0331908147634525,115.99303102425726,37.917936887946304,5.075771701459964,115.82790799066227,38.033578046100665,0,0.008391941406643788,0.4000447453726821,0.9022813599778843
CMP-1201,LOT_06,5.062250247689918,122.09950359855327,32.96493318603393,5.0708170067014295,122.50988571359153,33.27031403885788,5.059002891828601,122.76807924971901,33.749851334101564,5.096481602246297,124.03199245019874,35.68123000350778,0,0.008566759011511493,0.41038211503826005,0.30538085282395144
CMP-1202,LOT_09,4.986669108926482,121.20600039322578,34.77743752761461,4.992254385093954,122.0854205830049,34.61219954934086,4.974154820634344,122.70023050924499,35.279708375074634,4.983514698090616,122.55811510742302,35.87267491185143,0,0.005585276167471953,0.8794201897791254,-0.1652379782737512
CMP-1203,LOT_09,5.081978128261531,116.82197755558133,32.9493147012327,5.077621863516526,117.57974895673533,34.157926928442464,5.0888248517635715,118.14863756488957,34.929537789873095,5.075199022568396,118.83633535162778,36.009016123919515,0,-0.004356264745005056,0.7577714011540024,1.2086122272097626
CMP-1204,LOT_03,5.028714272267903,119.14842472745482,35.34122523026207,5.037464480654923,119.82670048189979,36.45130671737654,5.034208978032071,120.42330144896135,37.42865107961307,5.0676911401357,121.34463760926575,37.9585204892348,0,0.008750208387019676,0.678275754444968,1.1100814871144706
CMP-1205,LOT_10,4.994000759235584,119.45068023038472,37.17176783027042,5.00243740494582,120.07227798601905,37.29087851883414,5.007161035475491,120.31837002578897,39.328634080481905,5.009101469803392,121.10891752234977,39.392139160654274,0,0.008436645710235169,0.6215977556343262,0.11911068856372253
CMP-1206,LOT_01,4.973698229472844,120.8095330252985,35.12858341286193,4.960694119752764,121.19613473639758,36.63899424358537,4.979517463662458,122.06154474194514,36.946170574873726,5.006312710458346,122.173931712253,39.91277224433652,0,-0.013004109720079704,0.3866017110990754,1.510410830723444
CMP-1207,LOT_09,5.042462728565357,119.11297264405071,34.43565558294728,5.037931764254659,119.93741254385192,35.17510499604585,5.0715573008783466,120.30803959537407,35.511232394971216,5.084322347735255,120.90074516935181,37.12424739016173,0,-0.0045309643106978825,0.8244398998012059,0.7394494130985763
CMP-1208,LOT_07,4.977118832265187,120.85739164726199,33.051230009361724,4.9817279553234695,121.2733023597805,34.08445041171872,5.013921350008044,121.6833164198856,34.53920008051244,5.0566553679639625,122.05670968301878,35.931923882783366,0,0.004609123058282094,0.4159107125185102,1.0332204023569957
CMP-1209,LOT_01,5.003887743150798,121.84159295518656,35.60598158491011,4.907742521319119,131.92965030440143,41.918809743333924,4.682705703280803,145.10129986316127,51.177860753895494,4.359947630981351,172.0258866677654,66.53215547822872,1,-0.09614522183167917,10.088057349214878,6.312828158423812
CMP-1210,LOT_02,4.9408924596022805,121.94806813777947,38.405289916463374,4.945220058494197,122.51753144340498,39.51537321431945,4.970223726930448,123.68314578276019,41.07585992331025,4.960446872874582,123.7819152612598,42.01781948851323,0,0.004327598891916473,0.5694633056255043,1.1100832978560788
CMP-1211,LOT_09,4.960061189071849,122.29630530185842,36.876961993733076,4.967985515423457,122.84851638067045,38.4755939043979,4.952421482342958,123.2146106514188,40.28452959513922,4.993971669747523,123.28390833831872,40.569419739256865,0,0.007924326351608002,0.5522110788120216,1.598631910664821
CMP-1212,LOT_07,4.872673353133571,120.35257163438219,34.44137816811127,4.866253371869202,120.86895708540825,35.37313805223105,4.875892018086237,121.26447889933483,35.66246927625398,4.857157315197236,121.52361211527094,38.0605397434919,0,-0.00641998126436949,0.5163854510260677,0.9317598841197778
CMP-1213,LOT_01,4.948011592546425,119.25217013429157,36.10573633753582,4.96305943017128,119.65673036033704,35.800035261801916,4.962936715718857,120.01192200505385,36.14648229295054,4.974795914508486,121.06500542443464,37.770198099436705,0,0.015047837624854843,0.4045602260454615,-0.30570107573390004
CMP-1214,LOT_03,4.92458139571773,119.38987188409011,32.0914668337325,4.753252519225887,125.29855697349477,40.01334608387507,4.460187683361868,139.7922269403522,47.491518901238365,4.207608193253985,159.116948746685,63.19940480467969,1,-0.17132887649184259,5.908685089404656,7.921879250142574
CMP-1215,LOT_10,4.9812616135356205,119.62245828974683,34.9530495023723,5.011528039137402,120.36918000291381,36.08302900444748,5.023174018654494,120.95898602002477,37.13016683908902,5.02326408007789,120.94714052922549,38.90880521289137,0,0.0302664256017815,0.746721713166977,1.1299795020751802
CMP-1216,LOT_02,5.047436396790748,123.29231749755289,35.78092210114934,5.0610218815864485,124.4323660936563,36.884432165289255,5.054663679468753,124.84799852400471,38.46027452116203,5.0551385345808475,125.0561362915798,39.76957361006407,0,0.013585484795700431,1.1400485961034121,1.1035100641399112
CMP-1217,LOT_07,5.0536686410065315,118.56635764869208,32.79709632271691,5.049779781297906,119.182713737374,33.92666236963231,5.049391283598716,119.33507625113187,34.59137580705788,5.092110127022916,119.76480476045937,35.39651515207026,0,-0.00388885970862507,0.6163560886819255,1.1295660469154
CMP-1218,LOT_07,5.0021907535959995,119.26517422179566,35.50711848607487,5.03334244516643,119.80873052435965,36.48027943345636,5.056286494256207,120.51759518990872,36.99144902627302,5.099383646635031,120.79653884821266,38.669379689741,0,0.03115169157043063,0.5435563025639851,0.9731609473814871
CMP-1219,LOT_10,5.07626988344373,118.82018252174007,36.175073373279055,5.087915567897579,119.51672716076197,37.067580648294914,5.092659337555283,120.23634920698977,38.046577276839905,5.091509681851074,121.1895333039691,39.65358814838168,0,0.011645684453849725,0.6965446390219086,0.8925072750158591
CMP-1220,LOT_05,4.976588444413444,120.72826179374717,35.99072783604017,4.746884690714903,129.47962363879282,42.969559889660474,4.57400715524136,145.21455126160242,54.0018805593593,4.2314656494849405,167.18830873714376,68.3951410492204,1,-0.22970375369854157,8.75136184504565,6.978832053620302
CMP-1221,LOT_09,5.054611162028403,121.40613098758868,36.752733396242704,5.0573597484399615,122.06689827211376,37.0013929202643,5.054317345059315,122.60469143706611,38.132996735177514,5.110939997397902,122.94686623941456,38.308793142833046,0,0.00274858641155884,0.6607672845250789,0.24865952402159763
CMP-1222,LOT_06,4.965607702748786,124.44205359295024,36.135310371701685,4.986733021252411,124.89425647551427,37.13448603050231,5.007221988841788,125.24251684877999,37.78883208722897,4.993238934927134,125.67051012563572,39.173668920504966,0,0.021125318503624868,0.4522028825640234,0.999175658800624
CMP-1223,LOT_04,5.014229087277556,119.64150271428764,33.758810216654865,5.025278717767074,120.04052180169728,34.78210730020788,5.051750629778126,120.16463976656607,36.66885046865457,5.043828245931319,121.24644143865024,36.179907228014414,0,0.011049630489518236,0.3990190874096413,1.0232970835530182
CMP-1224,LOT_06,4.993718676527466,119.21176338040165,34.13672746808664,5.001033756269575,119.79543284499223,35.223132813401925,5.010435860272921,120.08200641960728,35.63854607643944,5.01181627061798,121.0255707010726,37.75294071401825,0,0.00731507974210821,0.5836694645905851,1.0864053453152849
CMP-1225,LOT_02,5.0191780970458915,119.66309859023417,32.38655301360745,5.027018829150498,120.08803326516262,32.86703041139292,5.028507916514205,120.62856068944991,33.10040701855038,5.032803119722181,121.86198427293898,33.58486535068867,0,0.007840732104606118,0.4249346749284513,0.48047739778547083
CMP-1226,LOT_01,4.941684531711796,118.49672640434778,34.70339415557283,4.941808770485508,119.11151252742107,36.378969465459036,4.964433942527049,119.91889646273734,36.48910162594463,4.956947350049125,120.34522306109778,39.07592219675067,0,0.0001242387737123707,0.6147861230732872,1.6755753098862058
CMP-1227,LOT_01,5.044824431183694,125.26719116107873,35.144463622410946,5.051933846801279,125.80266274181082,35.686937244567545,5.062948353587796,125.78460708367757,36.22217772628364,5.0696271691599675,127.27748038723735,38.57580968007663,0,0.007109415617584602,0.5354715807320929,0.5424736221565993
CMP-1228,LOT_07,5.1038016716981796,120.296746956879,35.360067449046156,5.097624736848296,120.67273547885499,36.884979354812394,5.110171413788993,121.20507989673085,37.798565440100134,5.088760650746575,121.62443120215424,40.01164363905049,0,-0.006176934849883686,0.37598852197598376,1.5249119057662384
CMP-1229,LOT_03,5.078183433718078,117.48180298646321,33.54245350271561,5.106819657489651,118.09739761012491,34.39800983166445,5.115989878999122,118.35540827618676,35.336306132568176,5.13076742641588,119.10733996505625,35.470204859495574,0,0.028636223771573377,0.6155946236617069,0.8555563289488433
CMP-1230,LOT_05,4.973524428378898,118.02804547902163,36.90011373730604,5.005221641957251,118.91656950478556,38.225175119187185,5.011237865771062,119.39546283000416,39.227976250918324,5.016816686908027,120.57597453484675,38.596593123724354,0,0.031697213578352645,0.8885240257639282,1.3250613818811416
CMP-1231,LOT_02,4.957742017636009,119.51970221764434,35.8904651243648,4.982924708706387,119.7609145612111,36.206427880487375,4.978734255888789,119.79965380605864,36.27323865278164,4.983471484752493,121.3776613353341,37.95676642603237,0,0.02518269107037785,0.24121234356675814,0.3159627561225733
CMP-1232,LOT_06,4.952226787162291,121.26707415012916,37.81364604174916,4.953350488321897,122.1120238243441,38.99585823333308,4.9636034408112275,122.73206097404167,39.99112148281659,5.010492576703162,123.37213419025497,41.42874397024586,0,0.0011237011596056945,0.8449496742149449,1.1822121915839219
CMP-1233,LOT_05,4.952157651318851,120.21800797915918,39.324925333671246,4.937115752122388,120.76463737842627,40.460736794110694,4.94369441648508,121.20328160010604,41.306441680691435,4.952075686613097,121.87562724283677,42.07064822945718,0,-0.015041899196463149,0.5466293992670899,1.1358114604394487
CMP-1234,LOT_10,4.987399312835133,121.13922281524944,33.996445850235176,5.006730743139144,121.78591637271971,35.20607596850126,5.0013207127958665,122.06019546055066,36.84916246137435,5.011461268984931,123.10636745782597,36.450338904356215,0,0.0193314303040113,0.6466935574702717,1.2096301182660838
CMP-1235,LOT_04,4.9518406056229995,118.57531504660619,34.16929610500846,4.965887339172242,119.08919178783376,34.62171806505205,4.9754681339652596,119.24614136564642,35.74349674755254,5.00242539714969,120.07721811855907,36.83904078744626,0,0.01404673354924224,0.5138767412275627,0.45242196004358703
CMP-1236,LOT_08,4.992119850380394,118.11148409989822,35.86879285390668,4.990793312722741,118.56937030724363,36.569297830864926,4.990266015224608,118.99434402855027,37.81924349397197,5.032906688489224,120.03247323878897,38.83838110216766,0,-0.0013265376576532262,0.4578862073454104,0.7005049769582428
CMP-1237,LOT_08,5.018383049663864,115.44133655048222,32.11494908529048,5.026766373105994,115.99425199940832,32.889406633375856,5.059799340334904,116.63288249666387,33.564702679978225,5.07449257200963,117.77680867319036,35.29945358815559,0,0.00838332344213022,0.5529154489261003,0.7744575480853726
CMP-1238,LOT_08,4.972486478448913,117.10652257401333,34.93637468029923,4.971986064034468,117.54070762017402,36.06667483182681,4.952230434404409,117.66158523961765,36.61325080440915,4.990935516660004,118.29376222030497,37.85026048671771,0,-0.0005004144144455935,0.4341850461606924,1.1303001515275781
CMP-1239,LOT_05,4.973262461130415,119.5736629501394,34.53441484459063,4.8288522570702375,128.41145209108979,41.557004184935636,4.64250307033971,142.19185357228633,49.362091447033336,4.114801378048457,176.174395947133,62.60704049818259,1,-0.14441020406017735,8.837789140950392,7.022589340345007
CMP-1240,LOT_10,5.086458826261969,120.50122055231546,36.589505956024794,5.084362805538822,120.99404000199613,37.42199963139664,5.099501353314385,121.977398182627,38.34694432853627,5.085608990753484,121.36232071205418,40.73862368159979,0,-0.002096020723147518,0.4928194496806668,0.8324936753718433
CMP-1241,LOT_06,4.982813430572092,120.53572356933569,33.51956014080979,4.996685414129129,120.80074954202088,34.33991591829591,4.997042016899237,120.32353924922091,34.9665316050292,4.99870808563987,121.6955546000755,36.34129415868139,0,0.013871983557036671,0.26502597268519423,0.820355777486121
CMP-1242,LOT_01,5.015235449857875,120.66822526596708,35.74342075282887,5.033953534980286,121.25908115673798,36.88427726504093,5.054622238758733,121.03109083048865,38.72880305668034,5.0857481318745545,122.36764903266763,37.75387210471391,0,0.018718085122411132,0.5908558907708965,1.1408565122120606
CMP-1243,LOT_06,5.026692050828747,117.43418879642907,38.339610348459686,5.022269883207661,117.94798601049237,38.27851674120394,5.031651546424716,118.32040044895089,39.64710843815692,5.033762294575824,119.51729780191553,39.459220287133,0,-0.004422167621085826,0.5137972140633025,-0.061093607255749305
CMP-1244,LOT_10,4.986904395103974,120.99117651126583,35.55256163961059,5.004126646653208,121.54454263192378,36.88321905291715,5.000658687722811,122.16118223198815,38.487322016639986,4.990526791305456,122.78904660940825,39.424642875267644,0,0.01722225154923329,0.553366120657941,1.330657413306561
CMP-1245,LOT_08,5.005015797107935,120.86014639102008,33.89744324815799,5.011136116384358,121.09300582307968,35.640958005330106,5.02788847616862,121.3181720849823,36.5766364866614,5.054323070584244,122.58940198580687,36.898847114796986,0,0.006120319276422315,0.23285943205959825,1.7435147571721146
CMP-1246,LOT_04,5.050809663860013,120.79077216979276,33.66969555224265,5.0670329389198185,121.48082624746,35.22651210782434,5.1032040462094965,122.35173332288319,36.90128652221635,5.114614145784525,123.21393503447109,37.193817596386126,0,0.016223275059805253,0.6900540776672415,1.5568165555816904
CMP-1247,LOT_04,5.003147646760801,122.45741612794846,34.17458775346367,5.022786871186257,122.46842346294046,34.96936605796319,5.031310704935373,123.10720609343203,36.30537839626375,5.020904012753651,123.79840755740057,37.950699639272585,0,0.019639224425456625,0.01100733499200146,0.7947783044995234
CMP-1248,LOT_04,5.035331399191877,119.08098803703756,33.09235301433761,5.063623422170529,119.72845642415615,34.081365198547495,5.049326147757202,119.94910123888674,35.19702534293447,5.090700082653047,119.75529064467293,36.587455243748956,0,0.028292022978652298,0.6474683871185931,0.9890121842098836
CMP-1249,LOT_01,5.010427795745247,119.0731571025014,36.48523150866601,4.878102760167537,129.72301231951144,42.60594492875036,4.5848248807110545,143.89460301523528,50.98614908571878,4.425966861938816,154.43371158077602,70.62240701242845,1,-0.13232503557771036,10.649855217010042,6.12071342008435
CMP-1250,LOT_09,4.896663394116078,120.41491748074021,35.55560813520413,4.905562881421653,120.61572048658577,36.707758672524946,4.919557585933744,120.849086297258,36.831012886788436,4.920515122867533,121.94218510997466,39.04108245795854,0,0.008899487305574993,0.20080300584555744,1.1521505373208143
CMP-1251,LOT_08,5.044356320273779,117.65466858146637,35.09473305206479,5.067752730075488,117.89968215040759,36.672496197589545,5.102040541860323,118.33302049285632,37.300991888081406,5.108414618455879,118.80661696289283,36.78999483703347,0,0.023396409801708984,0.24501356894121784,1.5777631455247558
CMP-1252,LOT_08,5.023520198409728,121.48016770716494,33.679056252872115,5.030822187215002,122.1755491599954,34.649056942165444,5.017891117305589,123.04684056288151,35.34200143097682,5.07264656275863,122.47782081206212,36.55226754409418,0,0.007301988805274107,0.6953814528304605,0.9700006892933288
CMP-1253,LOT_06,4.94084968988395,115.22639338631296,37.28489769425504,4.803251599979016,125.55999549189524,44.67790134329571,4.678655938142527,135.23638097700984,53.89908173610985,4.096534473599802,164.58835708327788,72.69621606473848,1,-0.13759808990493383,10.333602105582273,7.393003649040672
CMP-1254,LOT_04,4.919654569436878,121.97615042903878,33.771885595218684,4.950087938641166,122.74361870328536,35.565671348597704,4.973354483224434,122.96714361618427,35.536000548530104,4.999993832024946,122.99383460027934,38.83357989877972,0,0.030433369204287963,0.7674682742465819,1.7937857533790194
CMP-1255,LOT_09,5.022102384216765,120.9305818708982,34.69638441711938,4.943386745962731,131.71338359209727,40.929873369850796,4.805892733943232,147.17036638668452,55.45213555130025,4.457511978655106,161.83407612189,56.35397608542897,1,-0.07871563825403438,10.782801721199078,6.233488952731413
CMP-1256,LOT_06,4.958582408261099,121.94757097487529,34.96042120802506,4.781297402163643,131.87401765420265,39.331894564978434,4.477855125105019,144.1827221809296,50.09278739091489,4.167526308085991,157.69180663574645,69.24574388876367,1,-0.17728500609745623,9.926446679327356,4.3714733569533735
CMP-1257,LOT_01,5.052734781365277,121.12030197760687,35.67904134931153,4.917327841543288,128.1759690645128,41.22633602434799,4.699337738773493,142.41992005091348,51.34513400544583,4.177809737691277,175.51586492241728,60.98365985158371,1,-0.1354069398219897,7.0556670869059275,5.547294675036454
CMP-1258,LOT_03,4.970941320316283,117.91469283540657,37.46927901366886,4.987917535540609,118.61011197918492,38.69652710512252,4.996520273602053,119.02623077676805,39.886082197850854,5.030567916385374,119.576020105222,42.35456139688316,0,0.01697621522432602,0.6954191437783521,1.22724809145366
CMP-1259,LOT_10,4.913923862950301,116.62444926424135,34.37928231114126,4.921603682739173,117.26096919177732,35.364978293514376,4.9442542482586855,117.77443704156417,36.17173900657781,4.930053385259004,118.97226342197622,36.13979085625198,0,0.007679819788871889,0.6365199275359714,0.985695982373116
CMP-1260,LOT_01,4.990917476912538,121.563509195009,34.968755898266224,4.841349662193333,129.03022995038958,43.05864050446422,4.628797344011915,139.77882708863194,54.308606507164,4.54075442866216,157.32261369665434,67.89927086879078,1,-0.14956781471920522,7.466720755380578,8.089884606197998
CMP-1261,LOT_05,5.0004068507053905,120.65049539853038,35.52504548939263,5.01442679950723,121.16947634776504,37.30951723556732,5.030765331749967,122.45127223427284,38.13444293985026,5.053605065356333,121.8064517435777,40.430148639816366,0,0.0140199488018391,0.5189809492346598,1.7844717461746882
CMP-1262,LOT_05,5.022793900897804,119.47114559687175,35.67801169567532,5.030445938529089,119.8132950180875,36.54221555077643,5.063569640391214,120.45347789863905,36.697790535836866,5.072353592553891,120.36753792792386,39.13690298122295,0,0.007652037631284969,0.3421494212157512,0.8642038551011098
CMP-1263,LOT_09,5.092659458308409,118.34271815019596,35.916192163830246,5.115255344432733,118.71404980987099,36.543315373572746,5.120947531351147,119.31146972061761,36.63807723659227,5.1462833842499,119.00985643899813,39.577980034218704,0,0.02259588612432406,0.3713316596750218,0.6271232097424999
CMP-1264,LOT_10,5.09565699360678,121.3375675212186,34.54285932331851,5.097670222254603,121.88534573283418,35.527734029079575,5.125462307777762,122.10676008792773,37.33818502931006,5.143165761088903,122.78358391770561,38.96599074718967,0,0.002013228647823162,0.5477782116155794,0.9848747057610652
CMP-1265,LOT_10,4.936176447421517,123.69313851260281,32.52891978037853,4.9317720304588955,124.06619589119057,34.19008161771661,4.956094703750079,124.6028110796593,35.499544723300254,4.949463755964673,125.27741028082457,37.5114624782415,0,-0.004404416962621838,0.37305737858775956,1.6611618373380779
CMP-1266,LOT_03,4.961681368961415,120.94074342865397,36.11041146123733,4.972785846332868,121.64141969139519,37.00978189312057,4.98469903647662,122.25379215616427,37.95346241213929,5.025051278918645,122.82619781639535,38.76666018518349,0,0.011104477371453036,0.7006762627412115,0.8993704318832414
CMP-1267,LOT_08,5.038711772075939,121.43761514232595,32.75292478472895,5.023786645907536,122.19266805005007,33.97235350783201,5.033462984658307,122.90096195838412,35.73600847566497,5.072057269224464,123.67377833645105,35.262973001565896,0,-0.01492512616840358,0.7550529077241208,1.2194287231030643
CMP-1268,LOT_02,4.880679765931615,121.26702694776984,36.66294079619175,4.90258154639353,121.90211304202519,37.58590736707809,4.904117384464878,122.15450360319797,38.30419494249549,4.903025021315601,123.78009007452948,38.544010124625615,0,0.021901780461915266,0.6350860942553567,0.922966570886345
CMP-1269,LOT_10,5.014827743064903,119.99523258048573,34.46481446954069,4.818188579763401,128.00015625166097,39.64812313451934,4.6752576515728,140.3552822654627,52.67975792716973,4.4118945427638465,176.88587569691956,59.08037771423344,1,-0.19663916330150233,8.004923671175234,5.183308664978647
CMP-1270,LOT_07,5.125196300242611,119.42514461021207,35.54215670504723,5.1269123150917055,119.37409020253172,36.14724103908141,5.1726229580020116,120.05270729094914,37.76770313960813,5.139957870393066,119.19567465065339,37.26027383631145,0,0.0017160148490944493,-0.051054407680354075,0.6050843340341743
CMP-1271,LOT_03,4.999478810171088,118.93950197512736,36.40957353020487,5.004465343431079,119.5010653491599,37.50723761272117,5.008937806780645,119.73667653384803,38.09357256935969,5.061937779085034,121.05728928079299,40.32354859774675,0,0.004986533259990544,0.561563374032545,1.097664082516303
CMP-1272,LOT_01,4.928115536351656,122.19298843151724,36.357150890674916,4.9394880261184815,122.61888045400055,36.6251785635574,4.962499032784159,123.47472098849032,37.0856323493118,4.944236034103689,124.23941141650495,38.111686993242614,0,0.011372489766825922,0.4258920224833105,0.2680276728824822
CMP-1273,LOT_02,4.980671914656668,120.0902160024268,34.42005239845397,5.001934038520145,120.76737803034187,35.96410554482939,5.014701834630555,121.13047168084937,36.75957354111552,5.013420102688739,122.50067628693336,38.765924523868264,0,0.021262123863476923,0.6771620279150738,1.5440531463754184
CMP-1274,LOT_07,4.953676252161436,123.08167937640764,35.20502620331645,4.962374577559469,123.89160992035143,35.95005179662741,4.967590674039526,124.3223822358387,36.091767210806495,4.988689284867988,124.5104375480122,37.49347441077852,0,0.008698325398032836,0.8099305439437927,0.7450255933109631
CMP-1275,LOT_03,4.9647782260299165,118.82585959339211,33.74162830397628,4.977250367806116,119.29474097489496,34.76563237308034,5.0225571889530505,119.74807262056521,35.86810618419852,5.011625359792836,120.26331266271282,36.98467167831637,0,0.012472141776199486,0.46888138150285386,1.024004069104059
CMP-1276,LOT_07,5.010127919785574,118.82696642130372,34.25868303563026,4.860974032449728,122.88315913360174,42.50279222027825,4.649529579733611,133.87678676595607,52.99622968265747,4.494115420711451,163.04990597942916,64.55409565097403,1,-0.14915388733584578,4.056192712298014,8.24410918464799
CMP-1277,LOT_02,4.978678010278289,124.58144845963369,34.717610645001955,4.997759832510005,125.04576587356166,36.81595702316718,5.000074579254422,125.89529250975988,37.929295964393155,5.0258460317432885,126.16026957408405,38.28234700900969,0,0.019081822231716394,0.4643174139279722,2.0983463781652247
CMP-1278,LOT_02,5.053719605423081,119.02232177931143,36.75440021552304,5.067236583102237,119.76237313551545,38.15534647557778,5.040266155395049,120.44684182038985,38.783508732770535,5.110536806847601,121.05797688308385,40.63772170595026,0,0.013516977679156383,0.7400513562040203,1.400946260054738
CMP-1279,LOT_01,4.978355652051474,116.4002154769381,34.11448439818003,4.9737140610560795,116.61266731618655,35.172723821793134,4.991724795148639,117.10312927213398,35.723328573123936,4.974765897811301,117.45407082000419,36.514945388810936,0,-0.004641590995394296,0.21245183924844468,1.0582394236131023
CMP-1280,LOT_02,4.923923411296054,121.40263515641145,34.149453316886465,4.937685980298878,122.0800795555377,35.31338875785197,4.959672882142849,121.96008777668148,35.86696042600003,4.97974751363466,123.3346943246958,38.792159370293135,0,0.013762569002823355,0.6774443991262444,1.1639354409655027
CMP-1281,LOT_01,4.9874010690557595,118.08312257386602,34.28628715169713,4.993318599970866,118.46447273538968,34.82711827782661,5.009342248783697,119.47346463883235,36.093746661941736,5.006870198805459,119.97148715919003,37.10443897129771,0,0.005917530915106717,0.3813501615236561,0.5408311261294756
CMP-1282,LOT_08,4.99484386371763,119.60011972402347,35.97659918410591,5.006240564540394,119.95443516450807,36.588173129555734,5.0208291242596195,120.58303052921305,37.23160680739734,5.003600452085469,121.57991772305064,39.41905681717741,0,0.011396700822763783,0.35431544048459784,0.6115739454498268
CMP-1283,LOT_05,4.9895512101333495,120.37997416005429,36.70733459007894,5.01607659799964,121.0805472170634,37.827849839554226,5.005441987705095,120.97267766986798,39.06692930906648,5.0629172049145295,121.67322478664437,39.61202586776324,0,0.02652538786629055,0.7005730570091089,1.1205152494752824
CMP-1284,LOT_08,4.970804996325549,122.14992236778393,35.32755969913046,4.978513213211593,123.181426371886,35.61034924962668,4.996731879434029,123.36673288633435,36.33163081362956,5.0014859809008465,124.60372423170355,37.40140373349786,0,0.007708216886043395,1.031504004102075,0.28278955049621857
CMP-1285,LOT_09,4.946002365684941,121.26461960418337,35.422001556172866,4.960354052398092,121.75071100367676,36.32556257622782,4.987988057471554,122.55724694472386,37.83296286932001,4.987805939428009,123.42704305100446,37.992696464451484,0,0.01435168671315079,0.48609139949338953,0.9035610200549513
CMP-1286,LOT_05,5.0597550376840985,121.68684307652047,34.56432438962766,5.059292455323901,122.14605023512198,35.22189016898914,5.0951600075612316,122.87406242817791,35.63892888029576,5.058392636110601,122.7568935982297,36.774829978216076,0,-0.00046258236019713905,0.45920715860150096,0.6575657793614837
CMP-1287,LOT_09,4.95167415543235,124.5790744896931,33.58504964475702,4.947583678121404,125.4167354547578,35.2456774446755,4.95484844615506,126.03113514929515,36.248962004226506,4.970317926696276,125.76849568552257,35.2601036985425,0,-0.004090477310946028,0.8376609650646998,1.6606277999184798
CMP-1288,LOT_06,5.090807720568548,123.71082700545331,34.60724455326154,5.0912280783433115,124.26645124939918,35.82673515099505,5.110238871132722,124.00834264454791,38.20561324290763,5.1338775717041845,125.16751939752935,37.25195304686637,0,0.00042035777476367997,0.5556242439458714,1.219490597733511
CMP-1289,LOT_01,5.004607374401726,120.91666926728162,34.83092059366308,5.018625997058899,121.56194183747232,36.00257903070409,5.032989825533727,122.47979987743567,36.00402547099486,5.02266835148773,122.57522218046283,37.4186849643607,0,0.014018622657173019,0.6452725701906985,1.1716584370410104
CMP-1290,LOT_08,5.064387089144502,119.70205805208455,32.25618345842904,5.07015367185116,120.21368068691133,33.2760282246572,5.088494233471356,120.85599725933797,34.00661517539421,5.066292876686251,120.99311106109255,34.77780697935977,0,0.00576658270665753,0.5116226348267787,1.019844766228161
CMP-1291,LOT_10,5.020205137478188,121.64801142748337,34.42387519459581,5.045288745161035,122.28257913000272,35.479992535516786,5.064338943926705,122.5798510056134,35.225615427536574,5.05315481777964,123.6563076086238,37.54416536726796,0,0.025083607682847564,0.6345677025193481,1.0561173409209772
CMP-1292,LOT_03,4.957607996461114,116.08834834816693,37.13726843122218,4.965529049042998,116.50244075178749,37.801445297676246,4.994346886207397,117.2668459955013,38.11782556557077,5.0088199083438685,117.42990554232685,39.313011547286465,0,0.007921052581884247,0.41409240362055755,0.6641768664540635
CMP-1293,LOT_07,4.93395614486256,121.55226193101718,34.6689427114528,4.950128240199013,122.1097045972431,35.94321326712942,4.929438438117907,122.34967652243598,37.027895644830345,4.944631626316293,123.29623713914921,36.830649603114566,0,0.016172095336452585,0.55744266622591,1.2742705556766225
CMP-1294,LOT_06,5.080499519696803,121.54920023066325,32.223888578838896,5.098983233739965,122.41364787600916,34.622396583919766,5.116109369801995,122.50432189884356,35.63973557293198,5.1509039057067945,123.32010378613401,37.45688372222581,0,0.01848371404316218,0.8644476453459191,2.3985080050808705
CMP-1295,LOT_02,4.875521024241493,118.09932923632657,34.990819029077215,4.881887456935729,118.33920573747142,35.74099093003474,4.896832282662749,118.81333746133835,36.571459714970175,4.916526832997444,119.1676243871048,38.828333236476276,0,0.0063664326942358684,0.23987650114484893,0.7501719009575254
CMP-1296,LOT_06,5.096400127652976,122.22607726098852,34.46600332923167,5.103506940610665,122.76742437931087,35.765338794167654,5.129925164739167,122.86524700490634,36.78406010519828,5.081176655561411,123.67877413639313,38.928468797197624,0,0.0071068129576890016,0.5413471183223493,1.2993354649359858
CMP-1297,LOT_08,5.011039754977399,122.7748583283452,35.488093176627984,5.001993576008584,122.93823264573595,36.5369663930927,4.9943049397191475,123.47923853390765,37.43496394972617,5.01219842579543,124.84560979271036,39.00934015704013,0,-0.009046178968815433,0.1633743173907476,1.0488732164647132
CMP-1298,LOT_03,5.046029087913581,119.69985287610027,34.708329122990975,5.053052887545293,120.33607332660031,35.38314653430504,5.088928381675812,120.6123125354986,36.290384070453555,5.068471271304374,121.11067666940706,39.12102401627593,0,0.00702379963171218,0.6362204505000477,0.6748174113140664
CMP-1299,LOT_06,4.966793320077206,120.08208123137784,34.84804044898596,4.965600788770162,120.49720725850831,36.15288372037794,4.991005591511492,121.00440744239796,36.98238111570455,4.978380887334857,121.24598640752937,37.417225296472104,0,-0.0011925313070433319,0.4151260271304693,1.3048432713919809
CMP-1300,LOT_05,4.964877666294673,121.80810573468102,34.36337458595423,4.971417479457733,122.2350086947381,35.9857284188706,4.967491740899763,122.8181246962551,36.75149535208552,4.992776015959628,123.35718389829633,38.03146037108505,0,0.006539813163059627,0.4269029600570775,1.6223538329163674
CMP-1301,LOT_06,5.087218819671285,120.08895987793369,32.44479967609959,5.103601923252722,120.66737923898565,33.461072191980556,5.109708353518404,120.53299351904771,33.28765016084772,5.156552307662671,121.37462793743595,36.233568534022325,0,0.01638310358143702,0.5784193610519566,1.0162725158809636
CMP-1302,LOT_10,4.947657085231587,121.35728189376343,34.84624844645205,4.96303375695148,121.85455538057747,35.74241246444875,4.962833099528857,121.99635458379846,37.243763109315,5.014379939074078,122.33520390320537,36.85914918284319,0,0.015376671719893764,0.4972734868140378,0.8961640179966963
CMP-1303,LOT_04,4.990909089602167,120.99904013049544,34.92612657858295,4.999762778187675,121.98165587784942,35.6635249527853,5.034361981580043,122.91571479815367,36.715571706077625,4.981240141458684,122.9971846230309,37.25176914686887,0,0.008853688585507946,0.9826157473539752,0.7373983742023498
CMP-1304,LOT_07,4.946851660380606,121.5125158981001,36.4774775406666,4.968551903401275,121.9360801548232,36.94776498964321,4.983827124648337,122.96290245146783,37.78245980694998,4.997597845123518,122.8186184318822,38.5449888249266,0,0.02170024302066942,0.42356425672309683,0.4702874489766131
CMP-1305,LOT_10,5.020176145576467,121.01501371455406,35.521275258708364,5.035754698770344,121.34441256800204,36.06426058053495,5.0451153746712345,121.83884417192367,36.60309916717514,5.060574704698637,122.79852128341906,39.01427007985774,0,0.01557855319387702,0.3293988534479837,0.5429853218265848
CMP-1306,LOT_05,5.065450101582158,117.37039667388564,33.25550213943736,5.072553647647742,117.88645398208712,34.136293137508865,5.074264057695004,118.29512851002791,35.177950048725116,5.065961198711901,120.05813256838067,36.153087972216305,0,0.007103546065583721,0.5160573082014821,0.8807909980715039
CMP-1307,LOT_09,5.028717479626239,120.20018214565715,36.28521259083244,5.036731010448001,121.01049485907508,36.53918466708892,5.060971617900972,121.546110785735,36.83002131790245,5.095772327848944,122.93484372235886,36.880088071230155,0,0.008013530821762593,0.8103127134179289,0.2539720762564812
CMP-1308,LOT_03,5.035283127736537,120.88340961663563,37.27329441241765,5.058359454811683,121.43644708789907,39.41184621862347,5.082412152652297,121.8310227393457,39.93567242120929,5.103226284871155,122.03996997463385,41.08405559505668,0,0.023076327075146175,0.5530374712634369,2.138551806205818
CMP-1309,LOT_05,4.9903270818519205,117.36605820703973,36.74311960698615,4.99628309536407,118.27004526079962,37.89511461061607,5.025291207630102,118.95930371505386,39.35264274634438,5.027689875289358,119.38762967779552,40.76970188410128,0,0.005956013512149028,0.9039870537598915,1.1519950036299207
CMP-1310,LOT_07,4.986510153069756,121.58985397545003,34.99213261623478,5.001570743274686,122.09828568696533,34.913261173379574,5.008567942508614,122.89815220880789,35.33065786174529,5.039989672136117,123.19009026916049,36.760068748696206,0,0.015060590204930335,0.5084317115152999,-0.07887144285520264
CMP-1311,LOT_05,5.0210273535599015,122.03180040556083,35.30464747938287,4.78879405191045,129.2755586592962,38.59804384521307,4.633091160102227,138.23046738395053,48.5420046430742,4.056107964054391,173.8983384657001,64.76939668592732,1,-0.2322333016494511,7.243758253735365,3.2933963658301977
CMP-1312,LOT_02,4.92925420055959,119.28334077438822,37.42437760389914,4.833916059677325,128.60791158733707,43.15194726099817,4.456061771993502,139.76449514831964,55.58719789301198,4.05489054003039,159.42684685621884,63.96645235137295,1,-0.09533814088226489,9.32457081294885,5.727569657099032
CMP-1313,LOT_05,4.965349612596664,117.55375720029413,36.22689599409831,4.980943390968504,118.10023699277697,38.32274996767383,5.000468388512343,118.40674991379876,39.3823519014163,4.995221844100575,119.73361640372548,40.54753173313817,0,0.01559377837183984,0.5464797924828417,2.0958539735755224
CMP-1314,LOT_05,4.9278815794902355,120.1227032390059,34.91560121860211,4.92763944493813,120.57840294172813,36.13347744039415,4.93757420094797,120.65477303425291,36.79686902379568,4.938278949157333,121.67515970324372,38.20190348990969,0,-0.00024213455210553292,0.45569970272222804,1.2178762217920394
CMP-1315,LOT_10,5.003361129399225,121.92595350997313,35.41796078406228,5.0275918226521314,122.6525917057415,37.166302032166854,5.0581212374291775,123.62147656076371,37.38973062693124,5.060540348210341,124.26175198217345,40.28552388965215,0,0.024230693252906832,0.7266381957683734,1.7483412481045733
CMP-1316,LOT_07,5.032869026246572,120.15040612990084,37.770590349511416,4.813504445026849,126.61182696705511,41.054639612067895,4.560938733842023,137.2130858046767,51.581430078874064,4.258463506911792,155.65073213460715,59.94665655567674,1,-0.2193645812197227,6.4614208371542645,3.284049262556479
CMP-1317,LOT_08,4.957722167395324,119.81190657690067,36.11289938973537,4.977007928560955,120.57160690813953,37.28061742312676,4.992344714229621,121.29666236770392,37.783232316341106,4.984292347521172,121.50920797931234,38.26060326348348,0,0.019285761165630966,0.7597003312388608,1.1677180333913952
CMP-1318,LOT_10,5.052454101808413,118.57991271032328,35.652723784827906,5.056162791298993,118.8765976099243,37.68050430670774,5.051129294258734,118.99280181449795,38.587862005235394,5.0815332208682085,120.21021368051927,41.281486749515665,0,0.0037086894905797863,0.2966848996010185,2.0277805218798335
CMP-1319,LOT_08,5.080440274865343,121.87824753101157,36.2001220066426,5.08454158791027,122.60342517509402,37.60171341673312,5.097384646932061,122.92794683202396,38.45506119392734,5.137511325679936,123.05644129879218,38.96187416228234,0,0.004101313044927224,0.72517764408245,1.4015914100905178
CMP-1320,LOT_04,4.979458942199512,119.96852662695795,36.43785654230286,4.994073083343687,120.48069483705864,37.57635327984303,5.013432947749134,120.47618305318976,38.912145375720335,4.997544824485959,121.25893965146989,39.848701537205905,0,0.014614141144174475,0.5121682101006826,1.1384967375401729
CMP-1321,LOT_10,5.007091395922821,119.42133542587676,37.293137254064426,5.024172051242922,119.98175889090389,38.63939717449411,5.023592108852309,121.13419041344889,38.89557857395254,5.04643542440879,120.83854575159502,40.37986567415247,0,0.01708065532010128,0.560423465027128,1.3462599204296808
CMP-1322,LOT_06,4.961414499950075,122.37668440961625,33.19294580812567,4.860592694884265,131.6737598790582,38.621609110606656,4.7303685864462235,139.83292045686017,47.819206586615124,4.142914241737274,179.27242381520006,54.5453924525616,1,-0.1008218050658094,9.29707546944195,5.4286633024809845
CMP-1323,LOT_03,4.990478423318449,119.34889368567195,32.3795837972347,5.001090955821012,119.95338465791386,33.413388196623806,5.0376281934013,120.15201601446486,33.88283633817694,5.023751335734685,121.07526806301007,33.89242129660279,0,0.010612532502562999,0.604490972241905,1.0338043993891048
CMP-1324,LOT_01,5.01241584197778,115.76121411233382,34.824936096672616,5.014330426758393,116.17054945947106,35.155885704333684,5.030573256938497,117.19908237364213,36.088397491418824,4.9911427447231205,117.31334747813746,37.00017467057446,0,0.0019145847806134597,0.40933534713724384,0.3309496076610685
CMP-1325,LOT_09,5.043988236406368,118.66301303621373,32.53440078378216,4.7934046244292245,125.33164284904308,38.30114557989245,4.4821418218560956,140.0461173374544,52.63432280098763,4.3498110678241195,153.1926094929929,56.05268281317828,1,-0.2505836119771434,6.6686298128293515,5.766744796110288
CMP-1326,LOT_04,4.945272038247071,118.95533265154526,34.11304584247734,4.934759143686601,119.34621892363587,35.66547112006845,4.956771945145869,120.00377408072269,36.53128014168694,4.9837371142094415,119.8161349762019,36.89360942249816,0,-0.010512894560470443,0.39088627209061144,1.5524252775911123
CMP-1327,LOT_07,4.966441084647791,121.10384925351293,34.342299557468024,4.968065829693063,121.43077889093952,35.50307423798103,4.981153062142523,122.3858029209363,36.15802961468028,4.981922840717105,123.15059565620298,38.291591672603104,0,0.0016247450452722134,0.32692963742658776,1.1607746805130077
CMP-1328,LOT_08,4.921949363870935,118.37629043543353,33.41885780391839,4.932313881639929,118.77462221252522,35.220310250339544,4.918742323433318,118.92622029745141,36.14262464277947,4.962742602635212,118.48105409707729,35.83198212300735,0,0.010364517768993942,0.3983317770916841,1.8014524464211519
CMP-1329,LOT_03,5.094388044260849,119.17100501967394,34.74402953386937,5.096019386688003,119.79764629965116,36.508294326116335,5.124859697748703,120.28894611585454,36.88902847354872,5.116183326774199,121.48803965186795,38.18788064743904,0,0.0016313424271539034,0.6266412799772212,1.764264792246962
CMP-1330,LOT_10,4.981999537334127,119.44194849302332,32.268052758095756,4.994319910654109,120.0431494256744,34.19799906550491,4.984334256301462,120.76230585506103,35.48141714109285,5.024712329272815,120.53974860925234,35.3460577209109,0,0.012320373319982814,0.6012009326510821,1.9299463074091534
CMP-1331,LOT_09,4.972028308768564,122.58327402706651,34.39887262626191,4.963091301327374,123.03846272416554,35.639009300384764,4.97822071860829,123.63872950030752,37.186003807563104,4.960795489893331,123.8266085499902,38.875052530793084,0,-0.008937007441190303,0.4551886970990324,1.2401366741228514
CMP-1332,LOT_01,4.997315277639862,122.45784223047407,36.82102437640109,5.013916441368325,123.09493009082641,37.30051281487352,5.044514097627263,123.23491157744067,37.53030630518683,5.0416739239916,123.8484228429678,39.465870174105326,0,0.01660116372846332,0.637087860352338,0.47948843847242983
CMP-1333,LOT_08,5.021686229278321,118.76293139168308,36.0147319372792,5.023368687277499,119.4455624965583,37.04704589706383,5.039376844519854,119.41136630342389,36.72167309947309,5.013340202629231,121.31844792440754,38.12852203878616,0,0.0016824579991787658,0.6826311048752132,1.0323139597846307
CMP-1334,LOT_07,4.967904610054465,119.51993980156152,34.93291961739611,4.900093531445039,128.68895086314438,41.510469327876635,4.6957960709412765,144.73972876918558,49.53185028959244,4.117868912965751,161.44776179987184,56.826778929017294,1,-0.06781107860942548,9.169011061582864,6.577549710480525
CMP-1335,LOT_04,4.959640881751673,118.16597369788302,35.55027164273911,4.9673575186189725,118.75225373741903,36.79421265256551,4.961461177804647,118.92532317778625,37.47988246097886,4.971855104146697,119.31204766765588,40.15076225982541,0,0.00771663686729962,0.5862800395360068,1.2439410098264005
CMP-1336,LOT_06,5.101153221363901,120.57775276671818,36.47935742452689,5.119836549537203,121.20114460217138,38.31027332409848,5.113600299210051,121.65423108883786,38.68384986784811,5.105914958916555,121.87052404289227,41.80831154667754,0,0.018683328173302094,0.6233918354532051,1.8309158995715933
CMP-1337,LOT_10,5.10429135817216,125.99026072739217,37.85823952864746,5.1378726768254985,126.55529423560331,38.97240364549079,5.152295267243729,127.05531289698642,39.84723521307456,5.172916328128567,127.32238530795505,39.87030425524382,0,0.033581318653338244,0.565033508211144,1.1141641168433338
CMP-1338,LOT_01,4.965359758283759,118.82145300505732,34.785870154528745,4.97163832608842,119.54346150356066,35.70249938476707,4.999045070656571,120.10526637824331,36.458234883799236,4.994802735814155,119.8976465715503,37.97296113634363,0,0.006278567804661073,0.7220084985033424,0.9166292302383283
CMP-1339,LOT_06,4.932391295731106,116.96203959551404,34.194772212378744,4.956237919311035,117.50623467423009,34.807424592504645,4.944443827307079,117.80103788289401,35.23164902824811,4.994950273683941,119.01250679892361,35.9675030947519,0,0.02384662357992884,0.5441950787160437,0.6126523801259012
CMP-1340,LOT_06,5.032537844933771,117.64063837047414,34.874271951758146,4.899578844341642,125.96710920790885,38.30846033654531,4.527795485587189,145.1293331797707,51.04149188386972,4.446104686724543,170.83508777356946,61.111204008776355,1,-0.1329590005921295,8.326470837434712,3.434188384787163
CMP-1341,LOT_01,5.0302153993983545,117.74962691556972,35.59528053394482,5.032793245596098,118.2209601351586,37.44928734757293,5.021819603464608,118.63711989462679,37.611964461417614,5.055854605087133,119.74507659285362,39.585011442648344,0,0.002577846197743483,0.4713332195888853,1.8540068136281036
CMP-1342,LOT_03,5.066420116452603,120.66100486954429,36.229349084467714,5.083572690321055,120.58575678871293,37.19101468165724,5.077401573287834,120.83696172046587,38.72830773531988,5.096076579414603,122.53204088661593,38.06486394544055,0,0.017152573868451704,-0.07524808083135781,0.9616655971895227
CMP-1343,LOT_07,4.982931424012075,120.6146546732021,34.831539760445374,4.991505661632415,121.05380745945568,35.92128644064924,5.011130235945333,122.03813410474743,36.620030172977835,5.003632895719697,121.79257668122612,39.09711352467524,0,0.008574237620339709,0.43915278625358667,1.0897466802038664
CMP-1344,LOT_03,4.905048328678092,116.11375859440723,33.75491318075287,4.9173497831186355,116.6070645665635,35.01230245667471,4.9247181314858866,117.52629019797718,36.19835814606172,4.938901315260949,118.17973428183055,35.693177477222534,0,0.012301454440543758,0.49330597215626426,1.2573892759218381
CMP-1345,LOT_06,5.030101824997625,116.56966799434277,34.609389639688274,5.044106432961136,117.16510041962223,36.202454560415376,5.065529012947237,117.64684660481062,37.33994143488975,5.060079160250043,118.23848739600366,38.83829644053326,0,0.014004607963510551,0.5954324252794692,1.5930649207271017
CMP-1346,LOT_04,5.018099483976592,121.92261753863403,36.06824729110858,5.040434202535406,122.88830719822461,37.41971117778705,5.043514814264334,123.54185411257055,38.45412038603226,5.072704416405613,124.6358153218433,38.07242197059985,0,0.022334718558814082,0.9656896595905806,1.3514638866784736
CMP-1347,LOT_03,5.028403533163511,121.18427016244627,34.63753278911075,5.0384667730616775,121.8238605942759,35.95430898549591,5.059277419011728,122.51186116575688,37.2035039725671,5.074199746461391,122.31168626164583,38.62012342030222,0,0.01006323989816682,0.6395904318296317,1.3167761963851632
CMP-1348,LOT_08,4.99866866240223,122.99895989596496,33.62405705013261,5.008371036206126,123.37072826560299,35.313667676344515,5.0429781845222585,123.84096942957672,36.69919843767544,5.061383568764192,124.35426883662215,37.4174689657821,0,0.00970237380389527,0.3717683696380334,1.689610626211902
CMP-1349,LOT_04,5.005504879760728,124.28557421240387,34.249979719624555,5.024043142167794,124.89033510163128,35.16809676527308,5.037367968561434,125.91612107899311,36.24489533856273,5.058239514633019,126.69076624975716,36.93656841567454,0,0.018538262407065353,0.604760889227407,0.9181170456485219
CMP-1350,LOT_09,5.088417369579514,120.27304356523686,36.34040127522352,5.090794077723321,120.8507488262861,36.79193488279259,5.101750175319243,121.15637187073261,37.15310771533631,5.104731624336003,120.70405350480199,37.86401293257056,0,0.0023767081438066384,0.5777052610492319,0.45153360756906835
CMP-1351,LOT_03,4.94629065265187,121.09574713893014,33.68268039177217,4.963510291356004,121.57261932423778,34.52011881657601,4.972144337000092,122.84047786123749,34.94071805681483,4.988041464681332,122.96330367898396,35.75018853730486,0,0.0172196387041339,0.4768721853076414,0.8374384248038353
CMP-1352,LOT_01,4.969945092851892,121.51892640221773,34.486994822407574,4.977634033538282,122.20108033247615,35.08382328266014,4.98630270387109,122.2469280200811,36.04418281302304,5.0022241750296494,123.59884848155976,36.16761837732303,0,0.007688940686390033,0.6821539302584227,0.5968284602525671
CMP-1353,LOT_03,4.98769466569221,122.96357615088245,34.51887086603902,4.984035467449761,123.32760029788749,34.713394949330414,4.974598874267653,124.02889638213611,34.790253330649364,5.010282039256858,124.34047163582878,36.288172350055746,0,-0.00365919824244898,0.3640241470050398,0.19452408329139104
CMP-1354,LOT_01,4.953116924532638,121.68168880165409,33.9524895521415,4.959253255646569,122.08061860057467,35.29722633434538,4.977419914349203,121.79410825079752,36.22434780248447,4.944361399010058,122.90995774448008,37.21068711694802,0,0.006136331113931526,0.3989297989205767,1.3447367822038814
CMP-1355,LOT_01,5.0360038283039765,118.45306841436143,33.78530449625402,5.0456441327674515,118.64432199824819,34.54681550866018,5.075865300268262,118.69243182868497,35.17675682900348,5.053798116508849,120.64695593894207,36.11652654332446,0,0.009640304463474969,0.1912535838867626,0.7615110124061601
CMP-1356,LOT_02,4.948461753609913,120.0186436071345,35.40525058253553,4.949603555133717,120.7163881672789,36.540782374679786,4.972382044165196,121.11794750892692,37.46237454012545,4.965341625236236,122.44522894202447,38.63379368457664,0,0.0011418015238042756,0.6977445601443861,1.1355317921442563
CMP-1357,LOT_01,4.974201818476391,120.47544414964766,36.22938118905907,4.977356237497291,121.00076000508288,37.32146593456863,4.992731690242925,120.98851108452466,37.65909958471313,4.970039347094852,122.01720221840876,38.60068723865638,0,0.0031544190208991907,0.525315855435224,1.0920847455095597
CMP-1358,LOT_07,4.940285973804458,119.1935269256644,33.31384459817185,4.957865058224788,119.78937251962351,34.388959238909024,4.963335929279579,119.6780664897327,34.9598559261616,4.96263592735104,120.91300962825628,36.88472497395252,0,0.01757908442032985,0.5958455939591119,1.0751146407371763
CMP-1359,LOT_05,4.971584288280746,118.78044823735871,36.55681734335386,4.983246452226127,119.23104848925027,38.48007791580125,5.0019124104368675,119.67388523707004,38.9371055089776,5.029776705657804,120.3345469996951,40.49969145143199,0,0.01166216394538111,0.45060025189155795,1.92326057244739
CMP-1360,LOT_03,5.044004392842699,121.0997399689818,36.32596336344792,5.058518136431726,121.71071808566784,36.9601444360262,5.095673444655989,121.84061508797062,37.914833243274934,5.051782795268154,122.66165371624986,38.50310952573173,0,0.014513743589026795,0.6109781166860415,0.6341810725782793
CMP-1361,LOT_02,4.95218331485027,119.94117109009684,37.090511333684425,4.9490606638752555,120.27036033626443,38.52088865764209,4.960223986073951,120.8157068152118,39.832039831988254,4.95317928983929,121.01069272121563,40.00677516446862,0,-0.003122650975014629,0.32918924616758716,1.4303773239576643
CMP-1362,LOT_09,5.0669761042473835,116.59783980895098,33.20867178363489,5.063319273574452,117.37817859908817,33.90147181628501,5.068419168883177,117.3937883457119,34.570278798202054,5.100649707991291,118.50465712322466,35.81518057524611,0,-0.0036568306729316546,0.7803387901371934,0.6928000326501191
CMP-1363,LOT_03,5.007345738196294,118.01635028593338,35.98233673696682,5.0261964236627446,118.41062054420257,37.345252833852676,5.034550329700484,119.25476193867621,39.16232816388172,5.02432311402408,119.79536274597591,40.38922448678286,0,0.0188506854664503,0.39427025826918793,1.3629160968858542
CMP-1364,LOT_03,4.971243966589067,118.82724580354159,34.80082814219582,4.977680311526861,119.28758888593057,36.219822306334905,4.959243135698569,119.49542085943816,37.35478634443984,5.008735834499278,119.75831778891389,38.66758386657784,0,0.00643634493779377,0.460343082388988,1.418994164139086
CMP-1365,LOT_05,4.949601948896806,121.7499085126285,37.58456814645631,4.755294933724827,129.82841266052856,45.219801598786844,4.571803073301987,149.79128637193872,52.842027227885495,4.278585749905307,177.88813507073138,65.77793587759263,1,-0.19430701517197857,8.078504147900063,7.635233452330532
CMP-1366,LOT_07,4.958264434049129,120.66667236049574,35.8684316458691,4.969882623947281,121.22598651649054,37.05895568956885,4.981954089246962,121.49793866219574,37.43428710849305,4.987782993063762,122.16290449246603,39.40241147551011,0,0.011618189898151776,0.5593141559947981,1.190524043699746
CMP-1367,LOT_01,4.959455814044142,115.63768837053877,33.84659419118101,4.956010910428876,115.9916139300666,34.96773268561362,4.967276768046457,117.04906721514807,36.009273461654715,5.014194256095171,117.34918363206157,37.83629808025765,0,-0.0034449036152652823,0.35392555952783766,1.121138494432607
CMP-1368,LOT_01,4.946274535833536,119.10208021839824,34.982195703983,4.949992946993485,119.40185173350407,36.19061455019338,4.944911989500526,119.44180414906852,36.42957149324458,4.965305837228221,119.90639217962182,38.008142627538575,0,0.0037184111599497527,0.29977151510583155,1.2084188462103782
CMP-1369,LOT_01,4.966958704545535,117.3921168259221,34.13656480227619,4.9835151526433705,118.06995607173101,35.313009762792866,5.011536693408302,119.08871670761683,35.8713957987281,5.033246417723101,118.93968131133514,38.12888872060092,0,0.01655644809783574,0.6778392458089115,1.176444960516676
CMP-1370,LOT_07,4.901147079037369,118.06754573014642,33.16806812553446,4.89332660872111,118.74340872682555,35.20245405309449,4.8994615211506245,119.49965572643546,36.74476671193987,4.917493242724765,119.73075219436802,37.00590371090082,0,-0.007820470316258543,0.675862996679129,2.034385927560031
CMP-1371,LOT_07,5.023090245301959,120.85492615163373,34.92319564818807,5.017160700051231,121.53446942938506,35.28088308838065,5.036451484682519,122.26119042438295,35.51066703613529,5.025004684239128,123.59520670507993,37.21729729808514,0,-0.0059295452507281965,0.6795432777513213,0.3576874401925778
CMP-1372,LOT_07,5.040043961985652,118.45464958885364,32.11921396631886,5.055241657466117,118.77132602569702,33.27980813743008,5.053051306894582,119.48348728397792,34.171557299733045,5.023457485686937,119.96233229604931,35.048023074685766,0,0.015197695480464901,0.3166764368433803,1.1605941711112209
CMP-1373,LOT_04,5.037807892187651,118.57891839795815,33.814898373773055,5.0475513988770455,119.00679517259938,35.483902899878096,5.055251612996195,119.13934864760427,35.87011244303377,5.0868524205693255,119.92316650046791,37.307333485518285,0,0.00974350668939472,0.4278767746412342,1.6690045261050415
CMP-1374,LOT_08,4.954261840556723,115.52964740314533,33.72070003046504,4.816366294984039,123.03062436246915,37.38005560033839,4.512189903597863,131.2901272093899,47.28584401912353,4.052071400372652,145.50081856945738,65.9739456809284,1,-0.13789554557268335,7.500976959323822,3.659355569873348
CMP-1375,LOT_07,5.036063166250647,121.02625931718406,32.39386810284438,5.045913819722872,121.33494444729676,34.03495204381756,5.072869512108528,121.5497858040807,34.81196295196455,5.070884008593015,122.78534007604128,34.694457443923596,0,0.009850653472224913,0.30868513011270693,1.641083940973182
CMP-1376,LOT_02,5.001907425542041,114.93716635524913,35.2378586147181,5.017829503277868,115.68438233691468,35.9265744890901,5.0302472279698955,116.37983528881277,36.138714484882925,5.0561364592329,116.8215534995285,37.44221742452545,0,0.015922077735827322,0.7472159816655477,0.6887158743720008
CMP-1377,LOT_01,5.039003697512393,119.27907981970614,35.34063574006829,5.04279438133086,119.59151125196779,36.42640213602321,5.0393428663255815,120.33168533940244,37.52251840211178,5.047492092203982,120.69840146790438,37.810642215756,0,0.0037906838184671443,0.31243143226164705,1.085766395954927
CMP-1378,LOT_09,4.970138741627649,119.89936634145458,35.7821130873703,4.981633540932352,120.58090126446022,36.29153000166201,4.985983065113669,121.57421127499012,36.1259899751866,4.9925944548138315,121.04515429057889,38.13521127825875,0,0.011494799304703207,0.6815349230056427,0.5094169142917124
CMP-1379,LOT_06,4.9556718567842175,120.51104131881901,33.04157364213458,4.959790236052426,121.01101790899388,34.411264084154084,5.0062845803226255,121.7218566456805,34.705014123879344,4.9779133309444425,122.10150600651079,35.99575138787927,0,0.004118379268208905,0.4999765901748674,1.369690442019504
CMP-1380,LOT_09,4.886431145579976,121.106299242656,34.28541886635429,4.8953340932630205,121.8994438304613,34.654660278549834,4.909424882442078,122.63762030416324,35.53982850769298,4.883050247152617,123.57464214411196,36.48557703822475,0,0.008902947683044893,0.7931445878053012,0.3692414121955423
CMP-1381,LOT_02,4.9808926804497204,117.61964065450044,35.24742587911598,4.98492035037058,118.2538183089304,36.50622362592357,5.019305391547038,118.6903283659186,36.904598750401156,4.975525503667526,120.35049000196781,39.03591002313647,0,0.0040276699208599,0.634177654429962,1.2587977468075877
CMP-1382,LOT_06,5.084657754463357,122.71232476777206,32.97308374631729,5.087123005712517,123.18585979873998,33.43804119831631,5.095674313768854,123.89944838267192,33.55141076915517,5.112983016671995,124.77010878645633,35.75821738973273,0,0.002465251249160083,0.4735350309679234,0.4649574519990196
CMP-1383,LOT_04,5.041542093604968,117.64615977590393,35.36418771664268,5.051797250935501,118.37128198114587,36.07281333610824,5.054331213757105,118.49872251995644,37.091455473408445,5.063320934074857,118.94024499251094,37.459360322766415,0,0.010255157330533393,0.725122205241945,0.7086256194655576
CMP-1384,LOT_08,4.944851975013846,117.97166807004064,36.344542138276076,4.953190769255552,118.6627570872375,37.16486423062149,4.963173880764603,119.20964686881835,38.658507364194904,4.999308225779758,120.23937560633367,38.66180913467318,0,0.008338794241705472,0.6910890171968589,0.820322092345414
CMP-1385,LOT_05,5.0688379851150405,122.32563746423747,35.01957388600013,5.086116070563782,122.9747149948545,36.09404528168983,5.099001674934837,123.50417359589534,36.499997015050376,5.092395021812663,123.62396981409968,36.81465586026383,0,0.017278085448741543,0.6490775306170207,1.0744713956896987
CMP-1386,LOT_05,4.997971331358122,121.52392827136741,36.891075924468666,5.021214275006587,122.30762136302936,37.512535410824164,5.00973488583678,123.08684443644898,39.003602129924616,5.072334123950795,123.55011946787555,37.915172252741264,0,0.02324294364846491,0.7836930916619451,0.6214594863554979
CMP-1387,LOT_05,5.062603751062929,122.85925738796647,36.364450105078,5.066730962079971,123.15343392505594,37.631430680986156,5.064844735423588,124.09597505710865,37.579151212310194,5.098068694327864,124.31320141242718,39.46601734696122,0,0.00412721101704161,0.29417653708947,1.266980575908157
CMP-1388,LOT_06,4.896911184877847,118.93714262785463,34.22917522814902,4.918028551466331,119.2805715001986,35.45556053493091,4.908644954414704,119.92464595842368,35.13671035883858,4.979934475024945,120.21003773679968,35.2199599554117,0,0.021117366588484288,0.3434288723439778,1.2263853067818928
CMP-1389,LOT_05,4.967209093406685,119.27071720840232,34.00607427001161,4.776388489553274,124.95335130440463,41.23875840591124,4.3812734010963545,133.14619478552737,48.384030310665956,4.058243399082406,149.09820332622027,60.44921178502734,1,-0.19082060385341038,5.682634096002317,7.232684135899632
CMP-1390,LOT_01,5.019803748888473,120.61741756410206,33.41879091636413,5.041734224025762,121.07588831213614,35.25657671732262,5.058040532867051,122.16716825124769,36.644211301975844,5.06627801658858,121.71433487882634,36.69532273750703,0,0.02193047513728974,0.45847074803408816,1.8377858009584926
CMP-1391,LOT_06,4.970548688200446,121.66611989522008,35.05815699553405,4.988938786353454,121.97102588187977,36.55789282953813,5.0064537198936625,122.83029678121834,37.8466080798963,5.007239718339295,122.88833861155811,39.984317623610885,0,0.018390098153007628,0.3049059866596906,1.4997358340040847
CMP-1392,LOT_10,5.037421684941892,119.23722601562052,32.207175379793526,5.035148293963832,119.81841019259292,33.557741229596076,5.051286495102135,120.66219504301097,34.55337130721314,5.0396435998371505,121.1155612833298,35.693427598340044,0,-0.002273390978059453,0.5811841769723998,1.3505658498025497
CMP-1393,LOT_04,5.003968508300872,118.7899988982253,34.73320133965553,5.028104179656293,119.56617646143924,35.8272734092908,5.038963187024603,119.63626266526009,37.48695596597394,5.068831017403653,120.94215224679141,36.00748883561828,0,0.024135671355421273,0.7761775632139347,1.094072069635267
CMP-1394,LOT_08,4.993643564584046,121.3656308766012,34.32345377968131,5.00132646241951,121.98951346439215,34.93666459613697,5.002715822168371,122.54751145632044,36.40590744781176,5.037495857163977,123.5272154988584,36.987318041109205,0,0.007682897835464608,0.6238825877909449,0.6132108164556627
CMP-1395,LOT_10,5.1011119609200675,124.30351795036007,35.68492452430534,5.119434587294423,124.79591797755901,36.58014034276867,5.120271531663958,125.28121437267968,37.658107080571526,5.1478322642376915,126.78921951340463,38.660359979410714,0,0.018322626374355444,0.49240002719893994,0.8952158184633348
CMP-1396,LOT_07,5.082215531061171,117.55809144348046,34.16091361174186,5.0949329624746795,118.1415264599331,34.43819445227658,5.093735878929075,118.19729172155134,35.54905098393786,5.1386005601687375,118.53060743780985,37.234722414714874,0,0.012717431413508784,0.5834350164526398,0.277280840534722
CMP-1397,LOT_05,4.900871048206609,117.85748796161054,34.10711361963681,4.827954590547068,125.6208828115781,38.596871655651356,4.462128324625777,145.07564495828592,44.90896900223476,4.188413078511798,152.73611788578398,59.719621290723765,1,-0.07291645765954069,7.763394849967554,4.489758036014543
CMP-1398,LOT_06,5.109889378011795,117.92026898844091,34.105090509927024,5.125044700862169,118.65402685810265,34.02304866513316,5.136354753145763,119.00788396513349,33.861038065618004,5.118301345262322,119.37013962828217,36.07010068111912,0,0.01515532285037402,0.7337578696617442,-0.08204184479386356
CMP-1399,LOT_02,5.047376971858383,120.05344867169453,33.942581079594504,5.055539472319677,120.69255214118837,35.458862164257894,5.06332135205302,120.91381756247345,36.42669124400151,5.085099091596522,122.30891168421493,36.91585186589021,0,0.008162500461294186,0.6391034694938469,1.5162810846633903
CMP-1400,LOT_06,5.037808009876978,119.18513285798178,34.32547372598135,5.0603494085783804,119.41093173672554,36.3535752958691,5.061159877381763,120.17095025756576,37.09917546490641,5.085776654275823,120.27953848684466,39.03883661749548,0,0.022541398701402038,0.2257988787437597,2.0281015698877525
CMP-1401,LOT_02,5.0906670912935,120.05876539402739,33.986456658470686,5.085764225394381,120.93188100023458,34.710493970243064,5.126691798971898,121.55153730565844,35.58193657039429,5.10916110164094,123.03985646987293,34.956719114706374,0,-0.0049028658991190355,0.8731156062071932,0.7240373117723777
CMP-1402,LOT_06,4.986739819623497,119.57381322983387,35.22396777821285,4.823427112148691,127.95007456421048,41.18860158498027,4.507603901966345,146.87886539593143,54.95396921141534,4.062742545401964,177.35041807287342,60.86404815587221,1,-0.1633127074748062,8.376261334376608,5.9646338067674165
CMP-1403,LOT_02,5.001504847630494,122.28274420946885,37.356131918093155,5.019585087758614,122.66868754110637,38.33629119894985,5.038190138253255,123.4200110123202,39.097552591678074,5.028248916816472,124.46079103479528,39.47843542733469,0,0.018080240128119485,0.38594333163752026,0.9801592808566966
CMP-1404,LOT_03,4.933643609524929,118.11289836075136,36.87101731567851,4.956451937090061,118.59808925385832,38.1191745134569,4.966294368425702,118.74049620607244,40.02822801729411,5.003946736391461,119.77529895652317,39.43446257554308,0,0.022808327565131847,0.4851908931069602,1.24815719777839
CMP-1405,LOT_04,5.0048791120464236,120.6198463491987,34.48831175928446,5.0003349845173535,121.54625814634187,35.60707513270013,5.01718386452027,121.91953533051938,35.62606957503552,5.018668973899397,122.38464714184842,38.17470263727579,0,-0.0045441275290700744,0.9264117971431745,1.1187633734156748
CMP-1406,LOT_05,5.0382514739854685,121.9765446718343,37.7054987112149,4.907744060962246,132.17497631345398,44.44628957196849,4.508937523745926,140.28516565636593,52.51441740320941,4.586712862325998,175.65464837696055,68.1267219545769,1,-0.13050741302322244,10.198431641619678,6.740790860753592
CMP-1407,LOT_07,5.080963078076214,116.64795183185821,33.20149994757977,5.120241229938545,117.34985657583012,34.313723933103276,5.130721792593223,117.83279853170164,34.146850654335566,5.124794647846075,118.29393277857778,35.74103603273497,0,0.03927815186233108,0.7019047439719088,1.1122239855235065
CMP-1408,LOT_09,5.127936571099031,119.4966939168672,35.417180012400095,5.140361933949069,120.11458581659181,36.178538629465045,5.169066652669649,120.74765447467384,36.33495644260271,5.158211853964477,121.02851165625592,38.004006265200545,0,0.01242536285003748,0.6178918997246114,0.7613586170649498
CMP-1409,LOT_07,5.025832654140699,120.67783071615513,35.12845656148426,5.014320584099576,121.33340924194276,36.3726336090375,5.009549164949508,121.91758392546176,37.49660284957761,5.057745525404077,122.5885599635297,38.629915054490596,0,-0.011512070041122868,0.6555785257876323,1.2441770475532365
CMP-1410,LOT_05,4.984672998990294,120.8240064391901,34.06833020869426,5.005775966066507,121.00206421633877,35.47669879576942,5.016041600494227,121.79168041555666,35.88642661057377,5.027575637642832,122.03237926120441,37.823805643809784,0,0.021102967076212842,0.17805777714866622,1.4083685870751594
CMP-1411,LOT_01,4.907705293596382,118.66431588576528,32.6559049892912,4.925987487593238,119.24434204126709,33.88392431274057,4.958085328536966,119.64955954051855,34.9887171534469,4.947307934536767,120.20122476393279,36.92922497840368,0,0.018282193996856044,0.5800261555018125,1.2280193234493666
CMP-1412,LOT_05,4.978426666856829,121.66743918303976,35.478675368970215,4.991737791081333,122.21687472884646,36.31213637323964,4.947963082667508,123.177317526226,36.76477007940344,5.006906648182321,123.10672827883742,37.68509365863694,0,0.013311124224504312,0.549435545806702,0.8334610042694237
CMP-1413,LOT_10,4.964173201058523,120.29860403330271,34.95042996056245,4.983451586771404,120.53052747576636,35.547735300116564,5.004331050933965,120.8386045927319,35.896034168844025,4.9916457679512325,121.48003811742167,37.46999215126293,0,0.019278385712881096,0.23192344246365337,0.5973053395541115
CMP-1414,LOT_06,4.948571742577568,121.54631785450707,36.98932964338652,4.9394674557137,121.73560973102236,38.49075813077401,4.973014400823086,121.59685603951094,39.69847638141343,4.9922250534426755,122.30440359810596,41.75449239228858,0,-0.00910428686386755,0.18929187651529844,1.5014284873874928
CMP-1415,LOT_05,4.9640383342726455,122.00205705204277,36.2516781764232,4.991285427829943,122.79017852586482,37.24710315431458,5.047911107057672,123.69541632040693,38.317361171837405,4.991342339876871,123.025162161251,38.09108086865325,0,0.02724709355729793,0.788121473822045,0.995424977891382
CMP-1416,LOT_04,5.068865132794511,120.97417782667505,34.079940224947315,5.077506442685544,121.42262854608947,35.479965560209145,5.074324476249006,122.02753446192435,36.4300084481825,5.080529082482486,123.21663156069465,37.243508594990644,0,0.008641309891032734,0.44845071941442427,1.4000253352618302
CMP-1417,LOT_01,5.002724778857732,120.81685662531811,33.22298029971269,5.020848941374152,121.75134229822302,33.59156343482046,5.036162073463995,122.01574938961802,35.73636646461919,5.065641590937157,122.892395969738,34.60926945412492,0,0.018124162516420128,0.9344856729049127,0.3685831351077695
CMP-1418,LOT_09,5.03731372528409,117.27501560456501,33.0033292328869,5.047402037935768,117.80169893847373,34.193344936484046,5.050809158468511,118.57774290231306,34.56243757999583,5.0799349250068975,118.9087592778078,36.67386420498687,0,0.010088312651678422,0.5266833339087214,1.1900157035971475
CMP-1419,LOT_09,4.966946123409029,116.62321248769683,31.971496856115746,4.975186381828334,117.10170791152291,32.42845529414383,4.972119886330307,118.05874406871169,33.666375184295234,4.969954244333902,117.88053388596346,34.753257447468954,0,0.008240258419305313,0.47849542382607524,0.4569584380280851
CMP-1420,LOT_09,4.9595652342297285,119.32350843243493,36.63599132799871,4.868635299355666,125.85261479685039,43.32681796995018,4.505918868985153,141.00366958090765,53.96084552061717,4.284839419584639,148.3392274012593,69.43337379103407,1,-0.09092993487406265,6.529106364415455,6.6908266419514675
CMP-1421,LOT_02,5.052729721882429,122.43229788196004,33.32838289716123,5.0612492751949025,122.92051020438579,33.94299476033377,5.077039000606214,123.2105266038606,34.472864387655584,5.079222420598201,123.17597906327312,34.297832144352455,0,0.008519553312473782,0.48821232242575263,0.6146118631725415
CMP-1422,LOT_01,4.962983845544407,124.26972816605007,37.95775688762549,4.967919059327217,125.23753876516659,39.42654415231928,4.968239352283071,124.96298684322291,40.570621721119444,4.98854497682484,126.45321955803844,41.24347521111572,0,0.004935213782809811,0.9678105991165182,1.4687872646937876
CMP-1423,LOT_01,5.035331864297252,119.29124926525158,34.45937321398609,5.030137993416675,119.80948936160723,34.90340724324233,5.053915886412146,120.08925909153818,35.55555519799445,5.093417664731563,120.65620225025694,36.550947390335864,0,-0.0051938708805767675,0.5182400963556546,0.4440340292562368
CMP-1424,LOT_03,4.910736909888717,122.50161864355705,36.49091006518339,4.925981427337464,122.32619914486179,37.361204215945506,4.916888433947384,123.16343118004966,38.687484759573515,4.95374162513408,122.72464354629179,40.55663958436545,0,0.015244517448746997,-0.17541949869526263,0.8702941507621134
CMP-1425,LOT_05,5.013269353343133,121.0136160378333,34.30954342315621,5.037338909120951,121.63530281469203,36.03098926941352,5.050002027099157,122.12119121691529,37.12855435086292,5.086189719302776,123.14366996831161,38.14156831513694,0,0.02406955577781833,0.6216867768587235,1.7214458462573106
CMP-1426,LOT_10,5.040519301968566,117.12259040509201,35.05250863422851,5.049361640094861,117.33903670847889,36.238760179165425,5.09167640619797,117.7452550491249,37.42170001037199,5.116475436869703,118.77034331798332,37.72288553303924,0,0.008842338126294536,0.2164463033868742,1.1862515449369155
CMP-1427,LOT_04,5.071690656663698,122.42810068127618,30.845174572273148,5.073128611141736,122.91409533675346,31.3375310410043,5.027627237755376,123.19640979042826,32.13572573726047,5.082622917485507,123.4156237092153,33.370702740832165,0,0.0014379544780380726,0.4859946554772847,0.4923564687311526
CMP-1428,LOT_08,4.976570144301727,122.74348764494735,35.08657162381921,4.977855007605378,123.01858018047739,35.98008672218988,5.004556317408439,123.27147356773445,37.078026464188234,4.999746145805664,125.01519666522972,38.292287893118335,0,0.0012848633036508517,0.2750925355300353,0.8935150983706706
CMP-1429,LOT_05,5.038501099544798,119.20597797540837,33.254006443504984,5.053861451457064,119.71868101076137,33.495731397636206,5.067679266441924,120.02758314135501,33.53793037670496,5.066819124589298,121.36014037786481,36.46218059770665,0,0.015360351912265813,0.5127030353529989,0.24172495413122164
CMP-1430,LOT_03,5.0134616445046065,121.1915944067102,35.147966872217005,5.012411136242462,121.51049402693971,35.844376409438155,5.043431522392007,122.33350124627584,36.10443762777474,5.033478958550786,122.30919045556335,37.72029597799761,0,-0.0010505082621445894,0.3188996202295158,0.6964095372211503
CMP-1431,LOT_08,4.999054673156318,120.43231360920255,35.336387309199985,4.998776971406708,120.95402434877066,36.8675457200934,5.030867336188919,121.10967985845483,36.90824510139904,5.020019663007539,122.50861813663818,39.15522288352035,0,-0.0002777017496100598,0.5217107395681069,1.5311584108934184
CMP-1432,LOT_10,5.040609122807851,121.36059215215961,32.95962646864022,5.044889247965151,121.42136969100103,33.88838244401724,5.022425956352502,122.32116820155318,35.465793177971705,5.067702117806387,121.66508313716207,36.18895256714778,0,0.004280125157300141,0.06077753884142112,0.9287559753770225
CMP-1433,LOT_02,5.059249199524546,119.02966937660756,33.69318492824993,5.068540579432919,119.14432830561941,35.8252292089069,5.080635330130127,119.90436019192951,36.3944749447088,5.057678852035753,120.85723572095985,36.92594898388559,0,0.009291379908373365,0.1146589290118527,2.13204428065697
CMP-1434,LOT_10,5.022154240565973,120.14790260735776,33.8231236457267,5.03065791819571,120.45789244214929,35.22771249200617,5.049231122108184,120.95147171221991,35.743536756158655,5.092804276191351,120.80686044907262,35.992022014517495,0,0.00850367762973736,0.30998983479152287,1.4045888462794665
CMP-1435,LOT_01,5.054879122737719,121.29223290989334,35.04428838047306,5.069882500565914,121.88866605954327,37.09606674056404,5.083682951423345,122.18434291973942,37.99531729047815,5.037508912300509,122.87234228883308,39.97045271744883,0,0.015003377828194608,0.5964331496499256,2.051778360090978
CMP-1436,LOT_07,5.014927802182283,121.29847831114098,36.65488481731657,5.039180136255265,121.88796949119887,37.496829100060225,5.014477306396868,122.6814215193012,38.55443035686218,5.062233326005581,122.54394374360176,40.26895070273267,0,0.02425233407298144,0.589491180057891,0.8419442827436541
CMP-1437,LOT_06,4.997200570541588,120.899703436331,33.277051983454804,5.0128260891606615,121.25552576496939,33.93415013000523,5.036104689874028,121.45701722664072,35.17587133051046,5.034853423654839,121.43138739053435,37.025730811322425,0,0.015625518619073908,0.35582232863839636,0.6570981465504246
CMP-1438,LOT_06,5.019706293294494,122.01448462116952,37.24883111684195,5.031716562256655,122.63794208566873,38.43442408215066,5.03657354665613,122.66291119480019,39.341885111702766,5.079295318869546,123.92960856734756,39.58048552936951,0,0.012010268962161064,0.6234574644992108,1.1855929653087145
CMP-1439,LOT_10,4.89539870637525,122.03580763036504,33.58192906386033,4.923205990106429,122.76536231048452,34.468029427028746,4.940096387792746,123.99253788018105,35.76803294594724,4.947969990602121,125.20993930758766,36.562094235793936,0,0.027807283731179133,0.7295546801194774,0.886100363168417
CMP-1440,LOT_03,4.953189340547037,116.65056226881022,34.56829656207747,4.8051097447654625,125.30908943762994,38.4386399919161,4.427809191711067,135.35729301915808,44.98236128846732,4.090843235125707,153.95563732257514,62.18103154925991,1,-0.14807959578157437,8.658527168819717,3.870343429838627
CMP-1441,LOT_02,5.00759881669237,122.93685552735971,35.12489258596327,5.011393744590424,123.23651511448516,36.07099301828645,5.032969551760148,124.1534428790175,36.88274812630369,5.055656243149137,124.12938039873414,37.445714603361765,0,0.0037949278980535794,0.29965958712544705,0.9461004323231776
CMP-1442,LOT_10,4.974688001882907,117.46268514510069,38.0142674467853,4.989080966146,117.94356217526783,39.87526832795808,4.979546955611427,118.4024193244991,41.675105224009016,5.006200156011507,120.1669690644701,42.50375219951131,0,0.014392964263093333,0.4808770301671359,1.8610008811727852
CMP-1443,LOT_03,5.000080123012402,119.02357667080885,34.82683952017938,5.000210797979266,119.51038409416289,35.824636495556895,5.035549322909054,120.18836680738113,37.80594527445033,4.977019916026387,119.90186224414792,37.5403602334246,0,0.0001306749668641416,0.48680742335403693,0.9977969753775184
CMP-1444,LOT_02,4.9945211399858325,117.0643463286975,34.63231334577655,4.9925451574082835,117.28562117506753,36.631727254603504,4.997271024408073,117.83756703390829,37.38524908101946,5.007515244916115,117.86529065892371,38.38321957126619,0,-0.0019759825775489404,0.22127484637003647,1.999413908826952
CMP-1445,LOT_03,5.047371781827704,117.56186620508983,36.48279862735491,5.062126161942977,117.93692200496713,37.57384717544819,5.080710469697726,118.451037889314,38.61396884252655,5.064867141604501,119.93333802709039,38.030419392265614,0,0.014754380115273413,0.37505579987730187,1.0910485480932834
CMP-1446,LOT_01,5.018338173150516,121.28588678690343,33.93744447252761,5.040030143433847,121.76429065056777,34.34433700299264,5.033607987609708,122.30170217121905,34.34607624126189,5.0960402631026955,123.28875129083909,37.80581245967343,0,0.021691970283330697,0.4784038636643402,0.40689253046502927
CMP-1447,LOT_05,4.956533526867491,114.64445463567162,34.39064881266055,4.894816169659289,120.98875332067722,40.07576732036492,4.516068974283652,129.4950756420974,54.52262591624784,4.557970531743541,167.1662613974299,67.54574788511069,1,-0.06171735720820237,6.344298685005597,5.685118507704367
CMP-1448,LOT_04,4.987030971932577,123.41416552385282,32.952456670415145,5.006343106844487,123.90051790208001,34.25572858842159,4.980535825162608,124.3223068941117,35.42412694643978,5.02507650247659,125.52816678848043,37.23317259413422,0,0.019312134911910306,0.48635237822719546,1.3032719180064447
CMP-1449,LOT_02,4.950366867138588,120.1080308823095,35.984192373961434,4.758602720575559,129.6818832534383,41.22615875473358,4.644035106825881,145.51860935077568,53.28081217462719,4.429854348038602,159.74748149240116,69.76873425878877,1,-0.19176414656302931,9.57385237112878,5.241966380772148
CMP-1450,LOT_05,5.0427820689194105,119.18679753551311,32.895479990657805,5.027708918807794,119.8674803949196,33.46552095760202,5.019051247238316,120.5593012440354,34.668416755756446,5.031966858835902,121.32380072472259,37.10943529449252,0,-0.015073150111616584,0.6806828594064882,0.5700409669442124
CMP-1451,LOT_08,5.015706456106627,119.11256358894215,34.916170920654864,5.030113872143255,119.36106119721117,35.531479966851634,5.018697619998516,119.9316171838986,36.373006928049406,5.0370596988338825,120.77131079990104,36.69579967410899,0,0.014407416036627652,0.24849760826901957,0.6153090461967707
CMP-1452,LOT_10,5.039026324245626,121.85763156025227,33.806410695936734,5.0513467502930585,122.20187011209647,34.70774092914808,5.063504311205332,122.86997997174126,35.66652043589463,5.076809997103863,122.66262094354298,37.01836224059408,0,0.012320426047432775,0.3442385518441995,0.9013302332113469
CMP-1453,LOT_02,4.964023991026456,121.83117123316721,33.02414770733476,4.792483083324253,129.2801330685789,37.13053411357981,4.491242110179471,138.97525360727465,49.79748890524252,3.994579850488211,150.50945233131165,55.80432563350132,1,-0.17154090770220254,7.44896183541168,4.106386406245051
CMP-1454,LOT_06,5.010624560846699,120.25165856766202,35.34811011748871,5.026669767152707,120.94728953762892,35.56633315308137,5.056322431114108,121.8210371258341,36.3331598476526,5.0442951933390425,120.39590913931688,36.5711402233201,0,0.01604520630600792,0.6956309699668992,0.21822303559266487
CMP-1455,LOT_05,5.03644184610584,119.84856986844342,37.888809050852664,5.056493601669511,120.26980458469444,39.97986437682937,5.050051093148912,120.3282525185332,40.56931168326741,5.0613207981091,121.087338777451,42.61833693395026,0,0.02005175556367167,0.42123471625102127,2.091055325976704
CMP-1456,LOT_04,4.99958516161901,120.1176296324178,31.53151176053782,4.99443255653983,120.54056737933192,32.110047359863955,5.0009557442326384,121.46180589321435,32.87282261116736,4.9879891921853705,121.14401748569958,35.47850808705776,0,-0.005152605079180361,0.42293774691411556,0.5785355993261341
CMP-1457,LOT_08,4.921875846465234,120.6136098702083,35.575545648726056,4.932131248549136,120.99960765908642,36.394230126791186,4.93253552494133,121.15608547157872,37.877224044525306,4.9697775244497295,121.85714293779476,38.6759727734854,0,0.010255402083902077,0.38599778887812874,0.8186844780651299
CMP-1458,LOT_04,5.117144177903803,121.74513736183141,36.252154428092155,5.127523988034497,122.15825257014937,37.94350955442296,5.147308069797989,122.40938998393305,38.97044283159288,5.164271709802914,122.11033709200294,39.20560012035523,0,0.010379810130693556,0.41311520831796145,1.691355126330805
CMP-1459,LOT_07,4.911693441705736,119.45907651921148,35.73731638864241,4.927071278774747,120.27555642974977,36.77844833258716,4.9314814859728395,120.38334855390319,37.386134524373645,4.961221864934681,121.65191753149332,38.990143537969956,0,0.015377837069011413,0.8164799105382912,1.0411319439447482
CMP-1460,LOT_02,5.06381917795373,120.15054368623991,37.05097825662535,5.066552709560736,120.63588547733181,37.81056164169514,5.088443286536822,120.83154014335437,38.44967890394339,5.049359179744283,121.93307352011674,40.807993862275524,0,0.002733531607006512,0.4853417910918978,0.7595833850697886
CMP-1461,LOT_09,5.041970019798997,121.39938765687302,35.92159343375912,5.0587591543752835,121.76825123089151,36.821496711999195,5.069812803285911,122.16753968928165,36.83834189398178,5.054058974637405,122.88323928840325,39.54611743897673,0,0.01678913457628628,0.3688635740184907,0.8999032782400747
CMP-1462,LOT_10,5.138241093092709,118.16047513968945,35.66741321309855,5.161153119199204,118.87361056392257,36.994946643985855,5.187206928806836,119.39022886821988,38.62638751639613,5.206816301326289,119.4474967635673,39.252200994093364,0,0.022912026106494565,0.7131354242331156,1.327533430887307
CMP-1463,LOT_06,5.011211572051587,122.69754568813403,34.83596374284826,5.002648897063934,123.72501919634803,35.90150801644188,4.997645767712907,124.5687478828653,37.71943665706403,5.018600133574794,124.67539799098455,38.09194500421114,0,-0.00856267498765284,1.0274735082140012,1.0655442735936234
CMP-1464,LOT_02,4.965466627520931,123.56385172873004,34.801690343150725,4.96709105774068,123.97344334945738,36.33810218681579,4.947452604463805,124.54983831866353,38.36921155933702,5.027712310286461,125.26004473986671,39.391256274850974,0,0.0016244302197483407,0.40959162072734046,1.5364118436650642
CMP-1465,LOT_08,5.046239690168215,123.57716603757471,33.104356635313806,5.062006198943031,124.14946112719242,34.155938877800914,5.072225698528012,124.71896211895155,35.113724976725656,5.1043785048002945,125.38771845880602,36.013637602059816,0,0.015766508774816224,0.572295089617711,1.0515822424871075
CMP-1466,LOT_02,4.976377874108648,120.52233220575806,33.94089389317651,4.995836644995794,121.10834323389263,35.512657603205014,4.9962543566812885,121.35902293449816,36.880686216338844,5.018435724129145,122.00708466944168,38.071585999726935,0,0.019458770887146315,0.5860110281345641,1.571763710028506
CMP-1467,LOT_04,5.069232256154304,119.17918611316925,37.55002707161286,5.065896770018668,119.74266588966532,38.457216471143624,5.046268249872155,120.44012828308081,38.295247957771124,5.080063432799327,121.29480362852341,40.033187689307596,0,-0.0033354861356365006,0.5634797764960666,0.9071893995307647
CMP-1468,LOT_09,5.040017823528101,119.5009638989412,34.39241045796527,5.062767748299794,119.76750815191028,35.16260683023006,5.08576445346584,119.89792394525742,36.85028041009816,5.0784307985984585,121.20477184261647,37.860554972648096,0,0.02274992477169313,0.2665442529690836,0.7701963722647918
CMP-1469,LOT_09,4.99785177190229,121.42536849498075,33.520362734058715,4.995819186014979,122.22220903933147,34.152935198842265,5.011130444245405,122.66154777666175,34.87400239323056,5.044426980442732,123.17962444545272,35.867474296267964,0,-0.0020325858873109226,0.7968405443507294,0.63257246478355
CMP-1470,LOT_01,4.974827079046125,118.65981861474991,34.25082970562618,5.001459180175011,119.30211638016199,35.07823143119634,5.026184014694293,119.32595823974577,36.56607060705418,5.047362295571549,121.42028338717381,37.88747258245927,0,0.02663210112888592,0.6422977654120814,0.8274017255701622
CMP-1471,LOT_01,4.9687095284313205,119.2091670165957,34.90363277231984,4.992398343740325,119.53799134603925,35.42260192353501,5.00594641491343,120.253250495162,35.87106163556498,5.025806702795763,121.22219101706445,38.38297127832183,0,0.02368881530900424,0.3288243294435489,0.518969151215174
CMP-1472,LOT_06,4.995470112555551,123.47124727129483,35.023105991737175,5.014873658751703,124.36290356713194,36.44074003155214,5.009917290258097,124.49119673273945,37.09192532152059,5.049063641220867,125.58529650055394,40.20640568392308,0,0.019403546196151922,0.8916562958371088,1.4176340398149634
CMP-1473,LOT_09,4.943332894844506,122.36087475579468,34.99090815618762,4.938271497162178,122.86532687637774,35.49303910062412,4.941886934506931,123.36718446931053,35.84045007645662,4.948519013783051,123.49326695932108,36.91920774356793,0,-0.005061397682327495,0.5044521205830534,0.5021309444364945
CMP-1474,LOT_01,4.975861771769844,118.21060311645209,35.879876173963765,4.835901774446358,128.60003356643367,44.70993125962017,4.496603887780987,146.12689401303342,54.2979026170787,4.1246276795711525,167.49949368676442,65.39018473914304,1,-0.1399599973234853,10.389430449981575,8.830055085656404
CMP-1475,LOT_05,4.998435259507083,122.89903794858128,36.37270385537798,4.817137678393284,133.3924200423788,38.53159092062261,4.430731686588613,149.9567382302344,49.87448161969429,4.412374296383409,160.7257385985025,67.2041169616163,1,-0.18129758111379868,10.493382093797521,2.1588870652446346
CMP-1476,LOT_01,4.983635604430972,119.56167539500069,31.926211975074043,4.99408932052058,119.84650509726778,33.25075452662077,5.000398124483182,120.9348335629237,33.92266519820053,5.0226971458474035,120.73996934403803,33.95213997585244,0,0.010453716089607212,0.28482970226708915,1.324542551546724
CMP-1477,LOT_06,5.0300994902832485,119.41346452434426,32.814865824626054,5.046544076160582,119.99736184143696,34.236571251552355,5.0524323932320625,119.9920494035941,35.3034513430907,5.066361220859112,121.69320372813701,36.25955767750949,0,0.016444585877333218,0.583897317092692,1.4217054269263016
CMP-1478,LOT_08,5.020862723593299,118.80613786239773,34.032296418314644,5.02988377092992,119.12205660074373,34.917748685581664,5.06897719129165,119.93484671876165,35.87176765628149,5.080917316149018,119.70960855174042,38.91010058148566,0,0.009021047336620569,0.3159187383459994,0.88545226726702
CMP-1479,LOT_02,5.099970152388982,116.49354038640558,37.200638214712725,5.107131060984456,116.87994669494196,38.462957274795215,5.1020123311131345,117.53054582131685,38.79256003364643,5.130672646569692,118.54762798448704,40.772171623141176,0,0.007160908595473359,0.3864063085363796,1.2623190600824898
CMP-1480,LOT_01,5.027070555541896,117.1870395159902,33.74170882370595,5.032767854936826,117.84440956521382,34.94460820061666,5.0507953517543465,118.3361948005407,35.35055837761538,5.082530193668212,118.49551283797999,37.27983936038132,0,0.0056972993949298,0.6573700492236298,1.2028993769107146
CMP-1481,LOT_07,4.969725650739154,122.1053543217741,37.067416873753906,4.989638881564117,122.63687938696883,37.849854250702066,5.04197055832201,122.83939202354024,39.09046902656213,5.01629457932565,123.60561066587947,39.997984602489275,0,0.019913230824963435,0.5315250651947281,0.7824373769481596
CMP-1482,LOT_09,5.021352777162263,120.63364897192014,39.01647983438776,5.0420609993131,121.23682552634541,40.30425930104257,5.0796540641455366,121.44569755692334,41.01289292916169,5.023918222759526,122.51621244742637,42.98279830147801,0,0.02070822215083723,0.603176554425275,1.2877794666548112
CMP-1483,LOT_07,4.96405600036876,119.31506378196687,35.17934887343005,4.989997963996359,119.64342421835069,36.324972436112894,5.011620530318245,120.31396526745453,37.42767295264625,5.025227968439838,120.36606285604813,39.675196265577156,0,0.025941963627598597,0.32836043638381796,1.145623562682843
CMP-1484,LOT_06,4.987807589850879,122.69525100262751,34.054149699684544,5.00101037175787,123.05068407782846,36.31376760740705,5.045640189508772,123.5176117833975,37.37369619415732,5.021114367858817,123.87638433362426,38.409472806691745,0,0.013202781906990424,0.35543307520094913,2.2596179077225074
CMP-1485,LOT_01,5.01315116607828,119.9154142549747,35.46830068495031,5.0223759883006345,120.343346382279,36.905755715088155,5.040373004356261,121.2621605722597,37.95312059732432,5.038423857264331,121.65173064537122,37.32126518769698,0,0.009224822222354767,0.4279321273042882,1.4374550301378477
CMP-1486,LOT_06,5.013719007188878,124.36891178825151,33.695982410479054,5.012542553362738,124.94207844678438,34.87724978186238,5.027616224979292,125.49782630775952,35.36319120139919,5.002835437481167,126.08365372510973,35.85117618162368,0,-0.001176453826140289,0.5731666585328696,1.1812673713833277
CMP-1487,LOT_06,5.021532949266419,123.97551847451258,36.46888895488069,5.04586512513771,124.6062508120212,37.652315814352555,5.093451979860552,124.70939412785349,38.245700656155435,5.059161529746062,126.05302932270037,38.869294408203686,0,0.024332175871291106,0.6307323375086185,1.183426859471865
CMP-1488,LOT_08,5.02898249158847,121.6266948698936,36.19283457026765,5.054365687954796,122.11685297730612,37.45791352501343,5.053317448671352,122.32741447422585,39.14032791731523,5.0581233122076545,123.43750901578257,39.88274776461942,0,0.025383196366325578,0.4901581074125261,1.265078954745782
CMP-1489,LOT_04,5.044560349627309,119.88393598716961,34.1001363223064,5.052052174509705,120.59129014457781,35.465756580968936,5.060133322639623,120.74955790535702,35.731484282513115,5.087112777708199,120.95241893175061,37.37123299037349,0,0.007491824882396081,0.7073541574082043,1.3656202586625383
CMP-1490,LOT_06,5.022978041918504,121.48449840799,33.408447092200504,5.02070502535678,122.14366281539762,34.267271097753074,5.048309347580235,122.68660278668497,36.84545249052814,5.031258629050513,123.33822857999233,35.631954567683096,0,-0.0022730165617241838,0.6591644074076157,0.8588240055525702
CMP-1491,LOT_06,4.956940507329284,119.56543021177315,37.20775216025079,4.980457598383008,119.80255108392002,38.02476733838469,5.019278549727463,120.2823977437116,38.96647859565932,5.02299623671621,120.18647023077081,39.353009340441176,0,0.02351709105372457,0.23712087214687472,0.8170151781339001
CMP-1492,LOT_10,5.065231180992763,122.2395306965046,36.22964955078065,5.074839581506055,122.98544464404054,37.203326935361495,5.095009101691641,123.78905633665892,38.90173696911682,5.095713089814418,123.85413953356733,40.31938722559219,0,0.009608400513291926,0.7459139475359393,0.9736773845808457
CMP-1493,LOT_09,4.949748313406786,122.63806893233223,32.68740893960694,4.94382029912137,123.10440990937049,33.73862879747152,4.937921016627212,123.67096921088364,34.67186384178976,4.954212541240285,125.12114199895441,36.082437765477366,0,-0.005928014285416339,0.46634097703825717,1.0512198578645808
CMP-1494,LOT_05,4.927189350566534,117.07031637509891,35.69009391597339,4.955737927460737,117.36832921930444,36.76178223922403,4.947211483790292,117.65274243954005,37.65833789862814,4.965885703193481,117.7155672677196,37.69944808673237,0,0.028548576894202427,0.2980128442055303,1.0716883232506405
CMP-1495,LOT_05,5.029879051271557,121.18510687309477,33.63623630320214,5.049938564177299,121.82646260659693,34.63988350652464,5.05758613302841,122.13172796588614,35.535964423489006,5.102283520283659,123.3953909144052,36.43491516762138,0,0.020059512905741705,0.6413557335021665,1.003647203322501
CMP-1496,LOT_05,4.944928497523912,121.4601343548104,33.75371428600196,4.961831053136689,122.55394879290529,34.46870806983839,5.015673102775259,123.20113943924018,34.89389525320742,4.9659219298020005,124.73642659682949,36.863099017600874,0,0.016902555612777093,1.0938144380948813,0.7149937838364337
CMP-1497,LOT_08,5.021538788885447,119.98255864957393,35.51884871941125,5.04927489785199,120.2569645166614,36.841163883293206,5.058181433781757,120.60725091284378,38.17725096718818,5.040046385158296,120.07374783758726,39.02079029510293,0,0.02773610896654244,0.2744058670874665,1.322315163881953
CMP-1498,LOT_06,4.932357637476002,116.57889500762994,37.895950066503204,4.946987785955599,117.0828241522443,39.99357252098292,4.972318723351583,118.11360718340636,40.20359555692466,4.942639934153106,118.3913617698023,42.325171895459555,0,0.014630148479596983,0.5039291446143608,2.097622454479719
CMP-1499,LOT_10,5.035179870798582,121.97853726684059,36.40425810021708,5.041112926986507,122.5822603011598,37.0164295542344,5.0467187357588,122.76937939937042,37.437096689565024,5.056293680418925,123.33679192734087,38.409396399789884,0,0.0059330561879251675,0.6037230343192164,0.6121714540173215
CMP-1500,LOT_01,5.09805478942295,118.99887411355148,35.494948360296846,5.090465069860507,119.77040394013336,36.57852868554027,5.09380695171663,120.13986161893418,37.8132336144233,5.051403161285611,120.35830727077882,38.48326161545932,0,-0.0075897195624436975,0.7715298265818831,1.0835803252434246
